model_id,model,test_subject,session_id,edf_path,true_label,predicted_label,window_start_s,window_end_s
pooled,Existing pooled frozen model,lyc,20260907_lyc_focus_01,data/locked/2026-09-07/lyc_focus1_20260907.edf,focus,focus,30.0,34.0
pooled,Existing pooled frozen model,lyc,20260907_lyc_focus_01,data/locked/2026-09-07/lyc_focus1_20260907.edf,focus,focus,32.0,36.0
pooled,Existing pooled frozen model,lyc,20260907_lyc_focus_01,data/locked/2026-09-07/lyc_focus1_20260907.edf,focus,focus,34.0,38.0
pooled,Existing pooled frozen model,lyc,20260907_lyc_focus_01,data/locked/2026-09-07/lyc_focus1_20260907.edf,focus,unfocus,36.0,40.0
pooled,Existing pooled frozen model,lyc,20260907_lyc_focus_01,data/locked/2026-09-07/lyc_focus1_20260907.edf,focus,unfocus,38.0,42.0
pooled,Existing pooled frozen model,lyc,20260907_lyc_focus_01,data/locked/2026-09-07/lyc_focus1_20260907.edf,focus,focus,40.0,44.0
pooled,Existing pooled frozen model,lyc,20260907_lyc_focus_01,data/locked/2026-09-07/lyc_focus1_20260907.edf,focus,unfocus,42.0,46.0
pooled,Existing pooled frozen model,lyc,20260907_lyc_focus_01,data/locked/2026-09-07/lyc_focus1_20260907.edf,focus,unfocus,44.0,48.0
pooled,Existing pooled frozen model,lyc,20260907_lyc_focus_01,data/locked/2026-09-07/lyc_focus1_20260907.edf,focus,unfocus,46.0,50.0
pooled,Existing pooled frozen model,lyc,20260907_lyc_focus_01,data/locked/2026-09-07/lyc_focus1_20260907.edf,focus,unfocus,48.0,52.0
pooled,Existing pooled frozen model,lyc,20260907_lyc_focus_01,data/locked/2026-09-07/lyc_focus1_20260907.edf,focus,unfocus,50.0,54.0
pooled,Existing pooled frozen model,lyc,20260907_lyc_focus_01,data/locked/2026-09-07/lyc_focus1_20260907.edf,focus,unfocus,52.0,56.0
pooled,Existing pooled frozen model,lyc,20260907_lyc_focus_01,data/locked/2026-09-07/lyc_focus1_20260907.edf,focus,focus,54.0,58.0
pooled,Existing pooled frozen model,lyc,20260907_lyc_focus_01,data/locked/2026-09-07/lyc_focus1_20260907.edf,focus,unfocus,56.0,60.0
pooled,Existing pooled frozen model,lyc,20260907_lyc_focus_01,data/locked/2026-09-07/lyc_focus1_20260907.edf,focus,unfocus,58.0,62.0
pooled,Existing pooled frozen model,lyc,20260907_lyc_focus_01,data/locked/2026-09-07/lyc_focus1_20260907.edf,focus,unfocus,60.0,64.0
pooled,Existing pooled frozen model,lyc,20260907_lyc_focus_01,data/locked/2026-09-07/lyc_focus1_20260907.edf,focus,unfocus,62.0,66.0
pooled,Existing pooled frozen model,lyc,20260907_lyc_focus_01,data/locked/2026-09-07/lyc_focus1_20260907.edf,focus,unfocus,64.0,68.0
pooled,Existing pooled frozen model,lyc,20260907_lyc_focus_01,data/locked/2026-09-07/lyc_focus1_20260907.edf,focus,unfocus,66.0,70.0
pooled,Existing pooled frozen model,lyc,20260907_lyc_focus_01,data/locked/2026-09-07/lyc_focus1_20260907.edf,focus,unfocus,68.0,72.0
pooled,Existing pooled frozen model,lyc,20260907_lyc_focus_01,data/locked/2026-09-07/lyc_focus1_20260907.edf,focus,unfocus,70.0,74.0
pooled,Existing pooled frozen model,lyc,20260907_lyc_focus_01,data/locked/2026-09-07/lyc_focus1_20260907.edf,focus,unfocus,72.0,76.0
pooled,Existing pooled frozen model,lyc,20260907_lyc_focus_01,data/locked/2026-09-07/lyc_focus1_20260907.edf,focus,unfocus,74.0,78.0
pooled,Existing pooled frozen model,lyc,20260907_lyc_focus_01,data/locked/2026-09-07/lyc_focus1_20260907.edf,focus,unfocus,76.0,80.0
pooled,Existing pooled frozen model,lyc,20260907_lyc_focus_01,data/locked/2026-09-07/lyc_focus1_20260907.edf,focus,unfocus,78.0,82.0
pooled,Existing pooled frozen model,lyc,20260907_lyc_focus_01,data/locked/2026-09-07/lyc_focus1_20260907.edf,focus,unfocus,80.0,84.0
pooled,Existing pooled frozen model,lyc,20260907_lyc_focus_01,data/locked/2026-09-07/lyc_focus1_20260907.edf,focus,unfocus,82.0,86.0
pooled,Existing pooled frozen model,lyc,20260907_lyc_focus_01,data/locked/2026-09-07/lyc_focus1_20260907.edf,focus,unfocus,84.0,88.0
pooled,Existing pooled frozen model,lyc,20260907_lyc_focus_01,data/locked/2026-09-07/lyc_focus1_20260907.edf,focus,unfocus,86.0,90.0
pooled,Existing pooled frozen model,lyc,20260907_lyc_focus_01,data/locked/2026-09-07/lyc_focus1_20260907.edf,focus,unfocus,88.0,92.0
pooled,Existing pooled frozen model,lyc,20260907_lyc_focus_01,data/locked/2026-09-07/lyc_focus1_20260907.edf,focus,unfocus,90.0,94.0
pooled,Existing pooled frozen model,lyc,20260907_lyc_focus_01,data/locked/2026-09-07/lyc_focus1_20260907.edf,focus,unfocus,92.0,96.0
pooled,Existing pooled frozen model,lyc,20260907_lyc_focus_01,data/locked/2026-09-07/lyc_focus1_20260907.edf,focus,unfocus,94.0,98.0
pooled,Existing pooled frozen model,lyc,20260907_lyc_focus_01,data/locked/2026-09-07/lyc_focus1_20260907.edf,focus,unfocus,96.0,100.0
pooled,Existing pooled frozen model,lyc,20260907_lyc_focus_01,data/locked/2026-09-07/lyc_focus1_20260907.edf,focus,unfocus,98.0,102.0
pooled,Existing pooled frozen model,lyc,20260907_lyc_focus_01,data/locked/2026-09-07/lyc_focus1_20260907.edf,focus,focus,100.0,104.0
pooled,Existing pooled frozen model,lyc,20260907_lyc_focus_01,data/locked/2026-09-07/lyc_focus1_20260907.edf,focus,unfocus,102.0,106.0
pooled,Existing pooled frozen model,lyc,20260907_lyc_focus_01,data/locked/2026-09-07/lyc_focus1_20260907.edf,focus,focus,104.0,108.0
pooled,Existing pooled frozen model,lyc,20260907_lyc_focus_01,data/locked/2026-09-07/lyc_focus1_20260907.edf,focus,unfocus,106.0,110.0
pooled,Existing pooled frozen model,lyc,20260907_lyc_focus_01,data/locked/2026-09-07/lyc_focus1_20260907.edf,focus,unfocus,108.0,112.0
pooled,Existing pooled frozen model,lyc,20260907_lyc_focus_01,data/locked/2026-09-07/lyc_focus1_20260907.edf,focus,unfocus,110.0,114.0
pooled,Existing pooled frozen model,lyc,20260907_lyc_focus_01,data/locked/2026-09-07/lyc_focus1_20260907.edf,focus,unfocus,112.0,116.0
pooled,Existing pooled frozen model,lyc,20260907_lyc_focus_01,data/locked/2026-09-07/lyc_focus1_20260907.edf,focus,unfocus,114.0,118.0
pooled,Existing pooled frozen model,lyc,20260907_lyc_focus_01,data/locked/2026-09-07/lyc_focus1_20260907.edf,focus,unfocus,116.0,120.0
pooled,Existing pooled frozen model,lyc,20260907_lyc_focus_01,data/locked/2026-09-07/lyc_focus1_20260907.edf,focus,unfocus,118.0,122.0
pooled,Existing pooled frozen model,lyc,20260907_lyc_focus_01,data/locked/2026-09-07/lyc_focus1_20260907.edf,focus,focus,120.0,124.0
pooled,Existing pooled frozen model,lyc,20260907_lyc_focus_01,data/locked/2026-09-07/lyc_focus1_20260907.edf,focus,focus,122.0,126.0
pooled,Existing pooled frozen model,lyc,20260907_lyc_focus_01,data/locked/2026-09-07/lyc_focus1_20260907.edf,focus,unfocus,124.0,128.0
pooled,Existing pooled frozen model,lyc,20260907_lyc_focus_01,data/locked/2026-09-07/lyc_focus1_20260907.edf,focus,unfocus,126.0,130.0
pooled,Existing pooled frozen model,lyc,20260907_lyc_focus_01,data/locked/2026-09-07/lyc_focus1_20260907.edf,focus,focus,128.0,132.0
pooled,Existing pooled frozen model,lyc,20260907_lyc_focus_01,data/locked/2026-09-07/lyc_focus1_20260907.edf,focus,unfocus,130.0,134.0
pooled,Existing pooled frozen model,lyc,20260907_lyc_focus_01,data/locked/2026-09-07/lyc_focus1_20260907.edf,focus,unfocus,132.0,136.0
pooled,Existing pooled frozen model,lyc,20260907_lyc_focus_01,data/locked/2026-09-07/lyc_focus1_20260907.edf,focus,unfocus,134.0,138.0
pooled,Existing pooled frozen model,lyc,20260907_lyc_focus_01,data/locked/2026-09-07/lyc_focus1_20260907.edf,focus,unfocus,136.0,140.0
pooled,Existing pooled frozen model,lyc,20260907_lyc_focus_01,data/locked/2026-09-07/lyc_focus1_20260907.edf,focus,unfocus,138.0,142.0
pooled,Existing pooled frozen model,lyc,20260907_lyc_focus_01,data/locked/2026-09-07/lyc_focus1_20260907.edf,focus,focus,140.0,144.0
pooled,Existing pooled frozen model,lyc,20260907_lyc_focus_01,data/locked/2026-09-07/lyc_focus1_20260907.edf,focus,focus,142.0,146.0
pooled,Existing pooled frozen model,lyc,20260907_lyc_focus_01,data/locked/2026-09-07/lyc_focus1_20260907.edf,focus,unfocus,144.0,148.0
pooled,Existing pooled frozen model,lyc,20260907_lyc_focus_01,data/locked/2026-09-07/lyc_focus1_20260907.edf,focus,unfocus,146.0,150.0
pooled,Existing pooled frozen model,lyc,20260907_lyc_focus_01,data/locked/2026-09-07/lyc_focus1_20260907.edf,focus,unfocus,148.0,152.0
pooled,Existing pooled frozen model,lyc,20260907_lyc_focus_01,data/locked/2026-09-07/lyc_focus1_20260907.edf,focus,unfocus,150.0,154.0
pooled,Existing pooled frozen model,lyc,20260907_lyc_focus_01,data/locked/2026-09-07/lyc_focus1_20260907.edf,focus,focus,152.0,156.0
pooled,Existing pooled frozen model,lyc,20260907_lyc_focus_01,data/locked/2026-09-07/lyc_focus1_20260907.edf,focus,focus,154.0,158.0
pooled,Existing pooled frozen model,lyc,20260907_lyc_focus_01,data/locked/2026-09-07/lyc_focus1_20260907.edf,focus,unfocus,156.0,160.0
pooled,Existing pooled frozen model,lyc,20260907_lyc_focus_01,data/locked/2026-09-07/lyc_focus1_20260907.edf,focus,unfocus,158.0,162.0
pooled,Existing pooled frozen model,lyc,20260907_lyc_focus_01,data/locked/2026-09-07/lyc_focus1_20260907.edf,focus,unfocus,160.0,164.0
pooled,Existing pooled frozen model,lyc,20260907_lyc_focus_01,data/locked/2026-09-07/lyc_focus1_20260907.edf,focus,unfocus,162.0,166.0
pooled,Existing pooled frozen model,lyc,20260907_lyc_focus_01,data/locked/2026-09-07/lyc_focus1_20260907.edf,focus,focus,164.0,168.0
pooled,Existing pooled frozen model,lyc,20260907_lyc_focus_01,data/locked/2026-09-07/lyc_focus1_20260907.edf,focus,unfocus,166.0,170.0
pooled,Existing pooled frozen model,lyc,20260907_lyc_focus_01,data/locked/2026-09-07/lyc_focus1_20260907.edf,focus,focus,168.0,172.0
pooled,Existing pooled frozen model,lyc,20260907_lyc_focus_01,data/locked/2026-09-07/lyc_focus1_20260907.edf,focus,unfocus,170.0,174.0
pooled,Existing pooled frozen model,lyc,20260907_lyc_focus_01,data/locked/2026-09-07/lyc_focus1_20260907.edf,focus,unfocus,172.0,176.0
pooled,Existing pooled frozen model,lyc,20260907_lyc_focus_01,data/locked/2026-09-07/lyc_focus1_20260907.edf,focus,unfocus,174.0,178.0
pooled,Existing pooled frozen model,lyc,20260907_lyc_focus_01,data/locked/2026-09-07/lyc_focus1_20260907.edf,focus,unfocus,176.0,180.0
pooled,Existing pooled frozen model,lyc,20260907_lyc_focus_01,data/locked/2026-09-07/lyc_focus1_20260907.edf,focus,unfocus,178.0,182.0
pooled,Existing pooled frozen model,lyc,20260907_lyc_focus_01,data/locked/2026-09-07/lyc_focus1_20260907.edf,focus,unfocus,180.0,184.0
pooled,Existing pooled frozen model,lyc,20260907_lyc_focus_01,data/locked/2026-09-07/lyc_focus1_20260907.edf,focus,focus,182.0,186.0
pooled,Existing pooled frozen model,lyc,20260907_lyc_focus_01,data/locked/2026-09-07/lyc_focus1_20260907.edf,focus,unfocus,184.0,188.0
pooled,Existing pooled frozen model,lyc,20260907_lyc_focus_01,data/locked/2026-09-07/lyc_focus1_20260907.edf,focus,unfocus,186.0,190.0
pooled,Existing pooled frozen model,lyc,20260907_lyc_focus_01,data/locked/2026-09-07/lyc_focus1_20260907.edf,focus,unfocus,188.0,192.0
pooled,Existing pooled frozen model,lyc,20260907_lyc_focus_01,data/locked/2026-09-07/lyc_focus1_20260907.edf,focus,unfocus,190.0,194.0
pooled,Existing pooled frozen model,lyc,20260907_lyc_focus_01,data/locked/2026-09-07/lyc_focus1_20260907.edf,focus,unfocus,192.0,196.0
pooled,Existing pooled frozen model,lyc,20260907_lyc_focus_01,data/locked/2026-09-07/lyc_focus1_20260907.edf,focus,unfocus,194.0,198.0
pooled,Existing pooled frozen model,lyc,20260907_lyc_focus_01,data/locked/2026-09-07/lyc_focus1_20260907.edf,focus,unfocus,196.0,200.0
pooled,Existing pooled frozen model,lyc,20260907_lyc_focus_01,data/locked/2026-09-07/lyc_focus1_20260907.edf,focus,unfocus,198.0,202.0
pooled,Existing pooled frozen model,lyc,20260907_lyc_focus_01,data/locked/2026-09-07/lyc_focus1_20260907.edf,focus,focus,200.0,204.0
pooled,Existing pooled frozen model,lyc,20260907_lyc_focus_01,data/locked/2026-09-07/lyc_focus1_20260907.edf,focus,unfocus,202.0,206.0
pooled,Existing pooled frozen model,lyc,20260907_lyc_focus_01,data/locked/2026-09-07/lyc_focus1_20260907.edf,focus,unfocus,204.0,208.0
pooled,Existing pooled frozen model,lyc,20260907_lyc_focus_01,data/locked/2026-09-07/lyc_focus1_20260907.edf,focus,unfocus,206.0,210.0
pooled,Existing pooled frozen model,lyc,20260907_lyc_focus_01,data/locked/2026-09-07/lyc_focus1_20260907.edf,focus,unfocus,208.0,212.0
pooled,Existing pooled frozen model,lyc,20260907_lyc_focus_01,data/locked/2026-09-07/lyc_focus1_20260907.edf,focus,focus,210.0,214.0
pooled,Existing pooled frozen model,lyc,20260907_lyc_focus_01,data/locked/2026-09-07/lyc_focus1_20260907.edf,focus,unfocus,212.0,216.0
pooled,Existing pooled frozen model,lyc,20260907_lyc_focus_01,data/locked/2026-09-07/lyc_focus1_20260907.edf,focus,unfocus,214.0,218.0
pooled,Existing pooled frozen model,lyc,20260907_lyc_focus_01,data/locked/2026-09-07/lyc_focus1_20260907.edf,focus,unfocus,216.0,220.0
pooled,Existing pooled frozen model,lyc,20260907_lyc_focus_01,data/locked/2026-09-07/lyc_focus1_20260907.edf,focus,unfocus,218.0,222.0
pooled,Existing pooled frozen model,lyc,20260907_lyc_focus_01,data/locked/2026-09-07/lyc_focus1_20260907.edf,focus,focus,220.0,224.0
pooled,Existing pooled frozen model,lyc,20260907_lyc_focus_01,data/locked/2026-09-07/lyc_focus1_20260907.edf,focus,focus,222.0,226.0
pooled,Existing pooled frozen model,lyc,20260907_lyc_focus_01,data/locked/2026-09-07/lyc_focus1_20260907.edf,focus,focus,224.0,228.0
pooled,Existing pooled frozen model,lyc,20260907_lyc_focus_01,data/locked/2026-09-07/lyc_focus1_20260907.edf,focus,unfocus,226.0,230.0
pooled,Existing pooled frozen model,lyc,20260907_lyc_focus_01,data/locked/2026-09-07/lyc_focus1_20260907.edf,focus,unfocus,228.0,232.0
pooled,Existing pooled frozen model,lyc,20260907_lyc_focus_01,data/locked/2026-09-07/lyc_focus1_20260907.edf,focus,unfocus,230.0,234.0
pooled,Existing pooled frozen model,lyc,20260907_lyc_focus_01,data/locked/2026-09-07/lyc_focus1_20260907.edf,focus,unfocus,232.0,236.0
pooled,Existing pooled frozen model,lyc,20260907_lyc_focus_01,data/locked/2026-09-07/lyc_focus1_20260907.edf,focus,unfocus,234.0,238.0
pooled,Existing pooled frozen model,lyc,20260907_lyc_focus_01,data/locked/2026-09-07/lyc_focus1_20260907.edf,focus,unfocus,236.0,240.0
pooled,Existing pooled frozen model,lyc,20260907_lyc_focus_01,data/locked/2026-09-07/lyc_focus1_20260907.edf,focus,focus,238.0,242.0
pooled,Existing pooled frozen model,lyc,20260907_lyc_focus_01,data/locked/2026-09-07/lyc_focus1_20260907.edf,focus,focus,240.0,244.0
pooled,Existing pooled frozen model,lyc,20260907_lyc_focus_01,data/locked/2026-09-07/lyc_focus1_20260907.edf,focus,focus,242.0,246.0
pooled,Existing pooled frozen model,lyc,20260907_lyc_focus_01,data/locked/2026-09-07/lyc_focus1_20260907.edf,focus,focus,244.0,248.0
pooled,Existing pooled frozen model,lyc,20260907_lyc_focus_01,data/locked/2026-09-07/lyc_focus1_20260907.edf,focus,unfocus,246.0,250.0
pooled,Existing pooled frozen model,lyc,20260907_lyc_focus_01,data/locked/2026-09-07/lyc_focus1_20260907.edf,focus,focus,248.0,252.0
pooled,Existing pooled frozen model,lyc,20260907_lyc_focus_01,data/locked/2026-09-07/lyc_focus1_20260907.edf,focus,focus,250.0,254.0
pooled,Existing pooled frozen model,lyc,20260907_lyc_focus_01,data/locked/2026-09-07/lyc_focus1_20260907.edf,focus,focus,252.0,256.0
pooled,Existing pooled frozen model,lyc,20260907_lyc_focus_01,data/locked/2026-09-07/lyc_focus1_20260907.edf,focus,unfocus,254.0,258.0
pooled,Existing pooled frozen model,lyc,20260907_lyc_focus_01,data/locked/2026-09-07/lyc_focus1_20260907.edf,focus,unfocus,256.0,260.0
pooled,Existing pooled frozen model,lyc,20260907_lyc_focus_01,data/locked/2026-09-07/lyc_focus1_20260907.edf,focus,unfocus,258.0,262.0
pooled,Existing pooled frozen model,lyc,20260907_lyc_focus_01,data/locked/2026-09-07/lyc_focus1_20260907.edf,focus,unfocus,260.0,264.0
pooled,Existing pooled frozen model,lyc,20260907_lyc_focus_01,data/locked/2026-09-07/lyc_focus1_20260907.edf,focus,focus,262.0,266.0
pooled,Existing pooled frozen model,lyc,20260907_lyc_focus_01,data/locked/2026-09-07/lyc_focus1_20260907.edf,focus,focus,264.0,268.0
pooled,Existing pooled frozen model,lyc,20260907_lyc_focus_01,data/locked/2026-09-07/lyc_focus1_20260907.edf,focus,focus,266.0,270.0
pooled,Existing pooled frozen model,lyc,20260907_lyc_focus_01,data/locked/2026-09-07/lyc_focus1_20260907.edf,focus,focus,268.0,272.0
pooled,Existing pooled frozen model,lyc,20260907_lyc_focus_01,data/locked/2026-09-07/lyc_focus1_20260907.edf,focus,focus,270.0,274.0
pooled,Existing pooled frozen model,lyc,20260907_lyc_focus_01,data/locked/2026-09-07/lyc_focus1_20260907.edf,focus,unfocus,272.0,276.0
pooled,Existing pooled frozen model,lyc,20260907_lyc_focus_01,data/locked/2026-09-07/lyc_focus1_20260907.edf,focus,unfocus,274.0,278.0
pooled,Existing pooled frozen model,lyc,20260907_lyc_focus_01,data/locked/2026-09-07/lyc_focus1_20260907.edf,focus,focus,276.0,280.0
pooled,Existing pooled frozen model,lyc,20260907_lyc_focus_01,data/locked/2026-09-07/lyc_focus1_20260907.edf,focus,focus,278.0,282.0
pooled,Existing pooled frozen model,lyc,20260907_lyc_focus_01,data/locked/2026-09-07/lyc_focus1_20260907.edf,focus,unfocus,280.0,284.0
pooled,Existing pooled frozen model,lyc,20260907_lyc_focus_01,data/locked/2026-09-07/lyc_focus1_20260907.edf,focus,focus,282.0,286.0
pooled,Existing pooled frozen model,lyc,20260907_lyc_focus_01,data/locked/2026-09-07/lyc_focus1_20260907.edf,focus,focus,284.0,288.0
pooled,Existing pooled frozen model,lyc,20260907_lyc_focus_01,data/locked/2026-09-07/lyc_focus1_20260907.edf,focus,focus,286.0,290.0
pooled,Existing pooled frozen model,lyc,20260907_lyc_focus_01,data/locked/2026-09-07/lyc_focus1_20260907.edf,focus,unfocus,288.0,292.0
pooled,Existing pooled frozen model,lyc,20260907_lyc_focus_01,data/locked/2026-09-07/lyc_focus1_20260907.edf,focus,unfocus,290.0,294.0
pooled,Existing pooled frozen model,lyc,20260907_lyc_focus_01,data/locked/2026-09-07/lyc_focus1_20260907.edf,focus,unfocus,292.0,296.0
pooled,Existing pooled frozen model,lyc,20260907_lyc_focus_01,data/locked/2026-09-07/lyc_focus1_20260907.edf,focus,focus,294.0,298.0
pooled,Existing pooled frozen model,lyc,20260907_lyc_focus_01,data/locked/2026-09-07/lyc_focus1_20260907.edf,focus,focus,296.0,300.0
pooled,Existing pooled frozen model,lyc,20260907_lyc_focus_01,data/locked/2026-09-07/lyc_focus1_20260907.edf,focus,focus,298.0,302.0
pooled,Existing pooled frozen model,lyc,20260907_lyc_focus_01,data/locked/2026-09-07/lyc_focus1_20260907.edf,focus,focus,300.0,304.0
pooled,Existing pooled frozen model,lyc,20260907_lyc_focus_01,data/locked/2026-09-07/lyc_focus1_20260907.edf,focus,focus,302.0,306.0
pooled,Existing pooled frozen model,lyc,20260907_lyc_focus_01,data/locked/2026-09-07/lyc_focus1_20260907.edf,focus,unfocus,304.0,308.0
pooled,Existing pooled frozen model,lyc,20260907_lyc_focus_01,data/locked/2026-09-07/lyc_focus1_20260907.edf,focus,unfocus,306.0,310.0
pooled,Existing pooled frozen model,lyc,20260907_lyc_focus_01,data/locked/2026-09-07/lyc_focus1_20260907.edf,focus,unfocus,308.0,312.0
pooled,Existing pooled frozen model,lyc,20260907_lyc_focus_01,data/locked/2026-09-07/lyc_focus1_20260907.edf,focus,focus,310.0,314.0
pooled,Existing pooled frozen model,lyc,20260907_lyc_focus_01,data/locked/2026-09-07/lyc_focus1_20260907.edf,focus,focus,312.0,316.0
pooled,Existing pooled frozen model,lyc,20260907_lyc_focus_01,data/locked/2026-09-07/lyc_focus1_20260907.edf,focus,focus,314.0,318.0
pooled,Existing pooled frozen model,lyc,20260907_lyc_focus_01,data/locked/2026-09-07/lyc_focus1_20260907.edf,focus,focus,316.0,320.0
pooled,Existing pooled frozen model,lyc,20260907_lyc_focus_01,data/locked/2026-09-07/lyc_focus1_20260907.edf,focus,focus,318.0,322.0
pooled,Existing pooled frozen model,lyc,20260907_lyc_focus_01,data/locked/2026-09-07/lyc_focus1_20260907.edf,focus,focus,320.0,324.0
pooled,Existing pooled frozen model,lyc,20260907_lyc_focus_01,data/locked/2026-09-07/lyc_focus1_20260907.edf,focus,focus,322.0,326.0
pooled,Existing pooled frozen model,lyc,20260907_lyc_focus_01,data/locked/2026-09-07/lyc_focus1_20260907.edf,focus,unfocus,324.0,328.0
pooled,Existing pooled frozen model,lyc,20260907_lyc_focus_01,data/locked/2026-09-07/lyc_focus1_20260907.edf,focus,unfocus,326.0,330.0
pooled,Existing pooled frozen model,lyc,20260907_lyc_focus_01,data/locked/2026-09-07/lyc_focus1_20260907.edf,focus,focus,328.0,332.0
pooled,Existing pooled frozen model,lyc,20260907_lyc_focus_01,data/locked/2026-09-07/lyc_focus1_20260907.edf,focus,focus,330.0,334.0
pooled,Existing pooled frozen model,lyc,20260907_lyc_focus_01,data/locked/2026-09-07/lyc_focus1_20260907.edf,focus,focus,332.0,336.0
pooled,Existing pooled frozen model,lyc,20260907_lyc_focus_01,data/locked/2026-09-07/lyc_focus1_20260907.edf,focus,focus,334.0,338.0
pooled,Existing pooled frozen model,lyc,20260907_lyc_focus_01,data/locked/2026-09-07/lyc_focus1_20260907.edf,focus,focus,336.0,340.0
pooled,Existing pooled frozen model,lyc,20260907_lyc_focus_01,data/locked/2026-09-07/lyc_focus1_20260907.edf,focus,focus,338.0,342.0
pooled,Existing pooled frozen model,lyc,20260907_lyc_focus_01,data/locked/2026-09-07/lyc_focus1_20260907.edf,focus,unfocus,340.0,344.0
pooled,Existing pooled frozen model,lyc,20260907_lyc_focus_01,data/locked/2026-09-07/lyc_focus1_20260907.edf,focus,focus,342.0,346.0
pooled,Existing pooled frozen model,lyc,20260907_lyc_focus_01,data/locked/2026-09-07/lyc_focus1_20260907.edf,focus,focus,344.0,348.0
pooled,Existing pooled frozen model,lyc,20260907_lyc_focus_01,data/locked/2026-09-07/lyc_focus1_20260907.edf,focus,focus,346.0,350.0
pooled,Existing pooled frozen model,lyc,20260907_lyc_focus_01,data/locked/2026-09-07/lyc_focus1_20260907.edf,focus,focus,348.0,352.0
pooled,Existing pooled frozen model,lyc,20260907_lyc_focus_01,data/locked/2026-09-07/lyc_focus1_20260907.edf,focus,unfocus,350.0,354.0
pooled,Existing pooled frozen model,lyc,20260907_lyc_focus_01,data/locked/2026-09-07/lyc_focus1_20260907.edf,focus,unfocus,352.0,356.0
pooled,Existing pooled frozen model,lyc,20260907_lyc_focus_01,data/locked/2026-09-07/lyc_focus1_20260907.edf,focus,focus,354.0,358.0
pooled,Existing pooled frozen model,lyc,20260907_lyc_focus_01,data/locked/2026-09-07/lyc_focus1_20260907.edf,focus,unfocus,356.0,360.0
pooled,Existing pooled frozen model,lyc,20260907_lyc_focus_01,data/locked/2026-09-07/lyc_focus1_20260907.edf,focus,unfocus,358.0,362.0
pooled,Existing pooled frozen model,lyc,20260907_lyc_focus_01,data/locked/2026-09-07/lyc_focus1_20260907.edf,focus,unfocus,360.0,364.0
pooled,Existing pooled frozen model,lyc,20260907_lyc_focus_01,data/locked/2026-09-07/lyc_focus1_20260907.edf,focus,focus,362.0,366.0
pooled,Existing pooled frozen model,lyc,20260907_lyc_focus_01,data/locked/2026-09-07/lyc_focus1_20260907.edf,focus,focus,364.0,368.0
pooled,Existing pooled frozen model,lyc,20260907_lyc_focus_01,data/locked/2026-09-07/lyc_focus1_20260907.edf,focus,focus,366.0,370.0
pooled,Existing pooled frozen model,lyc,20260907_lyc_focus_01,data/locked/2026-09-07/lyc_focus1_20260907.edf,focus,unfocus,368.0,372.0
pooled,Existing pooled frozen model,lyc,20260907_lyc_focus_01,data/locked/2026-09-07/lyc_focus1_20260907.edf,focus,unfocus,370.0,374.0
pooled,Existing pooled frozen model,lyc,20260907_lyc_focus_01,data/locked/2026-09-07/lyc_focus1_20260907.edf,focus,focus,372.0,376.0
pooled,Existing pooled frozen model,lyc,20260907_lyc_focus_01,data/locked/2026-09-07/lyc_focus1_20260907.edf,focus,focus,374.0,378.0
pooled,Existing pooled frozen model,lyc,20260907_lyc_focus_01,data/locked/2026-09-07/lyc_focus1_20260907.edf,focus,unfocus,376.0,380.0
pooled,Existing pooled frozen model,lyc,20260907_lyc_focus_01,data/locked/2026-09-07/lyc_focus1_20260907.edf,focus,unfocus,378.0,382.0
pooled,Existing pooled frozen model,lyc,20260907_lyc_focus_01,data/locked/2026-09-07/lyc_focus1_20260907.edf,focus,unfocus,380.0,384.0
pooled,Existing pooled frozen model,lyc,20260907_lyc_focus_01,data/locked/2026-09-07/lyc_focus1_20260907.edf,focus,focus,382.0,386.0
pooled,Existing pooled frozen model,lyc,20260907_lyc_focus_01,data/locked/2026-09-07/lyc_focus1_20260907.edf,focus,focus,384.0,388.0
pooled,Existing pooled frozen model,lyc,20260907_lyc_focus_01,data/locked/2026-09-07/lyc_focus1_20260907.edf,focus,unfocus,386.0,390.0
pooled,Existing pooled frozen model,lyc,20260907_lyc_focus_01,data/locked/2026-09-07/lyc_focus1_20260907.edf,focus,focus,388.0,392.0
pooled,Existing pooled frozen model,lyc,20260907_lyc_focus_01,data/locked/2026-09-07/lyc_focus1_20260907.edf,focus,focus,390.0,394.0
pooled,Existing pooled frozen model,lyc,20260907_lyc_focus_01,data/locked/2026-09-07/lyc_focus1_20260907.edf,focus,focus,392.0,396.0
pooled,Existing pooled frozen model,lyc,20260907_lyc_focus_01,data/locked/2026-09-07/lyc_focus1_20260907.edf,focus,focus,394.0,398.0
pooled,Existing pooled frozen model,lyc,20260907_lyc_focus_01,data/locked/2026-09-07/lyc_focus1_20260907.edf,focus,unfocus,396.0,400.0
pooled,Existing pooled frozen model,lyc,20260907_lyc_focus_01,data/locked/2026-09-07/lyc_focus1_20260907.edf,focus,focus,398.0,402.0
pooled,Existing pooled frozen model,lyc,20260907_lyc_focus_01,data/locked/2026-09-07/lyc_focus1_20260907.edf,focus,focus,400.0,404.0
pooled,Existing pooled frozen model,lyc,20260907_lyc_focus_01,data/locked/2026-09-07/lyc_focus1_20260907.edf,focus,unfocus,402.0,406.0
pooled,Existing pooled frozen model,lyc,20260907_lyc_focus_01,data/locked/2026-09-07/lyc_focus1_20260907.edf,focus,unfocus,404.0,408.0
pooled,Existing pooled frozen model,lyc,20260907_lyc_focus_01,data/locked/2026-09-07/lyc_focus1_20260907.edf,focus,focus,406.0,410.0
pooled,Existing pooled frozen model,lyc,20260907_lyc_focus_01,data/locked/2026-09-07/lyc_focus1_20260907.edf,focus,focus,408.0,412.0
pooled,Existing pooled frozen model,lyc,20260907_lyc_focus_01,data/locked/2026-09-07/lyc_focus1_20260907.edf,focus,unfocus,410.0,414.0
pooled,Existing pooled frozen model,lyc,20260907_lyc_focus_01,data/locked/2026-09-07/lyc_focus1_20260907.edf,focus,focus,412.0,416.0
pooled,Existing pooled frozen model,lyc,20260907_lyc_focus_01,data/locked/2026-09-07/lyc_focus1_20260907.edf,focus,unfocus,414.0,418.0
pooled,Existing pooled frozen model,lyc,20260907_lyc_focus_01,data/locked/2026-09-07/lyc_focus1_20260907.edf,focus,unfocus,416.0,420.0
pooled,Existing pooled frozen model,lyc,20260907_lyc_focus_01,data/locked/2026-09-07/lyc_focus1_20260907.edf,focus,unfocus,418.0,422.0
pooled,Existing pooled frozen model,lyc,20260907_lyc_focus_01,data/locked/2026-09-07/lyc_focus1_20260907.edf,focus,focus,420.0,424.0
pooled,Existing pooled frozen model,lyc,20260907_lyc_focus_01,data/locked/2026-09-07/lyc_focus1_20260907.edf,focus,unfocus,422.0,426.0
pooled,Existing pooled frozen model,lyc,20260907_lyc_focus_01,data/locked/2026-09-07/lyc_focus1_20260907.edf,focus,unfocus,424.0,428.0
pooled,Existing pooled frozen model,lyc,20260907_lyc_focus_01,data/locked/2026-09-07/lyc_focus1_20260907.edf,focus,unfocus,426.0,430.0
pooled,Existing pooled frozen model,lyc,20260907_lyc_focus_01,data/locked/2026-09-07/lyc_focus1_20260907.edf,focus,focus,428.0,432.0
pooled,Existing pooled frozen model,lyc,20260907_lyc_focus_01,data/locked/2026-09-07/lyc_focus1_20260907.edf,focus,focus,430.0,434.0
pooled,Existing pooled frozen model,lyc,20260907_lyc_focus_01,data/locked/2026-09-07/lyc_focus1_20260907.edf,focus,focus,432.0,436.0
pooled,Existing pooled frozen model,lyc,20260907_lyc_focus_01,data/locked/2026-09-07/lyc_focus1_20260907.edf,focus,focus,434.0,438.0
pooled,Existing pooled frozen model,lyc,20260907_lyc_focus_01,data/locked/2026-09-07/lyc_focus1_20260907.edf,focus,focus,436.0,440.0
pooled,Existing pooled frozen model,lyc,20260907_lyc_focus_01,data/locked/2026-09-07/lyc_focus1_20260907.edf,focus,unfocus,438.0,442.0
pooled,Existing pooled frozen model,lyc,20260907_lyc_focus_01,data/locked/2026-09-07/lyc_focus1_20260907.edf,focus,focus,440.0,444.0
pooled,Existing pooled frozen model,lyc,20260907_lyc_focus_01,data/locked/2026-09-07/lyc_focus1_20260907.edf,focus,unfocus,442.0,446.0
pooled,Existing pooled frozen model,lyc,20260907_lyc_focus_01,data/locked/2026-09-07/lyc_focus1_20260907.edf,focus,unfocus,444.0,448.0
pooled,Existing pooled frozen model,lyc,20260907_lyc_focus_01,data/locked/2026-09-07/lyc_focus1_20260907.edf,focus,unfocus,446.0,450.0
pooled,Existing pooled frozen model,lyc,20260907_lyc_focus_01,data/locked/2026-09-07/lyc_focus1_20260907.edf,focus,focus,448.0,452.0
pooled,Existing pooled frozen model,lyc,20260907_lyc_focus_01,data/locked/2026-09-07/lyc_focus1_20260907.edf,focus,focus,450.0,454.0
pooled,Existing pooled frozen model,lyc,20260907_lyc_focus_01,data/locked/2026-09-07/lyc_focus1_20260907.edf,focus,unfocus,452.0,456.0
pooled,Existing pooled frozen model,lyc,20260907_lyc_focus_01,data/locked/2026-09-07/lyc_focus1_20260907.edf,focus,focus,454.0,458.0
pooled,Existing pooled frozen model,lyc,20260907_lyc_focus_01,data/locked/2026-09-07/lyc_focus1_20260907.edf,focus,unfocus,456.0,460.0
pooled,Existing pooled frozen model,lyc,20260907_lyc_focus_01,data/locked/2026-09-07/lyc_focus1_20260907.edf,focus,unfocus,458.0,462.0
pooled,Existing pooled frozen model,lyc,20260907_lyc_focus_01,data/locked/2026-09-07/lyc_focus1_20260907.edf,focus,unfocus,460.0,464.0
pooled,Existing pooled frozen model,lyc,20260907_lyc_focus_01,data/locked/2026-09-07/lyc_focus1_20260907.edf,focus,unfocus,462.0,466.0
pooled,Existing pooled frozen model,lyc,20260907_lyc_focus_01,data/locked/2026-09-07/lyc_focus1_20260907.edf,focus,unfocus,464.0,468.0
pooled,Existing pooled frozen model,lyc,20260907_lyc_focus_01,data/locked/2026-09-07/lyc_focus1_20260907.edf,focus,focus,466.0,470.0
pooled,Existing pooled frozen model,lyc,20260907_lyc_focus_01,data/locked/2026-09-07/lyc_focus1_20260907.edf,focus,focus,468.0,472.0
pooled,Existing pooled frozen model,lyc,20260907_lyc_focus_01,data/locked/2026-09-07/lyc_focus1_20260907.edf,focus,focus,470.0,474.0
pooled,Existing pooled frozen model,lyc,20260907_lyc_focus_01,data/locked/2026-09-07/lyc_focus1_20260907.edf,focus,focus,472.0,476.0
pooled,Existing pooled frozen model,lyc,20260907_lyc_focus_01,data/locked/2026-09-07/lyc_focus1_20260907.edf,focus,focus,474.0,478.0
pooled,Existing pooled frozen model,lyc,20260907_lyc_focus_01,data/locked/2026-09-07/lyc_focus1_20260907.edf,focus,unfocus,476.0,480.0
pooled,Existing pooled frozen model,lyc,20260907_lyc_focus_01,data/locked/2026-09-07/lyc_focus1_20260907.edf,focus,unfocus,478.0,482.0
pooled,Existing pooled frozen model,lyc,20260907_lyc_focus_01,data/locked/2026-09-07/lyc_focus1_20260907.edf,focus,focus,480.0,484.0
pooled,Existing pooled frozen model,lyc,20260907_lyc_focus_01,data/locked/2026-09-07/lyc_focus1_20260907.edf,focus,unfocus,482.0,486.0
pooled,Existing pooled frozen model,lyc,20260907_lyc_focus_01,data/locked/2026-09-07/lyc_focus1_20260907.edf,focus,unfocus,484.0,488.0
pooled,Existing pooled frozen model,lyc,20260907_lyc_focus_01,data/locked/2026-09-07/lyc_focus1_20260907.edf,focus,focus,486.0,490.0
pooled,Existing pooled frozen model,lyc,20260907_lyc_focus_01,data/locked/2026-09-07/lyc_focus1_20260907.edf,focus,unfocus,488.0,492.0
pooled,Existing pooled frozen model,lyc,20260907_lyc_focus_01,data/locked/2026-09-07/lyc_focus1_20260907.edf,focus,unfocus,490.0,494.0
pooled,Existing pooled frozen model,lyc,20260907_lyc_focus_01,data/locked/2026-09-07/lyc_focus1_20260907.edf,focus,unfocus,492.0,496.0
pooled,Existing pooled frozen model,lyc,20260907_lyc_focus_01,data/locked/2026-09-07/lyc_focus1_20260907.edf,focus,unfocus,494.0,498.0
pooled,Existing pooled frozen model,lyc,20260907_lyc_focus_01,data/locked/2026-09-07/lyc_focus1_20260907.edf,focus,unfocus,496.0,500.0
pooled,Existing pooled frozen model,lyc,20260907_lyc_focus_01,data/locked/2026-09-07/lyc_focus1_20260907.edf,focus,focus,498.0,502.0
pooled,Existing pooled frozen model,lyc,20260907_lyc_focus_01,data/locked/2026-09-07/lyc_focus1_20260907.edf,focus,focus,500.0,504.0
pooled,Existing pooled frozen model,lyc,20260907_lyc_focus_01,data/locked/2026-09-07/lyc_focus1_20260907.edf,focus,focus,502.0,506.0
pooled,Existing pooled frozen model,lyc,20260907_lyc_focus_01,data/locked/2026-09-07/lyc_focus1_20260907.edf,focus,focus,504.0,508.0
pooled,Existing pooled frozen model,lyc,20260907_lyc_focus_01,data/locked/2026-09-07/lyc_focus1_20260907.edf,focus,focus,506.0,510.0
pooled,Existing pooled frozen model,lyc,20260907_lyc_focus_01,data/locked/2026-09-07/lyc_focus1_20260907.edf,focus,focus,508.0,512.0
pooled,Existing pooled frozen model,lyc,20260907_lyc_focus_01,data/locked/2026-09-07/lyc_focus1_20260907.edf,focus,focus,510.0,514.0
pooled,Existing pooled frozen model,lyc,20260907_lyc_focus_01,data/locked/2026-09-07/lyc_focus1_20260907.edf,focus,unfocus,512.0,516.0
pooled,Existing pooled frozen model,lyc,20260907_lyc_focus_01,data/locked/2026-09-07/lyc_focus1_20260907.edf,focus,focus,514.0,518.0
pooled,Existing pooled frozen model,lyc,20260907_lyc_focus_01,data/locked/2026-09-07/lyc_focus1_20260907.edf,focus,focus,516.0,520.0
pooled,Existing pooled frozen model,lyc,20260907_lyc_focus_01,data/locked/2026-09-07/lyc_focus1_20260907.edf,focus,focus,518.0,522.0
pooled,Existing pooled frozen model,lyc,20260907_lyc_focus_01,data/locked/2026-09-07/lyc_focus1_20260907.edf,focus,focus,520.0,524.0
pooled,Existing pooled frozen model,lyc,20260907_lyc_focus_01,data/locked/2026-09-07/lyc_focus1_20260907.edf,focus,focus,522.0,526.0
pooled,Existing pooled frozen model,lyc,20260907_lyc_focus_01,data/locked/2026-09-07/lyc_focus1_20260907.edf,focus,focus,524.0,528.0
pooled,Existing pooled frozen model,lyc,20260907_lyc_focus_01,data/locked/2026-09-07/lyc_focus1_20260907.edf,focus,focus,526.0,530.0
pooled,Existing pooled frozen model,lyc,20260907_lyc_focus_01,data/locked/2026-09-07/lyc_focus1_20260907.edf,focus,focus,528.0,532.0
pooled,Existing pooled frozen model,lyc,20260907_lyc_focus_01,data/locked/2026-09-07/lyc_focus1_20260907.edf,focus,focus,530.0,534.0
pooled,Existing pooled frozen model,lyc,20260907_lyc_focus_01,data/locked/2026-09-07/lyc_focus1_20260907.edf,focus,focus,532.0,536.0
pooled,Existing pooled frozen model,lyc,20260907_lyc_focus_01,data/locked/2026-09-07/lyc_focus1_20260907.edf,focus,unfocus,534.0,538.0
pooled,Existing pooled frozen model,lyc,20260907_lyc_focus_01,data/locked/2026-09-07/lyc_focus1_20260907.edf,focus,focus,536.0,540.0
pooled,Existing pooled frozen model,lyc,20260907_lyc_focus_01,data/locked/2026-09-07/lyc_focus1_20260907.edf,focus,focus,538.0,542.0
pooled,Existing pooled frozen model,lyc,20260907_lyc_focus_01,data/locked/2026-09-07/lyc_focus1_20260907.edf,focus,unfocus,540.0,544.0
pooled,Existing pooled frozen model,lyc,20260907_lyc_focus_01,data/locked/2026-09-07/lyc_focus1_20260907.edf,focus,focus,542.0,546.0
pooled,Existing pooled frozen model,lyc,20260907_lyc_focus_01,data/locked/2026-09-07/lyc_focus1_20260907.edf,focus,focus,544.0,548.0
pooled,Existing pooled frozen model,lyc,20260907_lyc_focus_01,data/locked/2026-09-07/lyc_focus1_20260907.edf,focus,focus,546.0,550.0
pooled,Existing pooled frozen model,lyc,20260907_lyc_focus_01,data/locked/2026-09-07/lyc_focus1_20260907.edf,focus,focus,548.0,552.0
pooled,Existing pooled frozen model,lyc,20260907_lyc_focus_01,data/locked/2026-09-07/lyc_focus1_20260907.edf,focus,focus,550.0,554.0
pooled,Existing pooled frozen model,lyc,20260907_lyc_focus_01,data/locked/2026-09-07/lyc_focus1_20260907.edf,focus,focus,552.0,556.0
pooled,Existing pooled frozen model,lyc,20260907_lyc_focus_01,data/locked/2026-09-07/lyc_focus1_20260907.edf,focus,unfocus,554.0,558.0
pooled,Existing pooled frozen model,lyc,20260907_lyc_focus_01,data/locked/2026-09-07/lyc_focus1_20260907.edf,focus,unfocus,556.0,560.0
pooled,Existing pooled frozen model,lyc,20260907_lyc_focus_01,data/locked/2026-09-07/lyc_focus1_20260907.edf,focus,focus,558.0,562.0
pooled,Existing pooled frozen model,lyc,20260907_lyc_focus_01,data/locked/2026-09-07/lyc_focus1_20260907.edf,focus,focus,560.0,564.0
pooled,Existing pooled frozen model,lyc,20260907_lyc_focus_01,data/locked/2026-09-07/lyc_focus1_20260907.edf,focus,focus,562.0,566.0
pooled,Existing pooled frozen model,lyc,20260907_lyc_focus_01,data/locked/2026-09-07/lyc_focus1_20260907.edf,focus,focus,564.0,568.0
pooled,Existing pooled frozen model,lyc,20260907_lyc_focus_01,data/locked/2026-09-07/lyc_focus1_20260907.edf,focus,focus,566.0,570.0
pooled,Existing pooled frozen model,lyc,20260907_lyc_focus_01,data/locked/2026-09-07/lyc_focus1_20260907.edf,focus,focus,568.0,572.0
pooled,Existing pooled frozen model,lyc,20260907_lyc_focus_01,data/locked/2026-09-07/lyc_focus1_20260907.edf,focus,focus,570.0,574.0
pooled,Existing pooled frozen model,lyc,20260907_lyc_focus_01,data/locked/2026-09-07/lyc_focus1_20260907.edf,focus,focus,572.0,576.0
pooled,Existing pooled frozen model,lyc,20260907_lyc_focus_01,data/locked/2026-09-07/lyc_focus1_20260907.edf,focus,focus,574.0,578.0
pooled,Existing pooled frozen model,lyc,20260907_lyc_focus_01,data/locked/2026-09-07/lyc_focus1_20260907.edf,focus,focus,576.0,580.0
pooled,Existing pooled frozen model,lyc,20260907_lyc_focus_01,data/locked/2026-09-07/lyc_focus1_20260907.edf,focus,focus,578.0,582.0
pooled,Existing pooled frozen model,lyc,20260907_lyc_focus_01,data/locked/2026-09-07/lyc_focus1_20260907.edf,focus,unfocus,580.0,584.0
pooled,Existing pooled frozen model,lyc,20260907_lyc_focus_01,data/locked/2026-09-07/lyc_focus1_20260907.edf,focus,focus,582.0,586.0
pooled,Existing pooled frozen model,lyc,20260907_lyc_focus_01,data/locked/2026-09-07/lyc_focus1_20260907.edf,focus,focus,584.0,588.0
pooled,Existing pooled frozen model,lyc,20260907_lyc_focus_01,data/locked/2026-09-07/lyc_focus1_20260907.edf,focus,focus,586.0,590.0
pooled,Existing pooled frozen model,lyc,20260907_lyc_focus_01,data/locked/2026-09-07/lyc_focus1_20260907.edf,focus,focus,588.0,592.0
pooled,Existing pooled frozen model,lyc,20260907_lyc_focus_01,data/locked/2026-09-07/lyc_focus1_20260907.edf,focus,unfocus,590.0,594.0
pooled,Existing pooled frozen model,lyc,20260907_lyc_focus_01,data/locked/2026-09-07/lyc_focus1_20260907.edf,focus,focus,592.0,596.0
pooled,Existing pooled frozen model,lyc,20260907_lyc_focus_01,data/locked/2026-09-07/lyc_focus1_20260907.edf,focus,focus,594.0,598.0
pooled,Existing pooled frozen model,lyc,20260907_lyc_focus_01,data/locked/2026-09-07/lyc_focus1_20260907.edf,focus,focus,596.0,600.0
pooled,Existing pooled frozen model,lyc,20260907_lyc_focus_01,data/locked/2026-09-07/lyc_focus1_20260907.edf,focus,focus,598.0,602.0
pooled,Existing pooled frozen model,lyc,20260907_lyc_focus_01,data/locked/2026-09-07/lyc_focus1_20260907.edf,focus,focus,600.0,604.0
pooled,Existing pooled frozen model,lyc,20260907_lyc_focus_01,data/locked/2026-09-07/lyc_focus1_20260907.edf,focus,focus,602.0,606.0
pooled,Existing pooled frozen model,lyc,20260907_lyc_focus_01,data/locked/2026-09-07/lyc_focus1_20260907.edf,focus,focus,604.0,608.0
pooled,Existing pooled frozen model,lyc,20260907_lyc_focus_01,data/locked/2026-09-07/lyc_focus1_20260907.edf,focus,focus,606.0,610.0
pooled,Existing pooled frozen model,lyc,20260907_lyc_focus_01,data/locked/2026-09-07/lyc_focus1_20260907.edf,focus,focus,608.0,612.0
pooled,Existing pooled frozen model,lyc,20260907_lyc_focus_01,data/locked/2026-09-07/lyc_focus1_20260907.edf,focus,focus,610.0,614.0
pooled,Existing pooled frozen model,lyc,20260907_lyc_focus_01,data/locked/2026-09-07/lyc_focus1_20260907.edf,focus,unfocus,612.0,616.0
pooled,Existing pooled frozen model,lyc,20260907_lyc_focus_01,data/locked/2026-09-07/lyc_focus1_20260907.edf,focus,unfocus,614.0,618.0
pooled,Existing pooled frozen model,lyc,20260907_lyc_focus_01,data/locked/2026-09-07/lyc_focus1_20260907.edf,focus,focus,616.0,620.0
pooled,Existing pooled frozen model,lyc,20260907_lyc_focus_01,data/locked/2026-09-07/lyc_focus1_20260907.edf,focus,focus,618.0,622.0
pooled,Existing pooled frozen model,lyc,20260907_lyc_focus_01,data/locked/2026-09-07/lyc_focus1_20260907.edf,focus,focus,620.0,624.0
pooled,Existing pooled frozen model,lyc,20260907_lyc_focus_01,data/locked/2026-09-07/lyc_focus1_20260907.edf,focus,unfocus,622.0,626.0
pooled,Existing pooled frozen model,lyc,20260907_lyc_focus_01,data/locked/2026-09-07/lyc_focus1_20260907.edf,focus,unfocus,624.0,628.0
pooled,Existing pooled frozen model,lyc,20260907_lyc_focus_01,data/locked/2026-09-07/lyc_focus1_20260907.edf,focus,focus,626.0,630.0
pooled,Existing pooled frozen model,lyc,20260907_lyc_focus_01,data/locked/2026-09-07/lyc_focus1_20260907.edf,focus,focus,628.0,632.0
pooled,Existing pooled frozen model,lyc,20260907_lyc_focus_01,data/locked/2026-09-07/lyc_focus1_20260907.edf,focus,focus,630.0,634.0
pooled,Existing pooled frozen model,lyc,20260907_lyc_focus_01,data/locked/2026-09-07/lyc_focus1_20260907.edf,focus,focus,632.0,636.0
pooled,Existing pooled frozen model,lyc,20260907_lyc_focus_01,data/locked/2026-09-07/lyc_focus1_20260907.edf,focus,focus,634.0,638.0
pooled,Existing pooled frozen model,lyc,20260907_lyc_focus_01,data/locked/2026-09-07/lyc_focus1_20260907.edf,focus,focus,636.0,640.0
pooled,Existing pooled frozen model,lyc,20260907_lyc_focus_01,data/locked/2026-09-07/lyc_focus1_20260907.edf,focus,focus,638.0,642.0
pooled,Existing pooled frozen model,lyc,20260907_lyc_focus_01,data/locked/2026-09-07/lyc_focus1_20260907.edf,focus,focus,640.0,644.0
pooled,Existing pooled frozen model,lyc,20260907_lyc_focus_01,data/locked/2026-09-07/lyc_focus1_20260907.edf,focus,unfocus,642.0,646.0
pooled,Existing pooled frozen model,lyc,20260907_lyc_focus_01,data/locked/2026-09-07/lyc_focus1_20260907.edf,focus,unfocus,644.0,648.0
pooled,Existing pooled frozen model,lyc,20260907_lyc_focus_01,data/locked/2026-09-07/lyc_focus1_20260907.edf,focus,unfocus,646.0,650.0
pooled,Existing pooled frozen model,lyc,20260907_lyc_focus_01,data/locked/2026-09-07/lyc_focus1_20260907.edf,focus,unfocus,648.0,652.0
pooled,Existing pooled frozen model,lyc,20260907_lyc_focus_01,data/locked/2026-09-07/lyc_focus1_20260907.edf,focus,focus,650.0,654.0
pooled,Existing pooled frozen model,lyc,20260907_lyc_focus_01,data/locked/2026-09-07/lyc_focus1_20260907.edf,focus,focus,652.0,656.0
pooled,Existing pooled frozen model,lyc,20260907_lyc_focus_01,data/locked/2026-09-07/lyc_focus1_20260907.edf,focus,focus,654.0,658.0
pooled,Existing pooled frozen model,lyc,20260907_lyc_focus_01,data/locked/2026-09-07/lyc_focus1_20260907.edf,focus,unfocus,656.0,660.0
pooled,Existing pooled frozen model,lyc,20260907_lyc_focus_01,data/locked/2026-09-07/lyc_focus1_20260907.edf,focus,unfocus,658.0,662.0
pooled,Existing pooled frozen model,lyc,20260907_lyc_focus_01,data/locked/2026-09-07/lyc_focus1_20260907.edf,focus,focus,660.0,664.0
pooled,Existing pooled frozen model,lyc,20260907_lyc_focus_01,data/locked/2026-09-07/lyc_focus1_20260907.edf,focus,focus,662.0,666.0
pooled,Existing pooled frozen model,lyc,20260907_lyc_focus_01,data/locked/2026-09-07/lyc_focus1_20260907.edf,focus,focus,664.0,668.0
pooled,Existing pooled frozen model,lyc,20260907_lyc_focus_01,data/locked/2026-09-07/lyc_focus1_20260907.edf,focus,focus,666.0,670.0
pooled,Existing pooled frozen model,lyc,20260907_lyc_focus_01,data/locked/2026-09-07/lyc_focus1_20260907.edf,focus,focus,668.0,672.0
pooled,Existing pooled frozen model,lyc,20260907_lyc_focus_01,data/locked/2026-09-07/lyc_focus1_20260907.edf,focus,focus,670.0,674.0
pooled,Existing pooled frozen model,lyc,20260907_lyc_focus_01,data/locked/2026-09-07/lyc_focus1_20260907.edf,focus,focus,672.0,676.0
pooled,Existing pooled frozen model,lyc,20260907_lyc_focus_01,data/locked/2026-09-07/lyc_focus1_20260907.edf,focus,focus,674.0,678.0
pooled,Existing pooled frozen model,lyc,20260907_lyc_focus_01,data/locked/2026-09-07/lyc_focus1_20260907.edf,focus,focus,676.0,680.0
pooled,Existing pooled frozen model,lyc,20260907_lyc_focus_01,data/locked/2026-09-07/lyc_focus1_20260907.edf,focus,focus,678.0,682.0
pooled,Existing pooled frozen model,lyc,20260907_lyc_focus_01,data/locked/2026-09-07/lyc_focus1_20260907.edf,focus,unfocus,680.0,684.0
pooled,Existing pooled frozen model,lyc,20260907_lyc_focus_01,data/locked/2026-09-07/lyc_focus1_20260907.edf,focus,unfocus,682.0,686.0
pooled,Existing pooled frozen model,lyc,20260907_lyc_focus_01,data/locked/2026-09-07/lyc_focus1_20260907.edf,focus,unfocus,684.0,688.0
pooled,Existing pooled frozen model,lyc,20260907_lyc_focus_01,data/locked/2026-09-07/lyc_focus1_20260907.edf,focus,focus,686.0,690.0
pooled,Existing pooled frozen model,lyc,20260907_lyc_focus_01,data/locked/2026-09-07/lyc_focus1_20260907.edf,focus,focus,688.0,692.0
pooled,Existing pooled frozen model,lyc,20260907_lyc_focus_01,data/locked/2026-09-07/lyc_focus1_20260907.edf,focus,focus,690.0,694.0
pooled,Existing pooled frozen model,lyc,20260907_lyc_focus_01,data/locked/2026-09-07/lyc_focus1_20260907.edf,focus,focus,692.0,696.0
pooled,Existing pooled frozen model,lyc,20260907_lyc_focus_01,data/locked/2026-09-07/lyc_focus1_20260907.edf,focus,focus,694.0,698.0
pooled,Existing pooled frozen model,lyc,20260907_lyc_focus_01,data/locked/2026-09-07/lyc_focus1_20260907.edf,focus,focus,696.0,700.0
pooled,Existing pooled frozen model,lyc,20260907_lyc_focus_01,data/locked/2026-09-07/lyc_focus1_20260907.edf,focus,focus,698.0,702.0
pooled,Existing pooled frozen model,lyc,20260907_lyc_focus_01,data/locked/2026-09-07/lyc_focus1_20260907.edf,focus,focus,700.0,704.0
pooled,Existing pooled frozen model,lyc,20260907_lyc_focus_01,data/locked/2026-09-07/lyc_focus1_20260907.edf,focus,focus,702.0,706.0
pooled,Existing pooled frozen model,lyc,20260907_lyc_focus_01,data/locked/2026-09-07/lyc_focus1_20260907.edf,focus,focus,704.0,708.0
pooled,Existing pooled frozen model,lyc,20260907_lyc_focus_01,data/locked/2026-09-07/lyc_focus1_20260907.edf,focus,focus,706.0,710.0
pooled,Existing pooled frozen model,lyc,20260907_lyc_focus_01,data/locked/2026-09-07/lyc_focus1_20260907.edf,focus,focus,708.0,712.0
pooled,Existing pooled frozen model,lyc,20260907_lyc_focus_01,data/locked/2026-09-07/lyc_focus1_20260907.edf,focus,focus,710.0,714.0
pooled,Existing pooled frozen model,lyc,20260907_lyc_focus_01,data/locked/2026-09-07/lyc_focus1_20260907.edf,focus,focus,712.0,716.0
pooled,Existing pooled frozen model,lyc,20260907_lyc_focus_01,data/locked/2026-09-07/lyc_focus1_20260907.edf,focus,focus,714.0,718.0
pooled,Existing pooled frozen model,lyc,20260907_lyc_focus_01,data/locked/2026-09-07/lyc_focus1_20260907.edf,focus,focus,716.0,720.0
pooled,Existing pooled frozen model,lyc,20260907_lyc_focus_01,data/locked/2026-09-07/lyc_focus1_20260907.edf,focus,focus,718.0,722.0
pooled,Existing pooled frozen model,lyc,20260907_lyc_focus_01,data/locked/2026-09-07/lyc_focus1_20260907.edf,focus,focus,720.0,724.0
pooled,Existing pooled frozen model,lyc,20260907_lyc_focus_01,data/locked/2026-09-07/lyc_focus1_20260907.edf,focus,focus,722.0,726.0
pooled,Existing pooled frozen model,lyc,20260907_lyc_focus_01,data/locked/2026-09-07/lyc_focus1_20260907.edf,focus,unfocus,724.0,728.0
pooled,Existing pooled frozen model,lyc,20260907_lyc_focus_01,data/locked/2026-09-07/lyc_focus1_20260907.edf,focus,unfocus,726.0,730.0
pooled,Existing pooled frozen model,lyc,20260907_lyc_focus_01,data/locked/2026-09-07/lyc_focus1_20260907.edf,focus,unfocus,728.0,732.0
pooled,Existing pooled frozen model,lyc,20260907_lyc_focus_01,data/locked/2026-09-07/lyc_focus1_20260907.edf,focus,unfocus,730.0,734.0
pooled,Existing pooled frozen model,lyc,20260907_lyc_focus_01,data/locked/2026-09-07/lyc_focus1_20260907.edf,focus,focus,732.0,736.0
pooled,Existing pooled frozen model,lyc,20260907_lyc_focus_01,data/locked/2026-09-07/lyc_focus1_20260907.edf,focus,focus,734.0,738.0
pooled,Existing pooled frozen model,lyc,20260907_lyc_focus_01,data/locked/2026-09-07/lyc_focus1_20260907.edf,focus,focus,736.0,740.0
pooled,Existing pooled frozen model,lyc,20260907_lyc_focus_01,data/locked/2026-09-07/lyc_focus1_20260907.edf,focus,unfocus,738.0,742.0
pooled,Existing pooled frozen model,lyc,20260907_lyc_focus_01,data/locked/2026-09-07/lyc_focus1_20260907.edf,focus,focus,740.0,744.0
pooled,Existing pooled frozen model,lyc,20260907_lyc_focus_01,data/locked/2026-09-07/lyc_focus1_20260907.edf,focus,focus,742.0,746.0
pooled,Existing pooled frozen model,lyc,20260907_lyc_focus_01,data/locked/2026-09-07/lyc_focus1_20260907.edf,focus,focus,744.0,748.0
pooled,Existing pooled frozen model,lyc,20260907_lyc_focus_01,data/locked/2026-09-07/lyc_focus1_20260907.edf,focus,focus,746.0,750.0
pooled,Existing pooled frozen model,lyc,20260907_lyc_focus_01,data/locked/2026-09-07/lyc_focus1_20260907.edf,focus,focus,748.0,752.0
pooled,Existing pooled frozen model,lyc,20260907_lyc_focus_01,data/locked/2026-09-07/lyc_focus1_20260907.edf,focus,focus,750.0,754.0
pooled,Existing pooled frozen model,lyc,20260907_lyc_focus_01,data/locked/2026-09-07/lyc_focus1_20260907.edf,focus,focus,752.0,756.0
pooled,Existing pooled frozen model,lyc,20260907_lyc_focus_01,data/locked/2026-09-07/lyc_focus1_20260907.edf,focus,focus,754.0,758.0
pooled,Existing pooled frozen model,lyc,20260907_lyc_focus_01,data/locked/2026-09-07/lyc_focus1_20260907.edf,focus,focus,756.0,760.0
pooled,Existing pooled frozen model,lyc,20260907_lyc_focus_01,data/locked/2026-09-07/lyc_focus1_20260907.edf,focus,focus,758.0,762.0
pooled,Existing pooled frozen model,lyc,20260907_lyc_focus_01,data/locked/2026-09-07/lyc_focus1_20260907.edf,focus,focus,760.0,764.0
pooled,Existing pooled frozen model,lyc,20260907_lyc_focus_01,data/locked/2026-09-07/lyc_focus1_20260907.edf,focus,unfocus,762.0,766.0
pooled,Existing pooled frozen model,lyc,20260907_lyc_focus_01,data/locked/2026-09-07/lyc_focus1_20260907.edf,focus,unfocus,764.0,768.0
pooled,Existing pooled frozen model,lyc,20260907_lyc_focus_01,data/locked/2026-09-07/lyc_focus1_20260907.edf,focus,focus,766.0,770.0
pooled,Existing pooled frozen model,lyc,20260907_lyc_focus_01,data/locked/2026-09-07/lyc_focus1_20260907.edf,focus,focus,768.0,772.0
pooled,Existing pooled frozen model,lyc,20260907_lyc_focus_01,data/locked/2026-09-07/lyc_focus1_20260907.edf,focus,unfocus,770.0,774.0
pooled,Existing pooled frozen model,lyc,20260907_lyc_focus_01,data/locked/2026-09-07/lyc_focus1_20260907.edf,focus,focus,772.0,776.0
pooled,Existing pooled frozen model,lyc,20260907_lyc_focus_01,data/locked/2026-09-07/lyc_focus1_20260907.edf,focus,focus,774.0,778.0
pooled,Existing pooled frozen model,lyc,20260907_lyc_focus_01,data/locked/2026-09-07/lyc_focus1_20260907.edf,focus,focus,776.0,780.0
pooled,Existing pooled frozen model,lyc,20260907_lyc_focus_01,data/locked/2026-09-07/lyc_focus1_20260907.edf,focus,unfocus,778.0,782.0
pooled,Existing pooled frozen model,lyc,20260907_lyc_focus_01,data/locked/2026-09-07/lyc_focus1_20260907.edf,focus,unfocus,780.0,784.0
pooled,Existing pooled frozen model,lyc,20260907_lyc_focus_01,data/locked/2026-09-07/lyc_focus1_20260907.edf,focus,unfocus,782.0,786.0
pooled,Existing pooled frozen model,lyc,20260907_lyc_focus_01,data/locked/2026-09-07/lyc_focus1_20260907.edf,focus,unfocus,784.0,788.0
pooled,Existing pooled frozen model,lyc,20260907_lyc_focus_01,data/locked/2026-09-07/lyc_focus1_20260907.edf,focus,unfocus,786.0,790.0
pooled,Existing pooled frozen model,lyc,20260907_lyc_focus_01,data/locked/2026-09-07/lyc_focus1_20260907.edf,focus,unfocus,788.0,792.0
pooled,Existing pooled frozen model,lyc,20260907_lyc_focus_01,data/locked/2026-09-07/lyc_focus1_20260907.edf,focus,unfocus,790.0,794.0
pooled,Existing pooled frozen model,lyc,20260907_lyc_focus_01,data/locked/2026-09-07/lyc_focus1_20260907.edf,focus,unfocus,792.0,796.0
pooled,Existing pooled frozen model,lyc,20260907_lyc_focus_01,data/locked/2026-09-07/lyc_focus1_20260907.edf,focus,unfocus,794.0,798.0
pooled,Existing pooled frozen model,lyc,20260907_lyc_focus_01,data/locked/2026-09-07/lyc_focus1_20260907.edf,focus,unfocus,796.0,800.0
pooled,Existing pooled frozen model,lyc,20260907_lyc_focus_01,data/locked/2026-09-07/lyc_focus1_20260907.edf,focus,unfocus,798.0,802.0
pooled,Existing pooled frozen model,lyc,20260907_lyc_focus_01,data/locked/2026-09-07/lyc_focus1_20260907.edf,focus,focus,800.0,804.0
pooled,Existing pooled frozen model,lyc,20260907_lyc_focus_01,data/locked/2026-09-07/lyc_focus1_20260907.edf,focus,unfocus,802.0,806.0
pooled,Existing pooled frozen model,lyc,20260907_lyc_focus_01,data/locked/2026-09-07/lyc_focus1_20260907.edf,focus,unfocus,804.0,808.0
pooled,Existing pooled frozen model,lyc,20260907_lyc_focus_01,data/locked/2026-09-07/lyc_focus1_20260907.edf,focus,unfocus,806.0,810.0
pooled,Existing pooled frozen model,lyc,20260907_lyc_focus_01,data/locked/2026-09-07/lyc_focus1_20260907.edf,focus,unfocus,808.0,812.0
pooled,Existing pooled frozen model,lyc,20260907_lyc_focus_01,data/locked/2026-09-07/lyc_focus1_20260907.edf,focus,unfocus,810.0,814.0
pooled,Existing pooled frozen model,lyc,20260907_lyc_focus_01,data/locked/2026-09-07/lyc_focus1_20260907.edf,focus,unfocus,812.0,816.0
pooled,Existing pooled frozen model,lyc,20260907_lyc_focus_01,data/locked/2026-09-07/lyc_focus1_20260907.edf,focus,unfocus,814.0,818.0
pooled,Existing pooled frozen model,lyc,20260907_lyc_focus_01,data/locked/2026-09-07/lyc_focus1_20260907.edf,focus,focus,816.0,820.0
pooled,Existing pooled frozen model,lyc,20260907_lyc_focus_01,data/locked/2026-09-07/lyc_focus1_20260907.edf,focus,focus,818.0,822.0
pooled,Existing pooled frozen model,lyc,20260907_lyc_focus_01,data/locked/2026-09-07/lyc_focus1_20260907.edf,focus,focus,820.0,824.0
pooled,Existing pooled frozen model,lyc,20260907_lyc_focus_01,data/locked/2026-09-07/lyc_focus1_20260907.edf,focus,focus,822.0,826.0
pooled,Existing pooled frozen model,lyc,20260907_lyc_focus_01,data/locked/2026-09-07/lyc_focus1_20260907.edf,focus,focus,824.0,828.0
pooled,Existing pooled frozen model,lyc,20260907_lyc_focus_01,data/locked/2026-09-07/lyc_focus1_20260907.edf,focus,focus,826.0,830.0
pooled,Existing pooled frozen model,lyc,20260907_lyc_focus_01,data/locked/2026-09-07/lyc_focus1_20260907.edf,focus,focus,828.0,832.0
pooled,Existing pooled frozen model,lyc,20260907_lyc_focus_01,data/locked/2026-09-07/lyc_focus1_20260907.edf,focus,unfocus,830.0,834.0
pooled,Existing pooled frozen model,lyc,20260907_lyc_focus_01,data/locked/2026-09-07/lyc_focus1_20260907.edf,focus,unfocus,832.0,836.0
pooled,Existing pooled frozen model,lyc,20260907_lyc_focus_01,data/locked/2026-09-07/lyc_focus1_20260907.edf,focus,unfocus,834.0,838.0
pooled,Existing pooled frozen model,lyc,20260907_lyc_focus_01,data/locked/2026-09-07/lyc_focus1_20260907.edf,focus,unfocus,836.0,840.0
pooled,Existing pooled frozen model,lyc,20260907_lyc_focus_01,data/locked/2026-09-07/lyc_focus1_20260907.edf,focus,focus,838.0,842.0
pooled,Existing pooled frozen model,lyc,20260907_lyc_focus_01,data/locked/2026-09-07/lyc_focus1_20260907.edf,focus,unfocus,840.0,844.0
pooled,Existing pooled frozen model,lyc,20260907_lyc_focus_01,data/locked/2026-09-07/lyc_focus1_20260907.edf,focus,unfocus,842.0,846.0
pooled,Existing pooled frozen model,lyc,20260907_lyc_focus_01,data/locked/2026-09-07/lyc_focus1_20260907.edf,focus,unfocus,844.0,848.0
pooled,Existing pooled frozen model,lyc,20260907_lyc_focus_01,data/locked/2026-09-07/lyc_focus1_20260907.edf,focus,unfocus,846.0,850.0
pooled,Existing pooled frozen model,lyc,20260907_lyc_focus_01,data/locked/2026-09-07/lyc_focus1_20260907.edf,focus,focus,848.0,852.0
pooled,Existing pooled frozen model,lyc,20260907_lyc_focus_01,data/locked/2026-09-07/lyc_focus1_20260907.edf,focus,unfocus,850.0,854.0
pooled,Existing pooled frozen model,lyc,20260907_lyc_focus_01,data/locked/2026-09-07/lyc_focus1_20260907.edf,focus,unfocus,852.0,856.0
pooled,Existing pooled frozen model,lyc,20260907_lyc_focus_01,data/locked/2026-09-07/lyc_focus1_20260907.edf,focus,unfocus,854.0,858.0
pooled,Existing pooled frozen model,lyc,20260907_lyc_focus_01,data/locked/2026-09-07/lyc_focus1_20260907.edf,focus,unfocus,856.0,860.0
pooled,Existing pooled frozen model,lyc,20260907_lyc_focus_01,data/locked/2026-09-07/lyc_focus1_20260907.edf,focus,focus,858.0,862.0
pooled,Existing pooled frozen model,lyc,20260907_lyc_focus_01,data/locked/2026-09-07/lyc_focus1_20260907.edf,focus,focus,860.0,864.0
pooled,Existing pooled frozen model,lyc,20260907_lyc_focus_01,data/locked/2026-09-07/lyc_focus1_20260907.edf,focus,unfocus,862.0,866.0
pooled,Existing pooled frozen model,lyc,20260907_lyc_focus_01,data/locked/2026-09-07/lyc_focus1_20260907.edf,focus,focus,864.0,868.0
pooled,Existing pooled frozen model,lyc,20260907_lyc_focus_01,data/locked/2026-09-07/lyc_focus1_20260907.edf,focus,unfocus,866.0,870.0
pooled,Existing pooled frozen model,lyc,20260907_lyc_focus_01,data/locked/2026-09-07/lyc_focus1_20260907.edf,focus,unfocus,868.0,872.0
pooled,Existing pooled frozen model,lyc,20260907_lyc_focus_01,data/locked/2026-09-07/lyc_focus1_20260907.edf,focus,unfocus,870.0,874.0
pooled,Existing pooled frozen model,lyc,20260907_lyc_focus_01,data/locked/2026-09-07/lyc_focus1_20260907.edf,focus,unfocus,872.0,876.0
lyc_personal,lyc personal model,lyc,20260907_lyc_focus_01,data/locked/2026-09-07/lyc_focus1_20260907.edf,focus,focus,30.0,34.0
lyc_personal,lyc personal model,lyc,20260907_lyc_focus_01,data/locked/2026-09-07/lyc_focus1_20260907.edf,focus,unfocus,32.0,36.0
lyc_personal,lyc personal model,lyc,20260907_lyc_focus_01,data/locked/2026-09-07/lyc_focus1_20260907.edf,focus,unfocus,34.0,38.0
lyc_personal,lyc personal model,lyc,20260907_lyc_focus_01,data/locked/2026-09-07/lyc_focus1_20260907.edf,focus,unfocus,36.0,40.0
lyc_personal,lyc personal model,lyc,20260907_lyc_focus_01,data/locked/2026-09-07/lyc_focus1_20260907.edf,focus,unfocus,38.0,42.0
lyc_personal,lyc personal model,lyc,20260907_lyc_focus_01,data/locked/2026-09-07/lyc_focus1_20260907.edf,focus,unfocus,40.0,44.0
lyc_personal,lyc personal model,lyc,20260907_lyc_focus_01,data/locked/2026-09-07/lyc_focus1_20260907.edf,focus,unfocus,42.0,46.0
lyc_personal,lyc personal model,lyc,20260907_lyc_focus_01,data/locked/2026-09-07/lyc_focus1_20260907.edf,focus,focus,44.0,48.0
lyc_personal,lyc personal model,lyc,20260907_lyc_focus_01,data/locked/2026-09-07/lyc_focus1_20260907.edf,focus,unfocus,46.0,50.0
lyc_personal,lyc personal model,lyc,20260907_lyc_focus_01,data/locked/2026-09-07/lyc_focus1_20260907.edf,focus,unfocus,48.0,52.0
lyc_personal,lyc personal model,lyc,20260907_lyc_focus_01,data/locked/2026-09-07/lyc_focus1_20260907.edf,focus,unfocus,50.0,54.0
lyc_personal,lyc personal model,lyc,20260907_lyc_focus_01,data/locked/2026-09-07/lyc_focus1_20260907.edf,focus,unfocus,52.0,56.0
lyc_personal,lyc personal model,lyc,20260907_lyc_focus_01,data/locked/2026-09-07/lyc_focus1_20260907.edf,focus,unfocus,54.0,58.0
lyc_personal,lyc personal model,lyc,20260907_lyc_focus_01,data/locked/2026-09-07/lyc_focus1_20260907.edf,focus,unfocus,56.0,60.0
lyc_personal,lyc personal model,lyc,20260907_lyc_focus_01,data/locked/2026-09-07/lyc_focus1_20260907.edf,focus,unfocus,58.0,62.0
lyc_personal,lyc personal model,lyc,20260907_lyc_focus_01,data/locked/2026-09-07/lyc_focus1_20260907.edf,focus,unfocus,60.0,64.0
lyc_personal,lyc personal model,lyc,20260907_lyc_focus_01,data/locked/2026-09-07/lyc_focus1_20260907.edf,focus,unfocus,62.0,66.0
lyc_personal,lyc personal model,lyc,20260907_lyc_focus_01,data/locked/2026-09-07/lyc_focus1_20260907.edf,focus,unfocus,64.0,68.0
lyc_personal,lyc personal model,lyc,20260907_lyc_focus_01,data/locked/2026-09-07/lyc_focus1_20260907.edf,focus,focus,66.0,70.0
lyc_personal,lyc personal model,lyc,20260907_lyc_focus_01,data/locked/2026-09-07/lyc_focus1_20260907.edf,focus,unfocus,68.0,72.0
lyc_personal,lyc personal model,lyc,20260907_lyc_focus_01,data/locked/2026-09-07/lyc_focus1_20260907.edf,focus,unfocus,70.0,74.0
lyc_personal,lyc personal model,lyc,20260907_lyc_focus_01,data/locked/2026-09-07/lyc_focus1_20260907.edf,focus,focus,72.0,76.0
lyc_personal,lyc personal model,lyc,20260907_lyc_focus_01,data/locked/2026-09-07/lyc_focus1_20260907.edf,focus,unfocus,74.0,78.0
lyc_personal,lyc personal model,lyc,20260907_lyc_focus_01,data/locked/2026-09-07/lyc_focus1_20260907.edf,focus,unfocus,76.0,80.0
lyc_personal,lyc personal model,lyc,20260907_lyc_focus_01,data/locked/2026-09-07/lyc_focus1_20260907.edf,focus,unfocus,78.0,82.0
lyc_personal,lyc personal model,lyc,20260907_lyc_focus_01,data/locked/2026-09-07/lyc_focus1_20260907.edf,focus,unfocus,80.0,84.0
lyc_personal,lyc personal model,lyc,20260907_lyc_focus_01,data/locked/2026-09-07/lyc_focus1_20260907.edf,focus,unfocus,82.0,86.0
lyc_personal,lyc personal model,lyc,20260907_lyc_focus_01,data/locked/2026-09-07/lyc_focus1_20260907.edf,focus,unfocus,84.0,88.0
lyc_personal,lyc personal model,lyc,20260907_lyc_focus_01,data/locked/2026-09-07/lyc_focus1_20260907.edf,focus,unfocus,86.0,90.0
lyc_personal,lyc personal model,lyc,20260907_lyc_focus_01,data/locked/2026-09-07/lyc_focus1_20260907.edf,focus,unfocus,88.0,92.0
lyc_personal,lyc personal model,lyc,20260907_lyc_focus_01,data/locked/2026-09-07/lyc_focus1_20260907.edf,focus,unfocus,90.0,94.0
lyc_personal,lyc personal model,lyc,20260907_lyc_focus_01,data/locked/2026-09-07/lyc_focus1_20260907.edf,focus,unfocus,92.0,96.0
lyc_personal,lyc personal model,lyc,20260907_lyc_focus_01,data/locked/2026-09-07/lyc_focus1_20260907.edf,focus,unfocus,94.0,98.0
lyc_personal,lyc personal model,lyc,20260907_lyc_focus_01,data/locked/2026-09-07/lyc_focus1_20260907.edf,focus,unfocus,96.0,100.0
lyc_personal,lyc personal model,lyc,20260907_lyc_focus_01,data/locked/2026-09-07/lyc_focus1_20260907.edf,focus,unfocus,98.0,102.0
lyc_personal,lyc personal model,lyc,20260907_lyc_focus_01,data/locked/2026-09-07/lyc_focus1_20260907.edf,focus,unfocus,100.0,104.0
lyc_personal,lyc personal model,lyc,20260907_lyc_focus_01,data/locked/2026-09-07/lyc_focus1_20260907.edf,focus,focus,102.0,106.0
lyc_personal,lyc personal model,lyc,20260907_lyc_focus_01,data/locked/2026-09-07/lyc_focus1_20260907.edf,focus,focus,104.0,108.0
lyc_personal,lyc personal model,lyc,20260907_lyc_focus_01,data/locked/2026-09-07/lyc_focus1_20260907.edf,focus,unfocus,106.0,110.0
lyc_personal,lyc personal model,lyc,20260907_lyc_focus_01,data/locked/2026-09-07/lyc_focus1_20260907.edf,focus,unfocus,108.0,112.0
lyc_personal,lyc personal model,lyc,20260907_lyc_focus_01,data/locked/2026-09-07/lyc_focus1_20260907.edf,focus,unfocus,110.0,114.0
lyc_personal,lyc personal model,lyc,20260907_lyc_focus_01,data/locked/2026-09-07/lyc_focus1_20260907.edf,focus,unfocus,112.0,116.0
lyc_personal,lyc personal model,lyc,20260907_lyc_focus_01,data/locked/2026-09-07/lyc_focus1_20260907.edf,focus,unfocus,114.0,118.0
lyc_personal,lyc personal model,lyc,20260907_lyc_focus_01,data/locked/2026-09-07/lyc_focus1_20260907.edf,focus,unfocus,116.0,120.0
lyc_personal,lyc personal model,lyc,20260907_lyc_focus_01,data/locked/2026-09-07/lyc_focus1_20260907.edf,focus,unfocus,118.0,122.0
lyc_personal,lyc personal model,lyc,20260907_lyc_focus_01,data/locked/2026-09-07/lyc_focus1_20260907.edf,focus,unfocus,120.0,124.0
lyc_personal,lyc personal model,lyc,20260907_lyc_focus_01,data/locked/2026-09-07/lyc_focus1_20260907.edf,focus,focus,122.0,126.0
lyc_personal,lyc personal model,lyc,20260907_lyc_focus_01,data/locked/2026-09-07/lyc_focus1_20260907.edf,focus,unfocus,124.0,128.0
lyc_personal,lyc personal model,lyc,20260907_lyc_focus_01,data/locked/2026-09-07/lyc_focus1_20260907.edf,focus,unfocus,126.0,130.0
lyc_personal,lyc personal model,lyc,20260907_lyc_focus_01,data/locked/2026-09-07/lyc_focus1_20260907.edf,focus,unfocus,128.0,132.0
lyc_personal,lyc personal model,lyc,20260907_lyc_focus_01,data/locked/2026-09-07/lyc_focus1_20260907.edf,focus,unfocus,130.0,134.0
lyc_personal,lyc personal model,lyc,20260907_lyc_focus_01,data/locked/2026-09-07/lyc_focus1_20260907.edf,focus,unfocus,132.0,136.0
lyc_personal,lyc personal model,lyc,20260907_lyc_focus_01,data/locked/2026-09-07/lyc_focus1_20260907.edf,focus,unfocus,134.0,138.0
lyc_personal,lyc personal model,lyc,20260907_lyc_focus_01,data/locked/2026-09-07/lyc_focus1_20260907.edf,focus,unfocus,136.0,140.0
lyc_personal,lyc personal model,lyc,20260907_lyc_focus_01,data/locked/2026-09-07/lyc_focus1_20260907.edf,focus,focus,138.0,142.0
lyc_personal,lyc personal model,lyc,20260907_lyc_focus_01,data/locked/2026-09-07/lyc_focus1_20260907.edf,focus,unfocus,140.0,144.0
lyc_personal,lyc personal model,lyc,20260907_lyc_focus_01,data/locked/2026-09-07/lyc_focus1_20260907.edf,focus,unfocus,142.0,146.0
lyc_personal,lyc personal model,lyc,20260907_lyc_focus_01,data/locked/2026-09-07/lyc_focus1_20260907.edf,focus,unfocus,144.0,148.0
lyc_personal,lyc personal model,lyc,20260907_lyc_focus_01,data/locked/2026-09-07/lyc_focus1_20260907.edf,focus,unfocus,146.0,150.0
lyc_personal,lyc personal model,lyc,20260907_lyc_focus_01,data/locked/2026-09-07/lyc_focus1_20260907.edf,focus,unfocus,148.0,152.0
lyc_personal,lyc personal model,lyc,20260907_lyc_focus_01,data/locked/2026-09-07/lyc_focus1_20260907.edf,focus,unfocus,150.0,154.0
lyc_personal,lyc personal model,lyc,20260907_lyc_focus_01,data/locked/2026-09-07/lyc_focus1_20260907.edf,focus,unfocus,152.0,156.0
lyc_personal,lyc personal model,lyc,20260907_lyc_focus_01,data/locked/2026-09-07/lyc_focus1_20260907.edf,focus,unfocus,154.0,158.0
lyc_personal,lyc personal model,lyc,20260907_lyc_focus_01,data/locked/2026-09-07/lyc_focus1_20260907.edf,focus,unfocus,156.0,160.0
lyc_personal,lyc personal model,lyc,20260907_lyc_focus_01,data/locked/2026-09-07/lyc_focus1_20260907.edf,focus,unfocus,158.0,162.0
lyc_personal,lyc personal model,lyc,20260907_lyc_focus_01,data/locked/2026-09-07/lyc_focus1_20260907.edf,focus,unfocus,160.0,164.0
lyc_personal,lyc personal model,lyc,20260907_lyc_focus_01,data/locked/2026-09-07/lyc_focus1_20260907.edf,focus,focus,162.0,166.0
lyc_personal,lyc personal model,lyc,20260907_lyc_focus_01,data/locked/2026-09-07/lyc_focus1_20260907.edf,focus,unfocus,164.0,168.0
lyc_personal,lyc personal model,lyc,20260907_lyc_focus_01,data/locked/2026-09-07/lyc_focus1_20260907.edf,focus,unfocus,166.0,170.0
lyc_personal,lyc personal model,lyc,20260907_lyc_focus_01,data/locked/2026-09-07/lyc_focus1_20260907.edf,focus,unfocus,168.0,172.0
lyc_personal,lyc personal model,lyc,20260907_lyc_focus_01,data/locked/2026-09-07/lyc_focus1_20260907.edf,focus,unfocus,170.0,174.0
lyc_personal,lyc personal model,lyc,20260907_lyc_focus_01,data/locked/2026-09-07/lyc_focus1_20260907.edf,focus,unfocus,172.0,176.0
lyc_personal,lyc personal model,lyc,20260907_lyc_focus_01,data/locked/2026-09-07/lyc_focus1_20260907.edf,focus,unfocus,174.0,178.0
lyc_personal,lyc personal model,lyc,20260907_lyc_focus_01,data/locked/2026-09-07/lyc_focus1_20260907.edf,focus,unfocus,176.0,180.0
lyc_personal,lyc personal model,lyc,20260907_lyc_focus_01,data/locked/2026-09-07/lyc_focus1_20260907.edf,focus,unfocus,178.0,182.0
lyc_personal,lyc personal model,lyc,20260907_lyc_focus_01,data/locked/2026-09-07/lyc_focus1_20260907.edf,focus,unfocus,180.0,184.0
lyc_personal,lyc personal model,lyc,20260907_lyc_focus_01,data/locked/2026-09-07/lyc_focus1_20260907.edf,focus,focus,182.0,186.0
lyc_personal,lyc personal model,lyc,20260907_lyc_focus_01,data/locked/2026-09-07/lyc_focus1_20260907.edf,focus,unfocus,184.0,188.0
lyc_personal,lyc personal model,lyc,20260907_lyc_focus_01,data/locked/2026-09-07/lyc_focus1_20260907.edf,focus,unfocus,186.0,190.0
lyc_personal,lyc personal model,lyc,20260907_lyc_focus_01,data/locked/2026-09-07/lyc_focus1_20260907.edf,focus,unfocus,188.0,192.0
lyc_personal,lyc personal model,lyc,20260907_lyc_focus_01,data/locked/2026-09-07/lyc_focus1_20260907.edf,focus,unfocus,190.0,194.0
lyc_personal,lyc personal model,lyc,20260907_lyc_focus_01,data/locked/2026-09-07/lyc_focus1_20260907.edf,focus,unfocus,192.0,196.0
lyc_personal,lyc personal model,lyc,20260907_lyc_focus_01,data/locked/2026-09-07/lyc_focus1_20260907.edf,focus,unfocus,194.0,198.0
lyc_personal,lyc personal model,lyc,20260907_lyc_focus_01,data/locked/2026-09-07/lyc_focus1_20260907.edf,focus,unfocus,196.0,200.0
lyc_personal,lyc personal model,lyc,20260907_lyc_focus_01,data/locked/2026-09-07/lyc_focus1_20260907.edf,focus,unfocus,198.0,202.0
lyc_personal,lyc personal model,lyc,20260907_lyc_focus_01,data/locked/2026-09-07/lyc_focus1_20260907.edf,focus,focus,200.0,204.0
lyc_personal,lyc personal model,lyc,20260907_lyc_focus_01,data/locked/2026-09-07/lyc_focus1_20260907.edf,focus,unfocus,202.0,206.0
lyc_personal,lyc personal model,lyc,20260907_lyc_focus_01,data/locked/2026-09-07/lyc_focus1_20260907.edf,focus,unfocus,204.0,208.0
lyc_personal,lyc personal model,lyc,20260907_lyc_focus_01,data/locked/2026-09-07/lyc_focus1_20260907.edf,focus,unfocus,206.0,210.0
lyc_personal,lyc personal model,lyc,20260907_lyc_focus_01,data/locked/2026-09-07/lyc_focus1_20260907.edf,focus,unfocus,208.0,212.0
lyc_personal,lyc personal model,lyc,20260907_lyc_focus_01,data/locked/2026-09-07/lyc_focus1_20260907.edf,focus,focus,210.0,214.0
lyc_personal,lyc personal model,lyc,20260907_lyc_focus_01,data/locked/2026-09-07/lyc_focus1_20260907.edf,focus,unfocus,212.0,216.0
lyc_personal,lyc personal model,lyc,20260907_lyc_focus_01,data/locked/2026-09-07/lyc_focus1_20260907.edf,focus,unfocus,214.0,218.0
lyc_personal,lyc personal model,lyc,20260907_lyc_focus_01,data/locked/2026-09-07/lyc_focus1_20260907.edf,focus,unfocus,216.0,220.0
lyc_personal,lyc personal model,lyc,20260907_lyc_focus_01,data/locked/2026-09-07/lyc_focus1_20260907.edf,focus,unfocus,218.0,222.0
lyc_personal,lyc personal model,lyc,20260907_lyc_focus_01,data/locked/2026-09-07/lyc_focus1_20260907.edf,focus,unfocus,220.0,224.0
lyc_personal,lyc personal model,lyc,20260907_lyc_focus_01,data/locked/2026-09-07/lyc_focus1_20260907.edf,focus,focus,222.0,226.0
lyc_personal,lyc personal model,lyc,20260907_lyc_focus_01,data/locked/2026-09-07/lyc_focus1_20260907.edf,focus,focus,224.0,228.0
lyc_personal,lyc personal model,lyc,20260907_lyc_focus_01,data/locked/2026-09-07/lyc_focus1_20260907.edf,focus,unfocus,226.0,230.0
lyc_personal,lyc personal model,lyc,20260907_lyc_focus_01,data/locked/2026-09-07/lyc_focus1_20260907.edf,focus,unfocus,228.0,232.0
lyc_personal,lyc personal model,lyc,20260907_lyc_focus_01,data/locked/2026-09-07/lyc_focus1_20260907.edf,focus,unfocus,230.0,234.0
lyc_personal,lyc personal model,lyc,20260907_lyc_focus_01,data/locked/2026-09-07/lyc_focus1_20260907.edf,focus,unfocus,232.0,236.0
lyc_personal,lyc personal model,lyc,20260907_lyc_focus_01,data/locked/2026-09-07/lyc_focus1_20260907.edf,focus,unfocus,234.0,238.0
lyc_personal,lyc personal model,lyc,20260907_lyc_focus_01,data/locked/2026-09-07/lyc_focus1_20260907.edf,focus,unfocus,236.0,240.0
lyc_personal,lyc personal model,lyc,20260907_lyc_focus_01,data/locked/2026-09-07/lyc_focus1_20260907.edf,focus,unfocus,238.0,242.0
lyc_personal,lyc personal model,lyc,20260907_lyc_focus_01,data/locked/2026-09-07/lyc_focus1_20260907.edf,focus,unfocus,240.0,244.0
lyc_personal,lyc personal model,lyc,20260907_lyc_focus_01,data/locked/2026-09-07/lyc_focus1_20260907.edf,focus,focus,242.0,246.0
lyc_personal,lyc personal model,lyc,20260907_lyc_focus_01,data/locked/2026-09-07/lyc_focus1_20260907.edf,focus,unfocus,244.0,248.0
lyc_personal,lyc personal model,lyc,20260907_lyc_focus_01,data/locked/2026-09-07/lyc_focus1_20260907.edf,focus,unfocus,246.0,250.0
lyc_personal,lyc personal model,lyc,20260907_lyc_focus_01,data/locked/2026-09-07/lyc_focus1_20260907.edf,focus,unfocus,248.0,252.0
lyc_personal,lyc personal model,lyc,20260907_lyc_focus_01,data/locked/2026-09-07/lyc_focus1_20260907.edf,focus,unfocus,250.0,254.0
lyc_personal,lyc personal model,lyc,20260907_lyc_focus_01,data/locked/2026-09-07/lyc_focus1_20260907.edf,focus,unfocus,252.0,256.0
lyc_personal,lyc personal model,lyc,20260907_lyc_focus_01,data/locked/2026-09-07/lyc_focus1_20260907.edf,focus,unfocus,254.0,258.0
lyc_personal,lyc personal model,lyc,20260907_lyc_focus_01,data/locked/2026-09-07/lyc_focus1_20260907.edf,focus,unfocus,256.0,260.0
lyc_personal,lyc personal model,lyc,20260907_lyc_focus_01,data/locked/2026-09-07/lyc_focus1_20260907.edf,focus,unfocus,258.0,262.0
lyc_personal,lyc personal model,lyc,20260907_lyc_focus_01,data/locked/2026-09-07/lyc_focus1_20260907.edf,focus,unfocus,260.0,264.0
lyc_personal,lyc personal model,lyc,20260907_lyc_focus_01,data/locked/2026-09-07/lyc_focus1_20260907.edf,focus,unfocus,262.0,266.0
lyc_personal,lyc personal model,lyc,20260907_lyc_focus_01,data/locked/2026-09-07/lyc_focus1_20260907.edf,focus,unfocus,264.0,268.0
lyc_personal,lyc personal model,lyc,20260907_lyc_focus_01,data/locked/2026-09-07/lyc_focus1_20260907.edf,focus,focus,266.0,270.0
lyc_personal,lyc personal model,lyc,20260907_lyc_focus_01,data/locked/2026-09-07/lyc_focus1_20260907.edf,focus,focus,268.0,272.0
lyc_personal,lyc personal model,lyc,20260907_lyc_focus_01,data/locked/2026-09-07/lyc_focus1_20260907.edf,focus,focus,270.0,274.0
lyc_personal,lyc personal model,lyc,20260907_lyc_focus_01,data/locked/2026-09-07/lyc_focus1_20260907.edf,focus,unfocus,272.0,276.0
lyc_personal,lyc personal model,lyc,20260907_lyc_focus_01,data/locked/2026-09-07/lyc_focus1_20260907.edf,focus,unfocus,274.0,278.0
lyc_personal,lyc personal model,lyc,20260907_lyc_focus_01,data/locked/2026-09-07/lyc_focus1_20260907.edf,focus,focus,276.0,280.0
lyc_personal,lyc personal model,lyc,20260907_lyc_focus_01,data/locked/2026-09-07/lyc_focus1_20260907.edf,focus,focus,278.0,282.0
lyc_personal,lyc personal model,lyc,20260907_lyc_focus_01,data/locked/2026-09-07/lyc_focus1_20260907.edf,focus,unfocus,280.0,284.0
lyc_personal,lyc personal model,lyc,20260907_lyc_focus_01,data/locked/2026-09-07/lyc_focus1_20260907.edf,focus,focus,282.0,286.0
lyc_personal,lyc personal model,lyc,20260907_lyc_focus_01,data/locked/2026-09-07/lyc_focus1_20260907.edf,focus,focus,284.0,288.0
lyc_personal,lyc personal model,lyc,20260907_lyc_focus_01,data/locked/2026-09-07/lyc_focus1_20260907.edf,focus,unfocus,286.0,290.0
lyc_personal,lyc personal model,lyc,20260907_lyc_focus_01,data/locked/2026-09-07/lyc_focus1_20260907.edf,focus,unfocus,288.0,292.0
lyc_personal,lyc personal model,lyc,20260907_lyc_focus_01,data/locked/2026-09-07/lyc_focus1_20260907.edf,focus,unfocus,290.0,294.0
lyc_personal,lyc personal model,lyc,20260907_lyc_focus_01,data/locked/2026-09-07/lyc_focus1_20260907.edf,focus,unfocus,292.0,296.0
lyc_personal,lyc personal model,lyc,20260907_lyc_focus_01,data/locked/2026-09-07/lyc_focus1_20260907.edf,focus,focus,294.0,298.0
lyc_personal,lyc personal model,lyc,20260907_lyc_focus_01,data/locked/2026-09-07/lyc_focus1_20260907.edf,focus,unfocus,296.0,300.0
lyc_personal,lyc personal model,lyc,20260907_lyc_focus_01,data/locked/2026-09-07/lyc_focus1_20260907.edf,focus,unfocus,298.0,302.0
lyc_personal,lyc personal model,lyc,20260907_lyc_focus_01,data/locked/2026-09-07/lyc_focus1_20260907.edf,focus,focus,300.0,304.0
lyc_personal,lyc personal model,lyc,20260907_lyc_focus_01,data/locked/2026-09-07/lyc_focus1_20260907.edf,focus,focus,302.0,306.0
lyc_personal,lyc personal model,lyc,20260907_lyc_focus_01,data/locked/2026-09-07/lyc_focus1_20260907.edf,focus,unfocus,304.0,308.0
lyc_personal,lyc personal model,lyc,20260907_lyc_focus_01,data/locked/2026-09-07/lyc_focus1_20260907.edf,focus,unfocus,306.0,310.0
lyc_personal,lyc personal model,lyc,20260907_lyc_focus_01,data/locked/2026-09-07/lyc_focus1_20260907.edf,focus,unfocus,308.0,312.0
lyc_personal,lyc personal model,lyc,20260907_lyc_focus_01,data/locked/2026-09-07/lyc_focus1_20260907.edf,focus,focus,310.0,314.0
lyc_personal,lyc personal model,lyc,20260907_lyc_focus_01,data/locked/2026-09-07/lyc_focus1_20260907.edf,focus,unfocus,312.0,316.0
lyc_personal,lyc personal model,lyc,20260907_lyc_focus_01,data/locked/2026-09-07/lyc_focus1_20260907.edf,focus,unfocus,314.0,318.0
lyc_personal,lyc personal model,lyc,20260907_lyc_focus_01,data/locked/2026-09-07/lyc_focus1_20260907.edf,focus,unfocus,316.0,320.0
lyc_personal,lyc personal model,lyc,20260907_lyc_focus_01,data/locked/2026-09-07/lyc_focus1_20260907.edf,focus,unfocus,318.0,322.0
lyc_personal,lyc personal model,lyc,20260907_lyc_focus_01,data/locked/2026-09-07/lyc_focus1_20260907.edf,focus,unfocus,320.0,324.0
lyc_personal,lyc personal model,lyc,20260907_lyc_focus_01,data/locked/2026-09-07/lyc_focus1_20260907.edf,focus,focus,322.0,326.0
lyc_personal,lyc personal model,lyc,20260907_lyc_focus_01,data/locked/2026-09-07/lyc_focus1_20260907.edf,focus,unfocus,324.0,328.0
lyc_personal,lyc personal model,lyc,20260907_lyc_focus_01,data/locked/2026-09-07/lyc_focus1_20260907.edf,focus,unfocus,326.0,330.0
lyc_personal,lyc personal model,lyc,20260907_lyc_focus_01,data/locked/2026-09-07/lyc_focus1_20260907.edf,focus,unfocus,328.0,332.0
lyc_personal,lyc personal model,lyc,20260907_lyc_focus_01,data/locked/2026-09-07/lyc_focus1_20260907.edf,focus,unfocus,330.0,334.0
lyc_personal,lyc personal model,lyc,20260907_lyc_focus_01,data/locked/2026-09-07/lyc_focus1_20260907.edf,focus,focus,332.0,336.0
lyc_personal,lyc personal model,lyc,20260907_lyc_focus_01,data/locked/2026-09-07/lyc_focus1_20260907.edf,focus,focus,334.0,338.0
lyc_personal,lyc personal model,lyc,20260907_lyc_focus_01,data/locked/2026-09-07/lyc_focus1_20260907.edf,focus,focus,336.0,340.0
lyc_personal,lyc personal model,lyc,20260907_lyc_focus_01,data/locked/2026-09-07/lyc_focus1_20260907.edf,focus,unfocus,338.0,342.0
lyc_personal,lyc personal model,lyc,20260907_lyc_focus_01,data/locked/2026-09-07/lyc_focus1_20260907.edf,focus,unfocus,340.0,344.0
lyc_personal,lyc personal model,lyc,20260907_lyc_focus_01,data/locked/2026-09-07/lyc_focus1_20260907.edf,focus,focus,342.0,346.0
lyc_personal,lyc personal model,lyc,20260907_lyc_focus_01,data/locked/2026-09-07/lyc_focus1_20260907.edf,focus,focus,344.0,348.0
lyc_personal,lyc personal model,lyc,20260907_lyc_focus_01,data/locked/2026-09-07/lyc_focus1_20260907.edf,focus,focus,346.0,350.0
lyc_personal,lyc personal model,lyc,20260907_lyc_focus_01,data/locked/2026-09-07/lyc_focus1_20260907.edf,focus,focus,348.0,352.0
lyc_personal,lyc personal model,lyc,20260907_lyc_focus_01,data/locked/2026-09-07/lyc_focus1_20260907.edf,focus,unfocus,350.0,354.0
lyc_personal,lyc personal model,lyc,20260907_lyc_focus_01,data/locked/2026-09-07/lyc_focus1_20260907.edf,focus,unfocus,352.0,356.0
lyc_personal,lyc personal model,lyc,20260907_lyc_focus_01,data/locked/2026-09-07/lyc_focus1_20260907.edf,focus,unfocus,354.0,358.0
lyc_personal,lyc personal model,lyc,20260907_lyc_focus_01,data/locked/2026-09-07/lyc_focus1_20260907.edf,focus,unfocus,356.0,360.0
lyc_personal,lyc personal model,lyc,20260907_lyc_focus_01,data/locked/2026-09-07/lyc_focus1_20260907.edf,focus,unfocus,358.0,362.0
lyc_personal,lyc personal model,lyc,20260907_lyc_focus_01,data/locked/2026-09-07/lyc_focus1_20260907.edf,focus,unfocus,360.0,364.0
lyc_personal,lyc personal model,lyc,20260907_lyc_focus_01,data/locked/2026-09-07/lyc_focus1_20260907.edf,focus,unfocus,362.0,366.0
lyc_personal,lyc personal model,lyc,20260907_lyc_focus_01,data/locked/2026-09-07/lyc_focus1_20260907.edf,focus,unfocus,364.0,368.0
lyc_personal,lyc personal model,lyc,20260907_lyc_focus_01,data/locked/2026-09-07/lyc_focus1_20260907.edf,focus,unfocus,366.0,370.0
lyc_personal,lyc personal model,lyc,20260907_lyc_focus_01,data/locked/2026-09-07/lyc_focus1_20260907.edf,focus,unfocus,368.0,372.0
lyc_personal,lyc personal model,lyc,20260907_lyc_focus_01,data/locked/2026-09-07/lyc_focus1_20260907.edf,focus,unfocus,370.0,374.0
lyc_personal,lyc personal model,lyc,20260907_lyc_focus_01,data/locked/2026-09-07/lyc_focus1_20260907.edf,focus,unfocus,372.0,376.0
lyc_personal,lyc personal model,lyc,20260907_lyc_focus_01,data/locked/2026-09-07/lyc_focus1_20260907.edf,focus,unfocus,374.0,378.0
lyc_personal,lyc personal model,lyc,20260907_lyc_focus_01,data/locked/2026-09-07/lyc_focus1_20260907.edf,focus,unfocus,376.0,380.0
lyc_personal,lyc personal model,lyc,20260907_lyc_focus_01,data/locked/2026-09-07/lyc_focus1_20260907.edf,focus,unfocus,378.0,382.0
lyc_personal,lyc personal model,lyc,20260907_lyc_focus_01,data/locked/2026-09-07/lyc_focus1_20260907.edf,focus,unfocus,380.0,384.0
lyc_personal,lyc personal model,lyc,20260907_lyc_focus_01,data/locked/2026-09-07/lyc_focus1_20260907.edf,focus,unfocus,382.0,386.0
lyc_personal,lyc personal model,lyc,20260907_lyc_focus_01,data/locked/2026-09-07/lyc_focus1_20260907.edf,focus,unfocus,384.0,388.0
lyc_personal,lyc personal model,lyc,20260907_lyc_focus_01,data/locked/2026-09-07/lyc_focus1_20260907.edf,focus,unfocus,386.0,390.0
lyc_personal,lyc personal model,lyc,20260907_lyc_focus_01,data/locked/2026-09-07/lyc_focus1_20260907.edf,focus,unfocus,388.0,392.0
lyc_personal,lyc personal model,lyc,20260907_lyc_focus_01,data/locked/2026-09-07/lyc_focus1_20260907.edf,focus,focus,390.0,394.0
lyc_personal,lyc personal model,lyc,20260907_lyc_focus_01,data/locked/2026-09-07/lyc_focus1_20260907.edf,focus,unfocus,392.0,396.0
lyc_personal,lyc personal model,lyc,20260907_lyc_focus_01,data/locked/2026-09-07/lyc_focus1_20260907.edf,focus,unfocus,394.0,398.0
lyc_personal,lyc personal model,lyc,20260907_lyc_focus_01,data/locked/2026-09-07/lyc_focus1_20260907.edf,focus,unfocus,396.0,400.0
lyc_personal,lyc personal model,lyc,20260907_lyc_focus_01,data/locked/2026-09-07/lyc_focus1_20260907.edf,focus,unfocus,398.0,402.0
lyc_personal,lyc personal model,lyc,20260907_lyc_focus_01,data/locked/2026-09-07/lyc_focus1_20260907.edf,focus,unfocus,400.0,404.0
lyc_personal,lyc personal model,lyc,20260907_lyc_focus_01,data/locked/2026-09-07/lyc_focus1_20260907.edf,focus,unfocus,402.0,406.0
lyc_personal,lyc personal model,lyc,20260907_lyc_focus_01,data/locked/2026-09-07/lyc_focus1_20260907.edf,focus,unfocus,404.0,408.0
lyc_personal,lyc personal model,lyc,20260907_lyc_focus_01,data/locked/2026-09-07/lyc_focus1_20260907.edf,focus,focus,406.0,410.0
lyc_personal,lyc personal model,lyc,20260907_lyc_focus_01,data/locked/2026-09-07/lyc_focus1_20260907.edf,focus,unfocus,408.0,412.0
lyc_personal,lyc personal model,lyc,20260907_lyc_focus_01,data/locked/2026-09-07/lyc_focus1_20260907.edf,focus,unfocus,410.0,414.0
lyc_personal,lyc personal model,lyc,20260907_lyc_focus_01,data/locked/2026-09-07/lyc_focus1_20260907.edf,focus,unfocus,412.0,416.0
lyc_personal,lyc personal model,lyc,20260907_lyc_focus_01,data/locked/2026-09-07/lyc_focus1_20260907.edf,focus,unfocus,414.0,418.0
lyc_personal,lyc personal model,lyc,20260907_lyc_focus_01,data/locked/2026-09-07/lyc_focus1_20260907.edf,focus,unfocus,416.0,420.0
lyc_personal,lyc personal model,lyc,20260907_lyc_focus_01,data/locked/2026-09-07/lyc_focus1_20260907.edf,focus,unfocus,418.0,422.0
lyc_personal,lyc personal model,lyc,20260907_lyc_focus_01,data/locked/2026-09-07/lyc_focus1_20260907.edf,focus,unfocus,420.0,424.0
lyc_personal,lyc personal model,lyc,20260907_lyc_focus_01,data/locked/2026-09-07/lyc_focus1_20260907.edf,focus,unfocus,422.0,426.0
lyc_personal,lyc personal model,lyc,20260907_lyc_focus_01,data/locked/2026-09-07/lyc_focus1_20260907.edf,focus,unfocus,424.0,428.0
lyc_personal,lyc personal model,lyc,20260907_lyc_focus_01,data/locked/2026-09-07/lyc_focus1_20260907.edf,focus,unfocus,426.0,430.0
lyc_personal,lyc personal model,lyc,20260907_lyc_focus_01,data/locked/2026-09-07/lyc_focus1_20260907.edf,focus,unfocus,428.0,432.0
lyc_personal,lyc personal model,lyc,20260907_lyc_focus_01,data/locked/2026-09-07/lyc_focus1_20260907.edf,focus,unfocus,430.0,434.0
lyc_personal,lyc personal model,lyc,20260907_lyc_focus_01,data/locked/2026-09-07/lyc_focus1_20260907.edf,focus,focus,432.0,436.0
lyc_personal,lyc personal model,lyc,20260907_lyc_focus_01,data/locked/2026-09-07/lyc_focus1_20260907.edf,focus,focus,434.0,438.0
lyc_personal,lyc personal model,lyc,20260907_lyc_focus_01,data/locked/2026-09-07/lyc_focus1_20260907.edf,focus,focus,436.0,440.0
lyc_personal,lyc personal model,lyc,20260907_lyc_focus_01,data/locked/2026-09-07/lyc_focus1_20260907.edf,focus,unfocus,438.0,442.0
lyc_personal,lyc personal model,lyc,20260907_lyc_focus_01,data/locked/2026-09-07/lyc_focus1_20260907.edf,focus,unfocus,440.0,444.0
lyc_personal,lyc personal model,lyc,20260907_lyc_focus_01,data/locked/2026-09-07/lyc_focus1_20260907.edf,focus,unfocus,442.0,446.0
lyc_personal,lyc personal model,lyc,20260907_lyc_focus_01,data/locked/2026-09-07/lyc_focus1_20260907.edf,focus,unfocus,444.0,448.0
lyc_personal,lyc personal model,lyc,20260907_lyc_focus_01,data/locked/2026-09-07/lyc_focus1_20260907.edf,focus,unfocus,446.0,450.0
lyc_personal,lyc personal model,lyc,20260907_lyc_focus_01,data/locked/2026-09-07/lyc_focus1_20260907.edf,focus,focus,448.0,452.0
lyc_personal,lyc personal model,lyc,20260907_lyc_focus_01,data/locked/2026-09-07/lyc_focus1_20260907.edf,focus,focus,450.0,454.0
lyc_personal,lyc personal model,lyc,20260907_lyc_focus_01,data/locked/2026-09-07/lyc_focus1_20260907.edf,focus,unfocus,452.0,456.0
lyc_personal,lyc personal model,lyc,20260907_lyc_focus_01,data/locked/2026-09-07/lyc_focus1_20260907.edf,focus,unfocus,454.0,458.0
lyc_personal,lyc personal model,lyc,20260907_lyc_focus_01,data/locked/2026-09-07/lyc_focus1_20260907.edf,focus,unfocus,456.0,460.0
lyc_personal,lyc personal model,lyc,20260907_lyc_focus_01,data/locked/2026-09-07/lyc_focus1_20260907.edf,focus,unfocus,458.0,462.0
lyc_personal,lyc personal model,lyc,20260907_lyc_focus_01,data/locked/2026-09-07/lyc_focus1_20260907.edf,focus,unfocus,460.0,464.0
lyc_personal,lyc personal model,lyc,20260907_lyc_focus_01,data/locked/2026-09-07/lyc_focus1_20260907.edf,focus,unfocus,462.0,466.0
lyc_personal,lyc personal model,lyc,20260907_lyc_focus_01,data/locked/2026-09-07/lyc_focus1_20260907.edf,focus,unfocus,464.0,468.0
lyc_personal,lyc personal model,lyc,20260907_lyc_focus_01,data/locked/2026-09-07/lyc_focus1_20260907.edf,focus,unfocus,466.0,470.0
lyc_personal,lyc personal model,lyc,20260907_lyc_focus_01,data/locked/2026-09-07/lyc_focus1_20260907.edf,focus,unfocus,468.0,472.0
lyc_personal,lyc personal model,lyc,20260907_lyc_focus_01,data/locked/2026-09-07/lyc_focus1_20260907.edf,focus,focus,470.0,474.0
lyc_personal,lyc personal model,lyc,20260907_lyc_focus_01,data/locked/2026-09-07/lyc_focus1_20260907.edf,focus,unfocus,472.0,476.0
lyc_personal,lyc personal model,lyc,20260907_lyc_focus_01,data/locked/2026-09-07/lyc_focus1_20260907.edf,focus,unfocus,474.0,478.0
lyc_personal,lyc personal model,lyc,20260907_lyc_focus_01,data/locked/2026-09-07/lyc_focus1_20260907.edf,focus,unfocus,476.0,480.0
lyc_personal,lyc personal model,lyc,20260907_lyc_focus_01,data/locked/2026-09-07/lyc_focus1_20260907.edf,focus,unfocus,478.0,482.0
lyc_personal,lyc personal model,lyc,20260907_lyc_focus_01,data/locked/2026-09-07/lyc_focus1_20260907.edf,focus,focus,480.0,484.0
lyc_personal,lyc personal model,lyc,20260907_lyc_focus_01,data/locked/2026-09-07/lyc_focus1_20260907.edf,focus,unfocus,482.0,486.0
lyc_personal,lyc personal model,lyc,20260907_lyc_focus_01,data/locked/2026-09-07/lyc_focus1_20260907.edf,focus,unfocus,484.0,488.0
lyc_personal,lyc personal model,lyc,20260907_lyc_focus_01,data/locked/2026-09-07/lyc_focus1_20260907.edf,focus,unfocus,486.0,490.0
lyc_personal,lyc personal model,lyc,20260907_lyc_focus_01,data/locked/2026-09-07/lyc_focus1_20260907.edf,focus,unfocus,488.0,492.0
lyc_personal,lyc personal model,lyc,20260907_lyc_focus_01,data/locked/2026-09-07/lyc_focus1_20260907.edf,focus,unfocus,490.0,494.0
lyc_personal,lyc personal model,lyc,20260907_lyc_focus_01,data/locked/2026-09-07/lyc_focus1_20260907.edf,focus,unfocus,492.0,496.0
lyc_personal,lyc personal model,lyc,20260907_lyc_focus_01,data/locked/2026-09-07/lyc_focus1_20260907.edf,focus,unfocus,494.0,498.0
lyc_personal,lyc personal model,lyc,20260907_lyc_focus_01,data/locked/2026-09-07/lyc_focus1_20260907.edf,focus,unfocus,496.0,500.0
lyc_personal,lyc personal model,lyc,20260907_lyc_focus_01,data/locked/2026-09-07/lyc_focus1_20260907.edf,focus,unfocus,498.0,502.0
lyc_personal,lyc personal model,lyc,20260907_lyc_focus_01,data/locked/2026-09-07/lyc_focus1_20260907.edf,focus,unfocus,500.0,504.0
lyc_personal,lyc personal model,lyc,20260907_lyc_focus_01,data/locked/2026-09-07/lyc_focus1_20260907.edf,focus,unfocus,502.0,506.0
lyc_personal,lyc personal model,lyc,20260907_lyc_focus_01,data/locked/2026-09-07/lyc_focus1_20260907.edf,focus,unfocus,504.0,508.0
lyc_personal,lyc personal model,lyc,20260907_lyc_focus_01,data/locked/2026-09-07/lyc_focus1_20260907.edf,focus,unfocus,506.0,510.0
lyc_personal,lyc personal model,lyc,20260907_lyc_focus_01,data/locked/2026-09-07/lyc_focus1_20260907.edf,focus,unfocus,508.0,512.0
lyc_personal,lyc personal model,lyc,20260907_lyc_focus_01,data/locked/2026-09-07/lyc_focus1_20260907.edf,focus,unfocus,510.0,514.0
lyc_personal,lyc personal model,lyc,20260907_lyc_focus_01,data/locked/2026-09-07/lyc_focus1_20260907.edf,focus,unfocus,512.0,516.0
lyc_personal,lyc personal model,lyc,20260907_lyc_focus_01,data/locked/2026-09-07/lyc_focus1_20260907.edf,focus,unfocus,514.0,518.0
lyc_personal,lyc personal model,lyc,20260907_lyc_focus_01,data/locked/2026-09-07/lyc_focus1_20260907.edf,focus,unfocus,516.0,520.0
lyc_personal,lyc personal model,lyc,20260907_lyc_focus_01,data/locked/2026-09-07/lyc_focus1_20260907.edf,focus,unfocus,518.0,522.0
lyc_personal,lyc personal model,lyc,20260907_lyc_focus_01,data/locked/2026-09-07/lyc_focus1_20260907.edf,focus,unfocus,520.0,524.0
lyc_personal,lyc personal model,lyc,20260907_lyc_focus_01,data/locked/2026-09-07/lyc_focus1_20260907.edf,focus,unfocus,522.0,526.0
lyc_personal,lyc personal model,lyc,20260907_lyc_focus_01,data/locked/2026-09-07/lyc_focus1_20260907.edf,focus,unfocus,524.0,528.0
lyc_personal,lyc personal model,lyc,20260907_lyc_focus_01,data/locked/2026-09-07/lyc_focus1_20260907.edf,focus,unfocus,526.0,530.0
lyc_personal,lyc personal model,lyc,20260907_lyc_focus_01,data/locked/2026-09-07/lyc_focus1_20260907.edf,focus,unfocus,528.0,532.0
lyc_personal,lyc personal model,lyc,20260907_lyc_focus_01,data/locked/2026-09-07/lyc_focus1_20260907.edf,focus,unfocus,530.0,534.0
lyc_personal,lyc personal model,lyc,20260907_lyc_focus_01,data/locked/2026-09-07/lyc_focus1_20260907.edf,focus,unfocus,532.0,536.0
lyc_personal,lyc personal model,lyc,20260907_lyc_focus_01,data/locked/2026-09-07/lyc_focus1_20260907.edf,focus,unfocus,534.0,538.0
lyc_personal,lyc personal model,lyc,20260907_lyc_focus_01,data/locked/2026-09-07/lyc_focus1_20260907.edf,focus,focus,536.0,540.0
lyc_personal,lyc personal model,lyc,20260907_lyc_focus_01,data/locked/2026-09-07/lyc_focus1_20260907.edf,focus,unfocus,538.0,542.0
lyc_personal,lyc personal model,lyc,20260907_lyc_focus_01,data/locked/2026-09-07/lyc_focus1_20260907.edf,focus,unfocus,540.0,544.0
lyc_personal,lyc personal model,lyc,20260907_lyc_focus_01,data/locked/2026-09-07/lyc_focus1_20260907.edf,focus,unfocus,542.0,546.0
lyc_personal,lyc personal model,lyc,20260907_lyc_focus_01,data/locked/2026-09-07/lyc_focus1_20260907.edf,focus,unfocus,544.0,548.0
lyc_personal,lyc personal model,lyc,20260907_lyc_focus_01,data/locked/2026-09-07/lyc_focus1_20260907.edf,focus,unfocus,546.0,550.0
lyc_personal,lyc personal model,lyc,20260907_lyc_focus_01,data/locked/2026-09-07/lyc_focus1_20260907.edf,focus,focus,548.0,552.0
lyc_personal,lyc personal model,lyc,20260907_lyc_focus_01,data/locked/2026-09-07/lyc_focus1_20260907.edf,focus,unfocus,550.0,554.0
lyc_personal,lyc personal model,lyc,20260907_lyc_focus_01,data/locked/2026-09-07/lyc_focus1_20260907.edf,focus,unfocus,552.0,556.0
lyc_personal,lyc personal model,lyc,20260907_lyc_focus_01,data/locked/2026-09-07/lyc_focus1_20260907.edf,focus,focus,554.0,558.0
lyc_personal,lyc personal model,lyc,20260907_lyc_focus_01,data/locked/2026-09-07/lyc_focus1_20260907.edf,focus,unfocus,556.0,560.0
lyc_personal,lyc personal model,lyc,20260907_lyc_focus_01,data/locked/2026-09-07/lyc_focus1_20260907.edf,focus,unfocus,558.0,562.0
lyc_personal,lyc personal model,lyc,20260907_lyc_focus_01,data/locked/2026-09-07/lyc_focus1_20260907.edf,focus,focus,560.0,564.0
lyc_personal,lyc personal model,lyc,20260907_lyc_focus_01,data/locked/2026-09-07/lyc_focus1_20260907.edf,focus,focus,562.0,566.0
lyc_personal,lyc personal model,lyc,20260907_lyc_focus_01,data/locked/2026-09-07/lyc_focus1_20260907.edf,focus,focus,564.0,568.0
lyc_personal,lyc personal model,lyc,20260907_lyc_focus_01,data/locked/2026-09-07/lyc_focus1_20260907.edf,focus,unfocus,566.0,570.0
lyc_personal,lyc personal model,lyc,20260907_lyc_focus_01,data/locked/2026-09-07/lyc_focus1_20260907.edf,focus,unfocus,568.0,572.0
lyc_personal,lyc personal model,lyc,20260907_lyc_focus_01,data/locked/2026-09-07/lyc_focus1_20260907.edf,focus,unfocus,570.0,574.0
lyc_personal,lyc personal model,lyc,20260907_lyc_focus_01,data/locked/2026-09-07/lyc_focus1_20260907.edf,focus,unfocus,572.0,576.0
lyc_personal,lyc personal model,lyc,20260907_lyc_focus_01,data/locked/2026-09-07/lyc_focus1_20260907.edf,focus,unfocus,574.0,578.0
lyc_personal,lyc personal model,lyc,20260907_lyc_focus_01,data/locked/2026-09-07/lyc_focus1_20260907.edf,focus,unfocus,576.0,580.0
lyc_personal,lyc personal model,lyc,20260907_lyc_focus_01,data/locked/2026-09-07/lyc_focus1_20260907.edf,focus,unfocus,578.0,582.0
lyc_personal,lyc personal model,lyc,20260907_lyc_focus_01,data/locked/2026-09-07/lyc_focus1_20260907.edf,focus,unfocus,580.0,584.0
lyc_personal,lyc personal model,lyc,20260907_lyc_focus_01,data/locked/2026-09-07/lyc_focus1_20260907.edf,focus,unfocus,582.0,586.0
lyc_personal,lyc personal model,lyc,20260907_lyc_focus_01,data/locked/2026-09-07/lyc_focus1_20260907.edf,focus,unfocus,584.0,588.0
lyc_personal,lyc personal model,lyc,20260907_lyc_focus_01,data/locked/2026-09-07/lyc_focus1_20260907.edf,focus,unfocus,586.0,590.0
lyc_personal,lyc personal model,lyc,20260907_lyc_focus_01,data/locked/2026-09-07/lyc_focus1_20260907.edf,focus,unfocus,588.0,592.0
lyc_personal,lyc personal model,lyc,20260907_lyc_focus_01,data/locked/2026-09-07/lyc_focus1_20260907.edf,focus,unfocus,590.0,594.0
lyc_personal,lyc personal model,lyc,20260907_lyc_focus_01,data/locked/2026-09-07/lyc_focus1_20260907.edf,focus,unfocus,592.0,596.0
lyc_personal,lyc personal model,lyc,20260907_lyc_focus_01,data/locked/2026-09-07/lyc_focus1_20260907.edf,focus,unfocus,594.0,598.0
lyc_personal,lyc personal model,lyc,20260907_lyc_focus_01,data/locked/2026-09-07/lyc_focus1_20260907.edf,focus,unfocus,596.0,600.0
lyc_personal,lyc personal model,lyc,20260907_lyc_focus_01,data/locked/2026-09-07/lyc_focus1_20260907.edf,focus,unfocus,598.0,602.0
lyc_personal,lyc personal model,lyc,20260907_lyc_focus_01,data/locked/2026-09-07/lyc_focus1_20260907.edf,focus,unfocus,600.0,604.0
lyc_personal,lyc personal model,lyc,20260907_lyc_focus_01,data/locked/2026-09-07/lyc_focus1_20260907.edf,focus,unfocus,602.0,606.0
lyc_personal,lyc personal model,lyc,20260907_lyc_focus_01,data/locked/2026-09-07/lyc_focus1_20260907.edf,focus,unfocus,604.0,608.0
lyc_personal,lyc personal model,lyc,20260907_lyc_focus_01,data/locked/2026-09-07/lyc_focus1_20260907.edf,focus,unfocus,606.0,610.0
lyc_personal,lyc personal model,lyc,20260907_lyc_focus_01,data/locked/2026-09-07/lyc_focus1_20260907.edf,focus,unfocus,608.0,612.0
lyc_personal,lyc personal model,lyc,20260907_lyc_focus_01,data/locked/2026-09-07/lyc_focus1_20260907.edf,focus,unfocus,610.0,614.0
lyc_personal,lyc personal model,lyc,20260907_lyc_focus_01,data/locked/2026-09-07/lyc_focus1_20260907.edf,focus,unfocus,612.0,616.0
lyc_personal,lyc personal model,lyc,20260907_lyc_focus_01,data/locked/2026-09-07/lyc_focus1_20260907.edf,focus,unfocus,614.0,618.0
lyc_personal,lyc personal model,lyc,20260907_lyc_focus_01,data/locked/2026-09-07/lyc_focus1_20260907.edf,focus,unfocus,616.0,620.0
lyc_personal,lyc personal model,lyc,20260907_lyc_focus_01,data/locked/2026-09-07/lyc_focus1_20260907.edf,focus,unfocus,618.0,622.0
lyc_personal,lyc personal model,lyc,20260907_lyc_focus_01,data/locked/2026-09-07/lyc_focus1_20260907.edf,focus,unfocus,620.0,624.0
lyc_personal,lyc personal model,lyc,20260907_lyc_focus_01,data/locked/2026-09-07/lyc_focus1_20260907.edf,focus,unfocus,622.0,626.0
lyc_personal,lyc personal model,lyc,20260907_lyc_focus_01,data/locked/2026-09-07/lyc_focus1_20260907.edf,focus,unfocus,624.0,628.0
lyc_personal,lyc personal model,lyc,20260907_lyc_focus_01,data/locked/2026-09-07/lyc_focus1_20260907.edf,focus,unfocus,626.0,630.0
lyc_personal,lyc personal model,lyc,20260907_lyc_focus_01,data/locked/2026-09-07/lyc_focus1_20260907.edf,focus,unfocus,628.0,632.0
lyc_personal,lyc personal model,lyc,20260907_lyc_focus_01,data/locked/2026-09-07/lyc_focus1_20260907.edf,focus,unfocus,630.0,634.0
lyc_personal,lyc personal model,lyc,20260907_lyc_focus_01,data/locked/2026-09-07/lyc_focus1_20260907.edf,focus,unfocus,632.0,636.0
lyc_personal,lyc personal model,lyc,20260907_lyc_focus_01,data/locked/2026-09-07/lyc_focus1_20260907.edf,focus,focus,634.0,638.0
lyc_personal,lyc personal model,lyc,20260907_lyc_focus_01,data/locked/2026-09-07/lyc_focus1_20260907.edf,focus,unfocus,636.0,640.0
lyc_personal,lyc personal model,lyc,20260907_lyc_focus_01,data/locked/2026-09-07/lyc_focus1_20260907.edf,focus,unfocus,638.0,642.0
lyc_personal,lyc personal model,lyc,20260907_lyc_focus_01,data/locked/2026-09-07/lyc_focus1_20260907.edf,focus,unfocus,640.0,644.0
lyc_personal,lyc personal model,lyc,20260907_lyc_focus_01,data/locked/2026-09-07/lyc_focus1_20260907.edf,focus,unfocus,642.0,646.0
lyc_personal,lyc personal model,lyc,20260907_lyc_focus_01,data/locked/2026-09-07/lyc_focus1_20260907.edf,focus,unfocus,644.0,648.0
lyc_personal,lyc personal model,lyc,20260907_lyc_focus_01,data/locked/2026-09-07/lyc_focus1_20260907.edf,focus,unfocus,646.0,650.0
lyc_personal,lyc personal model,lyc,20260907_lyc_focus_01,data/locked/2026-09-07/lyc_focus1_20260907.edf,focus,unfocus,648.0,652.0
lyc_personal,lyc personal model,lyc,20260907_lyc_focus_01,data/locked/2026-09-07/lyc_focus1_20260907.edf,focus,unfocus,650.0,654.0
lyc_personal,lyc personal model,lyc,20260907_lyc_focus_01,data/locked/2026-09-07/lyc_focus1_20260907.edf,focus,focus,652.0,656.0
lyc_personal,lyc personal model,lyc,20260907_lyc_focus_01,data/locked/2026-09-07/lyc_focus1_20260907.edf,focus,unfocus,654.0,658.0
lyc_personal,lyc personal model,lyc,20260907_lyc_focus_01,data/locked/2026-09-07/lyc_focus1_20260907.edf,focus,unfocus,656.0,660.0
lyc_personal,lyc personal model,lyc,20260907_lyc_focus_01,data/locked/2026-09-07/lyc_focus1_20260907.edf,focus,unfocus,658.0,662.0
lyc_personal,lyc personal model,lyc,20260907_lyc_focus_01,data/locked/2026-09-07/lyc_focus1_20260907.edf,focus,unfocus,660.0,664.0
lyc_personal,lyc personal model,lyc,20260907_lyc_focus_01,data/locked/2026-09-07/lyc_focus1_20260907.edf,focus,unfocus,662.0,666.0
lyc_personal,lyc personal model,lyc,20260907_lyc_focus_01,data/locked/2026-09-07/lyc_focus1_20260907.edf,focus,unfocus,664.0,668.0
lyc_personal,lyc personal model,lyc,20260907_lyc_focus_01,data/locked/2026-09-07/lyc_focus1_20260907.edf,focus,unfocus,666.0,670.0
lyc_personal,lyc personal model,lyc,20260907_lyc_focus_01,data/locked/2026-09-07/lyc_focus1_20260907.edf,focus,unfocus,668.0,672.0
lyc_personal,lyc personal model,lyc,20260907_lyc_focus_01,data/locked/2026-09-07/lyc_focus1_20260907.edf,focus,unfocus,670.0,674.0
lyc_personal,lyc personal model,lyc,20260907_lyc_focus_01,data/locked/2026-09-07/lyc_focus1_20260907.edf,focus,unfocus,672.0,676.0
lyc_personal,lyc personal model,lyc,20260907_lyc_focus_01,data/locked/2026-09-07/lyc_focus1_20260907.edf,focus,unfocus,674.0,678.0
lyc_personal,lyc personal model,lyc,20260907_lyc_focus_01,data/locked/2026-09-07/lyc_focus1_20260907.edf,focus,focus,676.0,680.0
lyc_personal,lyc personal model,lyc,20260907_lyc_focus_01,data/locked/2026-09-07/lyc_focus1_20260907.edf,focus,unfocus,678.0,682.0
lyc_personal,lyc personal model,lyc,20260907_lyc_focus_01,data/locked/2026-09-07/lyc_focus1_20260907.edf,focus,unfocus,680.0,684.0
lyc_personal,lyc personal model,lyc,20260907_lyc_focus_01,data/locked/2026-09-07/lyc_focus1_20260907.edf,focus,unfocus,682.0,686.0
lyc_personal,lyc personal model,lyc,20260907_lyc_focus_01,data/locked/2026-09-07/lyc_focus1_20260907.edf,focus,unfocus,684.0,688.0
lyc_personal,lyc personal model,lyc,20260907_lyc_focus_01,data/locked/2026-09-07/lyc_focus1_20260907.edf,focus,unfocus,686.0,690.0
lyc_personal,lyc personal model,lyc,20260907_lyc_focus_01,data/locked/2026-09-07/lyc_focus1_20260907.edf,focus,unfocus,688.0,692.0
lyc_personal,lyc personal model,lyc,20260907_lyc_focus_01,data/locked/2026-09-07/lyc_focus1_20260907.edf,focus,unfocus,690.0,694.0
lyc_personal,lyc personal model,lyc,20260907_lyc_focus_01,data/locked/2026-09-07/lyc_focus1_20260907.edf,focus,unfocus,692.0,696.0
lyc_personal,lyc personal model,lyc,20260907_lyc_focus_01,data/locked/2026-09-07/lyc_focus1_20260907.edf,focus,unfocus,694.0,698.0
lyc_personal,lyc personal model,lyc,20260907_lyc_focus_01,data/locked/2026-09-07/lyc_focus1_20260907.edf,focus,unfocus,696.0,700.0
lyc_personal,lyc personal model,lyc,20260907_lyc_focus_01,data/locked/2026-09-07/lyc_focus1_20260907.edf,focus,unfocus,698.0,702.0
lyc_personal,lyc personal model,lyc,20260907_lyc_focus_01,data/locked/2026-09-07/lyc_focus1_20260907.edf,focus,unfocus,700.0,704.0
lyc_personal,lyc personal model,lyc,20260907_lyc_focus_01,data/locked/2026-09-07/lyc_focus1_20260907.edf,focus,unfocus,702.0,706.0
lyc_personal,lyc personal model,lyc,20260907_lyc_focus_01,data/locked/2026-09-07/lyc_focus1_20260907.edf,focus,unfocus,704.0,708.0
lyc_personal,lyc personal model,lyc,20260907_lyc_focus_01,data/locked/2026-09-07/lyc_focus1_20260907.edf,focus,unfocus,706.0,710.0
lyc_personal,lyc personal model,lyc,20260907_lyc_focus_01,data/locked/2026-09-07/lyc_focus1_20260907.edf,focus,unfocus,708.0,712.0
lyc_personal,lyc personal model,lyc,20260907_lyc_focus_01,data/locked/2026-09-07/lyc_focus1_20260907.edf,focus,unfocus,710.0,714.0
lyc_personal,lyc personal model,lyc,20260907_lyc_focus_01,data/locked/2026-09-07/lyc_focus1_20260907.edf,focus,unfocus,712.0,716.0
lyc_personal,lyc personal model,lyc,20260907_lyc_focus_01,data/locked/2026-09-07/lyc_focus1_20260907.edf,focus,unfocus,714.0,718.0
lyc_personal,lyc personal model,lyc,20260907_lyc_focus_01,data/locked/2026-09-07/lyc_focus1_20260907.edf,focus,unfocus,716.0,720.0
lyc_personal,lyc personal model,lyc,20260907_lyc_focus_01,data/locked/2026-09-07/lyc_focus1_20260907.edf,focus,unfocus,718.0,722.0
lyc_personal,lyc personal model,lyc,20260907_lyc_focus_01,data/locked/2026-09-07/lyc_focus1_20260907.edf,focus,focus,720.0,724.0
lyc_personal,lyc personal model,lyc,20260907_lyc_focus_01,data/locked/2026-09-07/lyc_focus1_20260907.edf,focus,unfocus,722.0,726.0
lyc_personal,lyc personal model,lyc,20260907_lyc_focus_01,data/locked/2026-09-07/lyc_focus1_20260907.edf,focus,unfocus,724.0,728.0
lyc_personal,lyc personal model,lyc,20260907_lyc_focus_01,data/locked/2026-09-07/lyc_focus1_20260907.edf,focus,focus,726.0,730.0
lyc_personal,lyc personal model,lyc,20260907_lyc_focus_01,data/locked/2026-09-07/lyc_focus1_20260907.edf,focus,unfocus,728.0,732.0
lyc_personal,lyc personal model,lyc,20260907_lyc_focus_01,data/locked/2026-09-07/lyc_focus1_20260907.edf,focus,unfocus,730.0,734.0
lyc_personal,lyc personal model,lyc,20260907_lyc_focus_01,data/locked/2026-09-07/lyc_focus1_20260907.edf,focus,unfocus,732.0,736.0
lyc_personal,lyc personal model,lyc,20260907_lyc_focus_01,data/locked/2026-09-07/lyc_focus1_20260907.edf,focus,unfocus,734.0,738.0
lyc_personal,lyc personal model,lyc,20260907_lyc_focus_01,data/locked/2026-09-07/lyc_focus1_20260907.edf,focus,unfocus,736.0,740.0
lyc_personal,lyc personal model,lyc,20260907_lyc_focus_01,data/locked/2026-09-07/lyc_focus1_20260907.edf,focus,unfocus,738.0,742.0
lyc_personal,lyc personal model,lyc,20260907_lyc_focus_01,data/locked/2026-09-07/lyc_focus1_20260907.edf,focus,unfocus,740.0,744.0
lyc_personal,lyc personal model,lyc,20260907_lyc_focus_01,data/locked/2026-09-07/lyc_focus1_20260907.edf,focus,unfocus,742.0,746.0
lyc_personal,lyc personal model,lyc,20260907_lyc_focus_01,data/locked/2026-09-07/lyc_focus1_20260907.edf,focus,unfocus,744.0,748.0
lyc_personal,lyc personal model,lyc,20260907_lyc_focus_01,data/locked/2026-09-07/lyc_focus1_20260907.edf,focus,unfocus,746.0,750.0
lyc_personal,lyc personal model,lyc,20260907_lyc_focus_01,data/locked/2026-09-07/lyc_focus1_20260907.edf,focus,unfocus,748.0,752.0
lyc_personal,lyc personal model,lyc,20260907_lyc_focus_01,data/locked/2026-09-07/lyc_focus1_20260907.edf,focus,unfocus,750.0,754.0
lyc_personal,lyc personal model,lyc,20260907_lyc_focus_01,data/locked/2026-09-07/lyc_focus1_20260907.edf,focus,unfocus,752.0,756.0
lyc_personal,lyc personal model,lyc,20260907_lyc_focus_01,data/locked/2026-09-07/lyc_focus1_20260907.edf,focus,unfocus,754.0,758.0
lyc_personal,lyc personal model,lyc,20260907_lyc_focus_01,data/locked/2026-09-07/lyc_focus1_20260907.edf,focus,unfocus,756.0,760.0
lyc_personal,lyc personal model,lyc,20260907_lyc_focus_01,data/locked/2026-09-07/lyc_focus1_20260907.edf,focus,unfocus,758.0,762.0
lyc_personal,lyc personal model,lyc,20260907_lyc_focus_01,data/locked/2026-09-07/lyc_focus1_20260907.edf,focus,unfocus,760.0,764.0
lyc_personal,lyc personal model,lyc,20260907_lyc_focus_01,data/locked/2026-09-07/lyc_focus1_20260907.edf,focus,unfocus,762.0,766.0
lyc_personal,lyc personal model,lyc,20260907_lyc_focus_01,data/locked/2026-09-07/lyc_focus1_20260907.edf,focus,unfocus,764.0,768.0
lyc_personal,lyc personal model,lyc,20260907_lyc_focus_01,data/locked/2026-09-07/lyc_focus1_20260907.edf,focus,unfocus,766.0,770.0
lyc_personal,lyc personal model,lyc,20260907_lyc_focus_01,data/locked/2026-09-07/lyc_focus1_20260907.edf,focus,unfocus,768.0,772.0
lyc_personal,lyc personal model,lyc,20260907_lyc_focus_01,data/locked/2026-09-07/lyc_focus1_20260907.edf,focus,unfocus,770.0,774.0
lyc_personal,lyc personal model,lyc,20260907_lyc_focus_01,data/locked/2026-09-07/lyc_focus1_20260907.edf,focus,focus,772.0,776.0
lyc_personal,lyc personal model,lyc,20260907_lyc_focus_01,data/locked/2026-09-07/lyc_focus1_20260907.edf,focus,unfocus,774.0,778.0
lyc_personal,lyc personal model,lyc,20260907_lyc_focus_01,data/locked/2026-09-07/lyc_focus1_20260907.edf,focus,unfocus,776.0,780.0
lyc_personal,lyc personal model,lyc,20260907_lyc_focus_01,data/locked/2026-09-07/lyc_focus1_20260907.edf,focus,unfocus,778.0,782.0
lyc_personal,lyc personal model,lyc,20260907_lyc_focus_01,data/locked/2026-09-07/lyc_focus1_20260907.edf,focus,unfocus,780.0,784.0
lyc_personal,lyc personal model,lyc,20260907_lyc_focus_01,data/locked/2026-09-07/lyc_focus1_20260907.edf,focus,unfocus,782.0,786.0
lyc_personal,lyc personal model,lyc,20260907_lyc_focus_01,data/locked/2026-09-07/lyc_focus1_20260907.edf,focus,unfocus,784.0,788.0
lyc_personal,lyc personal model,lyc,20260907_lyc_focus_01,data/locked/2026-09-07/lyc_focus1_20260907.edf,focus,unfocus,786.0,790.0
lyc_personal,lyc personal model,lyc,20260907_lyc_focus_01,data/locked/2026-09-07/lyc_focus1_20260907.edf,focus,unfocus,788.0,792.0
lyc_personal,lyc personal model,lyc,20260907_lyc_focus_01,data/locked/2026-09-07/lyc_focus1_20260907.edf,focus,unfocus,790.0,794.0
lyc_personal,lyc personal model,lyc,20260907_lyc_focus_01,data/locked/2026-09-07/lyc_focus1_20260907.edf,focus,unfocus,792.0,796.0
lyc_personal,lyc personal model,lyc,20260907_lyc_focus_01,data/locked/2026-09-07/lyc_focus1_20260907.edf,focus,unfocus,794.0,798.0
lyc_personal,lyc personal model,lyc,20260907_lyc_focus_01,data/locked/2026-09-07/lyc_focus1_20260907.edf,focus,unfocus,796.0,800.0
lyc_personal,lyc personal model,lyc,20260907_lyc_focus_01,data/locked/2026-09-07/lyc_focus1_20260907.edf,focus,unfocus,798.0,802.0
lyc_personal,lyc personal model,lyc,20260907_lyc_focus_01,data/locked/2026-09-07/lyc_focus1_20260907.edf,focus,unfocus,800.0,804.0
lyc_personal,lyc personal model,lyc,20260907_lyc_focus_01,data/locked/2026-09-07/lyc_focus1_20260907.edf,focus,unfocus,802.0,806.0
lyc_personal,lyc personal model,lyc,20260907_lyc_focus_01,data/locked/2026-09-07/lyc_focus1_20260907.edf,focus,unfocus,804.0,808.0
lyc_personal,lyc personal model,lyc,20260907_lyc_focus_01,data/locked/2026-09-07/lyc_focus1_20260907.edf,focus,unfocus,806.0,810.0
lyc_personal,lyc personal model,lyc,20260907_lyc_focus_01,data/locked/2026-09-07/lyc_focus1_20260907.edf,focus,unfocus,808.0,812.0
lyc_personal,lyc personal model,lyc,20260907_lyc_focus_01,data/locked/2026-09-07/lyc_focus1_20260907.edf,focus,unfocus,810.0,814.0
lyc_personal,lyc personal model,lyc,20260907_lyc_focus_01,data/locked/2026-09-07/lyc_focus1_20260907.edf,focus,focus,812.0,816.0
lyc_personal,lyc personal model,lyc,20260907_lyc_focus_01,data/locked/2026-09-07/lyc_focus1_20260907.edf,focus,unfocus,814.0,818.0
lyc_personal,lyc personal model,lyc,20260907_lyc_focus_01,data/locked/2026-09-07/lyc_focus1_20260907.edf,focus,unfocus,816.0,820.0
lyc_personal,lyc personal model,lyc,20260907_lyc_focus_01,data/locked/2026-09-07/lyc_focus1_20260907.edf,focus,focus,818.0,822.0
lyc_personal,lyc personal model,lyc,20260907_lyc_focus_01,data/locked/2026-09-07/lyc_focus1_20260907.edf,focus,focus,820.0,824.0
lyc_personal,lyc personal model,lyc,20260907_lyc_focus_01,data/locked/2026-09-07/lyc_focus1_20260907.edf,focus,focus,822.0,826.0
lyc_personal,lyc personal model,lyc,20260907_lyc_focus_01,data/locked/2026-09-07/lyc_focus1_20260907.edf,focus,unfocus,824.0,828.0
lyc_personal,lyc personal model,lyc,20260907_lyc_focus_01,data/locked/2026-09-07/lyc_focus1_20260907.edf,focus,focus,826.0,830.0
lyc_personal,lyc personal model,lyc,20260907_lyc_focus_01,data/locked/2026-09-07/lyc_focus1_20260907.edf,focus,focus,828.0,832.0
lyc_personal,lyc personal model,lyc,20260907_lyc_focus_01,data/locked/2026-09-07/lyc_focus1_20260907.edf,focus,unfocus,830.0,834.0
lyc_personal,lyc personal model,lyc,20260907_lyc_focus_01,data/locked/2026-09-07/lyc_focus1_20260907.edf,focus,unfocus,832.0,836.0
lyc_personal,lyc personal model,lyc,20260907_lyc_focus_01,data/locked/2026-09-07/lyc_focus1_20260907.edf,focus,unfocus,834.0,838.0
lyc_personal,lyc personal model,lyc,20260907_lyc_focus_01,data/locked/2026-09-07/lyc_focus1_20260907.edf,focus,unfocus,836.0,840.0
lyc_personal,lyc personal model,lyc,20260907_lyc_focus_01,data/locked/2026-09-07/lyc_focus1_20260907.edf,focus,unfocus,838.0,842.0
lyc_personal,lyc personal model,lyc,20260907_lyc_focus_01,data/locked/2026-09-07/lyc_focus1_20260907.edf,focus,unfocus,840.0,844.0
lyc_personal,lyc personal model,lyc,20260907_lyc_focus_01,data/locked/2026-09-07/lyc_focus1_20260907.edf,focus,unfocus,842.0,846.0
lyc_personal,lyc personal model,lyc,20260907_lyc_focus_01,data/locked/2026-09-07/lyc_focus1_20260907.edf,focus,unfocus,844.0,848.0
lyc_personal,lyc personal model,lyc,20260907_lyc_focus_01,data/locked/2026-09-07/lyc_focus1_20260907.edf,focus,unfocus,846.0,850.0
lyc_personal,lyc personal model,lyc,20260907_lyc_focus_01,data/locked/2026-09-07/lyc_focus1_20260907.edf,focus,focus,848.0,852.0
lyc_personal,lyc personal model,lyc,20260907_lyc_focus_01,data/locked/2026-09-07/lyc_focus1_20260907.edf,focus,unfocus,850.0,854.0
lyc_personal,lyc personal model,lyc,20260907_lyc_focus_01,data/locked/2026-09-07/lyc_focus1_20260907.edf,focus,unfocus,852.0,856.0
lyc_personal,lyc personal model,lyc,20260907_lyc_focus_01,data/locked/2026-09-07/lyc_focus1_20260907.edf,focus,unfocus,854.0,858.0
lyc_personal,lyc personal model,lyc,20260907_lyc_focus_01,data/locked/2026-09-07/lyc_focus1_20260907.edf,focus,unfocus,856.0,860.0
lyc_personal,lyc personal model,lyc,20260907_lyc_focus_01,data/locked/2026-09-07/lyc_focus1_20260907.edf,focus,focus,858.0,862.0
lyc_personal,lyc personal model,lyc,20260907_lyc_focus_01,data/locked/2026-09-07/lyc_focus1_20260907.edf,focus,unfocus,860.0,864.0
lyc_personal,lyc personal model,lyc,20260907_lyc_focus_01,data/locked/2026-09-07/lyc_focus1_20260907.edf,focus,unfocus,862.0,866.0
lyc_personal,lyc personal model,lyc,20260907_lyc_focus_01,data/locked/2026-09-07/lyc_focus1_20260907.edf,focus,unfocus,864.0,868.0
lyc_personal,lyc personal model,lyc,20260907_lyc_focus_01,data/locked/2026-09-07/lyc_focus1_20260907.edf,focus,unfocus,866.0,870.0
lyc_personal,lyc personal model,lyc,20260907_lyc_focus_01,data/locked/2026-09-07/lyc_focus1_20260907.edf,focus,unfocus,868.0,872.0
lyc_personal,lyc personal model,lyc,20260907_lyc_focus_01,data/locked/2026-09-07/lyc_focus1_20260907.edf,focus,unfocus,870.0,874.0
lyc_personal,lyc personal model,lyc,20260907_lyc_focus_01,data/locked/2026-09-07/lyc_focus1_20260907.edf,focus,unfocus,872.0,876.0
zyf_personal,zyf personal model,lyc,20260907_lyc_focus_01,data/locked/2026-09-07/lyc_focus1_20260907.edf,focus,unfocus,30.0,34.0
zyf_personal,zyf personal model,lyc,20260907_lyc_focus_01,data/locked/2026-09-07/lyc_focus1_20260907.edf,focus,unfocus,32.0,36.0
zyf_personal,zyf personal model,lyc,20260907_lyc_focus_01,data/locked/2026-09-07/lyc_focus1_20260907.edf,focus,unfocus,34.0,38.0
zyf_personal,zyf personal model,lyc,20260907_lyc_focus_01,data/locked/2026-09-07/lyc_focus1_20260907.edf,focus,unfocus,36.0,40.0
zyf_personal,zyf personal model,lyc,20260907_lyc_focus_01,data/locked/2026-09-07/lyc_focus1_20260907.edf,focus,unfocus,38.0,42.0
zyf_personal,zyf personal model,lyc,20260907_lyc_focus_01,data/locked/2026-09-07/lyc_focus1_20260907.edf,focus,unfocus,40.0,44.0
zyf_personal,zyf personal model,lyc,20260907_lyc_focus_01,data/locked/2026-09-07/lyc_focus1_20260907.edf,focus,unfocus,42.0,46.0
zyf_personal,zyf personal model,lyc,20260907_lyc_focus_01,data/locked/2026-09-07/lyc_focus1_20260907.edf,focus,unfocus,44.0,48.0
zyf_personal,zyf personal model,lyc,20260907_lyc_focus_01,data/locked/2026-09-07/lyc_focus1_20260907.edf,focus,unfocus,46.0,50.0
zyf_personal,zyf personal model,lyc,20260907_lyc_focus_01,data/locked/2026-09-07/lyc_focus1_20260907.edf,focus,unfocus,48.0,52.0
zyf_personal,zyf personal model,lyc,20260907_lyc_focus_01,data/locked/2026-09-07/lyc_focus1_20260907.edf,focus,unfocus,50.0,54.0
zyf_personal,zyf personal model,lyc,20260907_lyc_focus_01,data/locked/2026-09-07/lyc_focus1_20260907.edf,focus,unfocus,52.0,56.0
zyf_personal,zyf personal model,lyc,20260907_lyc_focus_01,data/locked/2026-09-07/lyc_focus1_20260907.edf,focus,unfocus,54.0,58.0
zyf_personal,zyf personal model,lyc,20260907_lyc_focus_01,data/locked/2026-09-07/lyc_focus1_20260907.edf,focus,unfocus,56.0,60.0
zyf_personal,zyf personal model,lyc,20260907_lyc_focus_01,data/locked/2026-09-07/lyc_focus1_20260907.edf,focus,unfocus,58.0,62.0
zyf_personal,zyf personal model,lyc,20260907_lyc_focus_01,data/locked/2026-09-07/lyc_focus1_20260907.edf,focus,unfocus,60.0,64.0
zyf_personal,zyf personal model,lyc,20260907_lyc_focus_01,data/locked/2026-09-07/lyc_focus1_20260907.edf,focus,unfocus,62.0,66.0
zyf_personal,zyf personal model,lyc,20260907_lyc_focus_01,data/locked/2026-09-07/lyc_focus1_20260907.edf,focus,unfocus,64.0,68.0
zyf_personal,zyf personal model,lyc,20260907_lyc_focus_01,data/locked/2026-09-07/lyc_focus1_20260907.edf,focus,unfocus,66.0,70.0
zyf_personal,zyf personal model,lyc,20260907_lyc_focus_01,data/locked/2026-09-07/lyc_focus1_20260907.edf,focus,unfocus,68.0,72.0
zyf_personal,zyf personal model,lyc,20260907_lyc_focus_01,data/locked/2026-09-07/lyc_focus1_20260907.edf,focus,unfocus,70.0,74.0
zyf_personal,zyf personal model,lyc,20260907_lyc_focus_01,data/locked/2026-09-07/lyc_focus1_20260907.edf,focus,unfocus,72.0,76.0
zyf_personal,zyf personal model,lyc,20260907_lyc_focus_01,data/locked/2026-09-07/lyc_focus1_20260907.edf,focus,unfocus,74.0,78.0
zyf_personal,zyf personal model,lyc,20260907_lyc_focus_01,data/locked/2026-09-07/lyc_focus1_20260907.edf,focus,unfocus,76.0,80.0
zyf_personal,zyf personal model,lyc,20260907_lyc_focus_01,data/locked/2026-09-07/lyc_focus1_20260907.edf,focus,unfocus,78.0,82.0
zyf_personal,zyf personal model,lyc,20260907_lyc_focus_01,data/locked/2026-09-07/lyc_focus1_20260907.edf,focus,unfocus,80.0,84.0
zyf_personal,zyf personal model,lyc,20260907_lyc_focus_01,data/locked/2026-09-07/lyc_focus1_20260907.edf,focus,unfocus,82.0,86.0
zyf_personal,zyf personal model,lyc,20260907_lyc_focus_01,data/locked/2026-09-07/lyc_focus1_20260907.edf,focus,unfocus,84.0,88.0
zyf_personal,zyf personal model,lyc,20260907_lyc_focus_01,data/locked/2026-09-07/lyc_focus1_20260907.edf,focus,unfocus,86.0,90.0
zyf_personal,zyf personal model,lyc,20260907_lyc_focus_01,data/locked/2026-09-07/lyc_focus1_20260907.edf,focus,unfocus,88.0,92.0
zyf_personal,zyf personal model,lyc,20260907_lyc_focus_01,data/locked/2026-09-07/lyc_focus1_20260907.edf,focus,unfocus,90.0,94.0
zyf_personal,zyf personal model,lyc,20260907_lyc_focus_01,data/locked/2026-09-07/lyc_focus1_20260907.edf,focus,unfocus,92.0,96.0
zyf_personal,zyf personal model,lyc,20260907_lyc_focus_01,data/locked/2026-09-07/lyc_focus1_20260907.edf,focus,unfocus,94.0,98.0
zyf_personal,zyf personal model,lyc,20260907_lyc_focus_01,data/locked/2026-09-07/lyc_focus1_20260907.edf,focus,unfocus,96.0,100.0
zyf_personal,zyf personal model,lyc,20260907_lyc_focus_01,data/locked/2026-09-07/lyc_focus1_20260907.edf,focus,unfocus,98.0,102.0
zyf_personal,zyf personal model,lyc,20260907_lyc_focus_01,data/locked/2026-09-07/lyc_focus1_20260907.edf,focus,unfocus,100.0,104.0
zyf_personal,zyf personal model,lyc,20260907_lyc_focus_01,data/locked/2026-09-07/lyc_focus1_20260907.edf,focus,unfocus,102.0,106.0
zyf_personal,zyf personal model,lyc,20260907_lyc_focus_01,data/locked/2026-09-07/lyc_focus1_20260907.edf,focus,unfocus,104.0,108.0
zyf_personal,zyf personal model,lyc,20260907_lyc_focus_01,data/locked/2026-09-07/lyc_focus1_20260907.edf,focus,unfocus,106.0,110.0
zyf_personal,zyf personal model,lyc,20260907_lyc_focus_01,data/locked/2026-09-07/lyc_focus1_20260907.edf,focus,unfocus,108.0,112.0
zyf_personal,zyf personal model,lyc,20260907_lyc_focus_01,data/locked/2026-09-07/lyc_focus1_20260907.edf,focus,unfocus,110.0,114.0
zyf_personal,zyf personal model,lyc,20260907_lyc_focus_01,data/locked/2026-09-07/lyc_focus1_20260907.edf,focus,unfocus,112.0,116.0
zyf_personal,zyf personal model,lyc,20260907_lyc_focus_01,data/locked/2026-09-07/lyc_focus1_20260907.edf,focus,unfocus,114.0,118.0
zyf_personal,zyf personal model,lyc,20260907_lyc_focus_01,data/locked/2026-09-07/lyc_focus1_20260907.edf,focus,unfocus,116.0,120.0
zyf_personal,zyf personal model,lyc,20260907_lyc_focus_01,data/locked/2026-09-07/lyc_focus1_20260907.edf,focus,unfocus,118.0,122.0
zyf_personal,zyf personal model,lyc,20260907_lyc_focus_01,data/locked/2026-09-07/lyc_focus1_20260907.edf,focus,unfocus,120.0,124.0
zyf_personal,zyf personal model,lyc,20260907_lyc_focus_01,data/locked/2026-09-07/lyc_focus1_20260907.edf,focus,unfocus,122.0,126.0
zyf_personal,zyf personal model,lyc,20260907_lyc_focus_01,data/locked/2026-09-07/lyc_focus1_20260907.edf,focus,unfocus,124.0,128.0
zyf_personal,zyf personal model,lyc,20260907_lyc_focus_01,data/locked/2026-09-07/lyc_focus1_20260907.edf,focus,unfocus,126.0,130.0
zyf_personal,zyf personal model,lyc,20260907_lyc_focus_01,data/locked/2026-09-07/lyc_focus1_20260907.edf,focus,unfocus,128.0,132.0
zyf_personal,zyf personal model,lyc,20260907_lyc_focus_01,data/locked/2026-09-07/lyc_focus1_20260907.edf,focus,unfocus,130.0,134.0
zyf_personal,zyf personal model,lyc,20260907_lyc_focus_01,data/locked/2026-09-07/lyc_focus1_20260907.edf,focus,unfocus,132.0,136.0
zyf_personal,zyf personal model,lyc,20260907_lyc_focus_01,data/locked/2026-09-07/lyc_focus1_20260907.edf,focus,unfocus,134.0,138.0
zyf_personal,zyf personal model,lyc,20260907_lyc_focus_01,data/locked/2026-09-07/lyc_focus1_20260907.edf,focus,unfocus,136.0,140.0
zyf_personal,zyf personal model,lyc,20260907_lyc_focus_01,data/locked/2026-09-07/lyc_focus1_20260907.edf,focus,unfocus,138.0,142.0
zyf_personal,zyf personal model,lyc,20260907_lyc_focus_01,data/locked/2026-09-07/lyc_focus1_20260907.edf,focus,unfocus,140.0,144.0
zyf_personal,zyf personal model,lyc,20260907_lyc_focus_01,data/locked/2026-09-07/lyc_focus1_20260907.edf,focus,unfocus,142.0,146.0
zyf_personal,zyf personal model,lyc,20260907_lyc_focus_01,data/locked/2026-09-07/lyc_focus1_20260907.edf,focus,unfocus,144.0,148.0
zyf_personal,zyf personal model,lyc,20260907_lyc_focus_01,data/locked/2026-09-07/lyc_focus1_20260907.edf,focus,unfocus,146.0,150.0
zyf_personal,zyf personal model,lyc,20260907_lyc_focus_01,data/locked/2026-09-07/lyc_focus1_20260907.edf,focus,unfocus,148.0,152.0
zyf_personal,zyf personal model,lyc,20260907_lyc_focus_01,data/locked/2026-09-07/lyc_focus1_20260907.edf,focus,unfocus,150.0,154.0
zyf_personal,zyf personal model,lyc,20260907_lyc_focus_01,data/locked/2026-09-07/lyc_focus1_20260907.edf,focus,unfocus,152.0,156.0
zyf_personal,zyf personal model,lyc,20260907_lyc_focus_01,data/locked/2026-09-07/lyc_focus1_20260907.edf,focus,unfocus,154.0,158.0
zyf_personal,zyf personal model,lyc,20260907_lyc_focus_01,data/locked/2026-09-07/lyc_focus1_20260907.edf,focus,unfocus,156.0,160.0
zyf_personal,zyf personal model,lyc,20260907_lyc_focus_01,data/locked/2026-09-07/lyc_focus1_20260907.edf,focus,unfocus,158.0,162.0
zyf_personal,zyf personal model,lyc,20260907_lyc_focus_01,data/locked/2026-09-07/lyc_focus1_20260907.edf,focus,unfocus,160.0,164.0
zyf_personal,zyf personal model,lyc,20260907_lyc_focus_01,data/locked/2026-09-07/lyc_focus1_20260907.edf,focus,unfocus,162.0,166.0
zyf_personal,zyf personal model,lyc,20260907_lyc_focus_01,data/locked/2026-09-07/lyc_focus1_20260907.edf,focus,unfocus,164.0,168.0
zyf_personal,zyf personal model,lyc,20260907_lyc_focus_01,data/locked/2026-09-07/lyc_focus1_20260907.edf,focus,unfocus,166.0,170.0
zyf_personal,zyf personal model,lyc,20260907_lyc_focus_01,data/locked/2026-09-07/lyc_focus1_20260907.edf,focus,unfocus,168.0,172.0
zyf_personal,zyf personal model,lyc,20260907_lyc_focus_01,data/locked/2026-09-07/lyc_focus1_20260907.edf,focus,unfocus,170.0,174.0
zyf_personal,zyf personal model,lyc,20260907_lyc_focus_01,data/locked/2026-09-07/lyc_focus1_20260907.edf,focus,unfocus,172.0,176.0
zyf_personal,zyf personal model,lyc,20260907_lyc_focus_01,data/locked/2026-09-07/lyc_focus1_20260907.edf,focus,unfocus,174.0,178.0
zyf_personal,zyf personal model,lyc,20260907_lyc_focus_01,data/locked/2026-09-07/lyc_focus1_20260907.edf,focus,unfocus,176.0,180.0
zyf_personal,zyf personal model,lyc,20260907_lyc_focus_01,data/locked/2026-09-07/lyc_focus1_20260907.edf,focus,unfocus,178.0,182.0
zyf_personal,zyf personal model,lyc,20260907_lyc_focus_01,data/locked/2026-09-07/lyc_focus1_20260907.edf,focus,unfocus,180.0,184.0
zyf_personal,zyf personal model,lyc,20260907_lyc_focus_01,data/locked/2026-09-07/lyc_focus1_20260907.edf,focus,unfocus,182.0,186.0
zyf_personal,zyf personal model,lyc,20260907_lyc_focus_01,data/locked/2026-09-07/lyc_focus1_20260907.edf,focus,unfocus,184.0,188.0
zyf_personal,zyf personal model,lyc,20260907_lyc_focus_01,data/locked/2026-09-07/lyc_focus1_20260907.edf,focus,unfocus,186.0,190.0
zyf_personal,zyf personal model,lyc,20260907_lyc_focus_01,data/locked/2026-09-07/lyc_focus1_20260907.edf,focus,unfocus,188.0,192.0
zyf_personal,zyf personal model,lyc,20260907_lyc_focus_01,data/locked/2026-09-07/lyc_focus1_20260907.edf,focus,unfocus,190.0,194.0
zyf_personal,zyf personal model,lyc,20260907_lyc_focus_01,data/locked/2026-09-07/lyc_focus1_20260907.edf,focus,unfocus,192.0,196.0
zyf_personal,zyf personal model,lyc,20260907_lyc_focus_01,data/locked/2026-09-07/lyc_focus1_20260907.edf,focus,unfocus,194.0,198.0
zyf_personal,zyf personal model,lyc,20260907_lyc_focus_01,data/locked/2026-09-07/lyc_focus1_20260907.edf,focus,unfocus,196.0,200.0
zyf_personal,zyf personal model,lyc,20260907_lyc_focus_01,data/locked/2026-09-07/lyc_focus1_20260907.edf,focus,unfocus,198.0,202.0
zyf_personal,zyf personal model,lyc,20260907_lyc_focus_01,data/locked/2026-09-07/lyc_focus1_20260907.edf,focus,unfocus,200.0,204.0
zyf_personal,zyf personal model,lyc,20260907_lyc_focus_01,data/locked/2026-09-07/lyc_focus1_20260907.edf,focus,unfocus,202.0,206.0
zyf_personal,zyf personal model,lyc,20260907_lyc_focus_01,data/locked/2026-09-07/lyc_focus1_20260907.edf,focus,unfocus,204.0,208.0
zyf_personal,zyf personal model,lyc,20260907_lyc_focus_01,data/locked/2026-09-07/lyc_focus1_20260907.edf,focus,unfocus,206.0,210.0
zyf_personal,zyf personal model,lyc,20260907_lyc_focus_01,data/locked/2026-09-07/lyc_focus1_20260907.edf,focus,unfocus,208.0,212.0
zyf_personal,zyf personal model,lyc,20260907_lyc_focus_01,data/locked/2026-09-07/lyc_focus1_20260907.edf,focus,unfocus,210.0,214.0
zyf_personal,zyf personal model,lyc,20260907_lyc_focus_01,data/locked/2026-09-07/lyc_focus1_20260907.edf,focus,unfocus,212.0,216.0
zyf_personal,zyf personal model,lyc,20260907_lyc_focus_01,data/locked/2026-09-07/lyc_focus1_20260907.edf,focus,unfocus,214.0,218.0
zyf_personal,zyf personal model,lyc,20260907_lyc_focus_01,data/locked/2026-09-07/lyc_focus1_20260907.edf,focus,unfocus,216.0,220.0
zyf_personal,zyf personal model,lyc,20260907_lyc_focus_01,data/locked/2026-09-07/lyc_focus1_20260907.edf,focus,unfocus,218.0,222.0
zyf_personal,zyf personal model,lyc,20260907_lyc_focus_01,data/locked/2026-09-07/lyc_focus1_20260907.edf,focus,unfocus,220.0,224.0
zyf_personal,zyf personal model,lyc,20260907_lyc_focus_01,data/locked/2026-09-07/lyc_focus1_20260907.edf,focus,unfocus,222.0,226.0
zyf_personal,zyf personal model,lyc,20260907_lyc_focus_01,data/locked/2026-09-07/lyc_focus1_20260907.edf,focus,unfocus,224.0,228.0
zyf_personal,zyf personal model,lyc,20260907_lyc_focus_01,data/locked/2026-09-07/lyc_focus1_20260907.edf,focus,unfocus,226.0,230.0
zyf_personal,zyf personal model,lyc,20260907_lyc_focus_01,data/locked/2026-09-07/lyc_focus1_20260907.edf,focus,unfocus,228.0,232.0
zyf_personal,zyf personal model,lyc,20260907_lyc_focus_01,data/locked/2026-09-07/lyc_focus1_20260907.edf,focus,unfocus,230.0,234.0
zyf_personal,zyf personal model,lyc,20260907_lyc_focus_01,data/locked/2026-09-07/lyc_focus1_20260907.edf,focus,unfocus,232.0,236.0
zyf_personal,zyf personal model,lyc,20260907_lyc_focus_01,data/locked/2026-09-07/lyc_focus1_20260907.edf,focus,unfocus,234.0,238.0
zyf_personal,zyf personal model,lyc,20260907_lyc_focus_01,data/locked/2026-09-07/lyc_focus1_20260907.edf,focus,unfocus,236.0,240.0
zyf_personal,zyf personal model,lyc,20260907_lyc_focus_01,data/locked/2026-09-07/lyc_focus1_20260907.edf,focus,unfocus,238.0,242.0
zyf_personal,zyf personal model,lyc,20260907_lyc_focus_01,data/locked/2026-09-07/lyc_focus1_20260907.edf,focus,unfocus,240.0,244.0
zyf_personal,zyf personal model,lyc,20260907_lyc_focus_01,data/locked/2026-09-07/lyc_focus1_20260907.edf,focus,unfocus,242.0,246.0
zyf_personal,zyf personal model,lyc,20260907_lyc_focus_01,data/locked/2026-09-07/lyc_focus1_20260907.edf,focus,unfocus,244.0,248.0
zyf_personal,zyf personal model,lyc,20260907_lyc_focus_01,data/locked/2026-09-07/lyc_focus1_20260907.edf,focus,focus,246.0,250.0
zyf_personal,zyf personal model,lyc,20260907_lyc_focus_01,data/locked/2026-09-07/lyc_focus1_20260907.edf,focus,unfocus,248.0,252.0
zyf_personal,zyf personal model,lyc,20260907_lyc_focus_01,data/locked/2026-09-07/lyc_focus1_20260907.edf,focus,unfocus,250.0,254.0
zyf_personal,zyf personal model,lyc,20260907_lyc_focus_01,data/locked/2026-09-07/lyc_focus1_20260907.edf,focus,unfocus,252.0,256.0
zyf_personal,zyf personal model,lyc,20260907_lyc_focus_01,data/locked/2026-09-07/lyc_focus1_20260907.edf,focus,unfocus,254.0,258.0
zyf_personal,zyf personal model,lyc,20260907_lyc_focus_01,data/locked/2026-09-07/lyc_focus1_20260907.edf,focus,unfocus,256.0,260.0
zyf_personal,zyf personal model,lyc,20260907_lyc_focus_01,data/locked/2026-09-07/lyc_focus1_20260907.edf,focus,unfocus,258.0,262.0
zyf_personal,zyf personal model,lyc,20260907_lyc_focus_01,data/locked/2026-09-07/lyc_focus1_20260907.edf,focus,unfocus,260.0,264.0
zyf_personal,zyf personal model,lyc,20260907_lyc_focus_01,data/locked/2026-09-07/lyc_focus1_20260907.edf,focus,unfocus,262.0,266.0
zyf_personal,zyf personal model,lyc,20260907_lyc_focus_01,data/locked/2026-09-07/lyc_focus1_20260907.edf,focus,unfocus,264.0,268.0
zyf_personal,zyf personal model,lyc,20260907_lyc_focus_01,data/locked/2026-09-07/lyc_focus1_20260907.edf,focus,unfocus,266.0,270.0
zyf_personal,zyf personal model,lyc,20260907_lyc_focus_01,data/locked/2026-09-07/lyc_focus1_20260907.edf,focus,unfocus,268.0,272.0
zyf_personal,zyf personal model,lyc,20260907_lyc_focus_01,data/locked/2026-09-07/lyc_focus1_20260907.edf,focus,unfocus,270.0,274.0
zyf_personal,zyf personal model,lyc,20260907_lyc_focus_01,data/locked/2026-09-07/lyc_focus1_20260907.edf,focus,unfocus,272.0,276.0
zyf_personal,zyf personal model,lyc,20260907_lyc_focus_01,data/locked/2026-09-07/lyc_focus1_20260907.edf,focus,unfocus,274.0,278.0
zyf_personal,zyf personal model,lyc,20260907_lyc_focus_01,data/locked/2026-09-07/lyc_focus1_20260907.edf,focus,unfocus,276.0,280.0
zyf_personal,zyf personal model,lyc,20260907_lyc_focus_01,data/locked/2026-09-07/lyc_focus1_20260907.edf,focus,unfocus,278.0,282.0
zyf_personal,zyf personal model,lyc,20260907_lyc_focus_01,data/locked/2026-09-07/lyc_focus1_20260907.edf,focus,unfocus,280.0,284.0
zyf_personal,zyf personal model,lyc,20260907_lyc_focus_01,data/locked/2026-09-07/lyc_focus1_20260907.edf,focus,unfocus,282.0,286.0
zyf_personal,zyf personal model,lyc,20260907_lyc_focus_01,data/locked/2026-09-07/lyc_focus1_20260907.edf,focus,unfocus,284.0,288.0
zyf_personal,zyf personal model,lyc,20260907_lyc_focus_01,data/locked/2026-09-07/lyc_focus1_20260907.edf,focus,unfocus,286.0,290.0
zyf_personal,zyf personal model,lyc,20260907_lyc_focus_01,data/locked/2026-09-07/lyc_focus1_20260907.edf,focus,unfocus,288.0,292.0
zyf_personal,zyf personal model,lyc,20260907_lyc_focus_01,data/locked/2026-09-07/lyc_focus1_20260907.edf,focus,unfocus,290.0,294.0
zyf_personal,zyf personal model,lyc,20260907_lyc_focus_01,data/locked/2026-09-07/lyc_focus1_20260907.edf,focus,unfocus,292.0,296.0
zyf_personal,zyf personal model,lyc,20260907_lyc_focus_01,data/locked/2026-09-07/lyc_focus1_20260907.edf,focus,unfocus,294.0,298.0
zyf_personal,zyf personal model,lyc,20260907_lyc_focus_01,data/locked/2026-09-07/lyc_focus1_20260907.edf,focus,unfocus,296.0,300.0
zyf_personal,zyf personal model,lyc,20260907_lyc_focus_01,data/locked/2026-09-07/lyc_focus1_20260907.edf,focus,unfocus,298.0,302.0
zyf_personal,zyf personal model,lyc,20260907_lyc_focus_01,data/locked/2026-09-07/lyc_focus1_20260907.edf,focus,unfocus,300.0,304.0
zyf_personal,zyf personal model,lyc,20260907_lyc_focus_01,data/locked/2026-09-07/lyc_focus1_20260907.edf,focus,unfocus,302.0,306.0
zyf_personal,zyf personal model,lyc,20260907_lyc_focus_01,data/locked/2026-09-07/lyc_focus1_20260907.edf,focus,unfocus,304.0,308.0
zyf_personal,zyf personal model,lyc,20260907_lyc_focus_01,data/locked/2026-09-07/lyc_focus1_20260907.edf,focus,unfocus,306.0,310.0
zyf_personal,zyf personal model,lyc,20260907_lyc_focus_01,data/locked/2026-09-07/lyc_focus1_20260907.edf,focus,unfocus,308.0,312.0
zyf_personal,zyf personal model,lyc,20260907_lyc_focus_01,data/locked/2026-09-07/lyc_focus1_20260907.edf,focus,unfocus,310.0,314.0
zyf_personal,zyf personal model,lyc,20260907_lyc_focus_01,data/locked/2026-09-07/lyc_focus1_20260907.edf,focus,unfocus,312.0,316.0
zyf_personal,zyf personal model,lyc,20260907_lyc_focus_01,data/locked/2026-09-07/lyc_focus1_20260907.edf,focus,unfocus,314.0,318.0
zyf_personal,zyf personal model,lyc,20260907_lyc_focus_01,data/locked/2026-09-07/lyc_focus1_20260907.edf,focus,unfocus,316.0,320.0
zyf_personal,zyf personal model,lyc,20260907_lyc_focus_01,data/locked/2026-09-07/lyc_focus1_20260907.edf,focus,unfocus,318.0,322.0
zyf_personal,zyf personal model,lyc,20260907_lyc_focus_01,data/locked/2026-09-07/lyc_focus1_20260907.edf,focus,unfocus,320.0,324.0
zyf_personal,zyf personal model,lyc,20260907_lyc_focus_01,data/locked/2026-09-07/lyc_focus1_20260907.edf,focus,unfocus,322.0,326.0
zyf_personal,zyf personal model,lyc,20260907_lyc_focus_01,data/locked/2026-09-07/lyc_focus1_20260907.edf,focus,unfocus,324.0,328.0
zyf_personal,zyf personal model,lyc,20260907_lyc_focus_01,data/locked/2026-09-07/lyc_focus1_20260907.edf,focus,unfocus,326.0,330.0
zyf_personal,zyf personal model,lyc,20260907_lyc_focus_01,data/locked/2026-09-07/lyc_focus1_20260907.edf,focus,unfocus,328.0,332.0
zyf_personal,zyf personal model,lyc,20260907_lyc_focus_01,data/locked/2026-09-07/lyc_focus1_20260907.edf,focus,unfocus,330.0,334.0
zyf_personal,zyf personal model,lyc,20260907_lyc_focus_01,data/locked/2026-09-07/lyc_focus1_20260907.edf,focus,unfocus,332.0,336.0
zyf_personal,zyf personal model,lyc,20260907_lyc_focus_01,data/locked/2026-09-07/lyc_focus1_20260907.edf,focus,unfocus,334.0,338.0
zyf_personal,zyf personal model,lyc,20260907_lyc_focus_01,data/locked/2026-09-07/lyc_focus1_20260907.edf,focus,unfocus,336.0,340.0
zyf_personal,zyf personal model,lyc,20260907_lyc_focus_01,data/locked/2026-09-07/lyc_focus1_20260907.edf,focus,unfocus,338.0,342.0
zyf_personal,zyf personal model,lyc,20260907_lyc_focus_01,data/locked/2026-09-07/lyc_focus1_20260907.edf,focus,unfocus,340.0,344.0
zyf_personal,zyf personal model,lyc,20260907_lyc_focus_01,data/locked/2026-09-07/lyc_focus1_20260907.edf,focus,unfocus,342.0,346.0
zyf_personal,zyf personal model,lyc,20260907_lyc_focus_01,data/locked/2026-09-07/lyc_focus1_20260907.edf,focus,unfocus,344.0,348.0
zyf_personal,zyf personal model,lyc,20260907_lyc_focus_01,data/locked/2026-09-07/lyc_focus1_20260907.edf,focus,focus,346.0,350.0
zyf_personal,zyf personal model,lyc,20260907_lyc_focus_01,data/locked/2026-09-07/lyc_focus1_20260907.edf,focus,focus,348.0,352.0
zyf_personal,zyf personal model,lyc,20260907_lyc_focus_01,data/locked/2026-09-07/lyc_focus1_20260907.edf,focus,unfocus,350.0,354.0
zyf_personal,zyf personal model,lyc,20260907_lyc_focus_01,data/locked/2026-09-07/lyc_focus1_20260907.edf,focus,unfocus,352.0,356.0
zyf_personal,zyf personal model,lyc,20260907_lyc_focus_01,data/locked/2026-09-07/lyc_focus1_20260907.edf,focus,unfocus,354.0,358.0
zyf_personal,zyf personal model,lyc,20260907_lyc_focus_01,data/locked/2026-09-07/lyc_focus1_20260907.edf,focus,unfocus,356.0,360.0
zyf_personal,zyf personal model,lyc,20260907_lyc_focus_01,data/locked/2026-09-07/lyc_focus1_20260907.edf,focus,unfocus,358.0,362.0
zyf_personal,zyf personal model,lyc,20260907_lyc_focus_01,data/locked/2026-09-07/lyc_focus1_20260907.edf,focus,unfocus,360.0,364.0
zyf_personal,zyf personal model,lyc,20260907_lyc_focus_01,data/locked/2026-09-07/lyc_focus1_20260907.edf,focus,unfocus,362.0,366.0
zyf_personal,zyf personal model,lyc,20260907_lyc_focus_01,data/locked/2026-09-07/lyc_focus1_20260907.edf,focus,unfocus,364.0,368.0
zyf_personal,zyf personal model,lyc,20260907_lyc_focus_01,data/locked/2026-09-07/lyc_focus1_20260907.edf,focus,unfocus,366.0,370.0
zyf_personal,zyf personal model,lyc,20260907_lyc_focus_01,data/locked/2026-09-07/lyc_focus1_20260907.edf,focus,unfocus,368.0,372.0
zyf_personal,zyf personal model,lyc,20260907_lyc_focus_01,data/locked/2026-09-07/lyc_focus1_20260907.edf,focus,unfocus,370.0,374.0
zyf_personal,zyf personal model,lyc,20260907_lyc_focus_01,data/locked/2026-09-07/lyc_focus1_20260907.edf,focus,unfocus,372.0,376.0
zyf_personal,zyf personal model,lyc,20260907_lyc_focus_01,data/locked/2026-09-07/lyc_focus1_20260907.edf,focus,unfocus,374.0,378.0
zyf_personal,zyf personal model,lyc,20260907_lyc_focus_01,data/locked/2026-09-07/lyc_focus1_20260907.edf,focus,unfocus,376.0,380.0
zyf_personal,zyf personal model,lyc,20260907_lyc_focus_01,data/locked/2026-09-07/lyc_focus1_20260907.edf,focus,unfocus,378.0,382.0
zyf_personal,zyf personal model,lyc,20260907_lyc_focus_01,data/locked/2026-09-07/lyc_focus1_20260907.edf,focus,unfocus,380.0,384.0
zyf_personal,zyf personal model,lyc,20260907_lyc_focus_01,data/locked/2026-09-07/lyc_focus1_20260907.edf,focus,unfocus,382.0,386.0
zyf_personal,zyf personal model,lyc,20260907_lyc_focus_01,data/locked/2026-09-07/lyc_focus1_20260907.edf,focus,focus,384.0,388.0
zyf_personal,zyf personal model,lyc,20260907_lyc_focus_01,data/locked/2026-09-07/lyc_focus1_20260907.edf,focus,unfocus,386.0,390.0
zyf_personal,zyf personal model,lyc,20260907_lyc_focus_01,data/locked/2026-09-07/lyc_focus1_20260907.edf,focus,unfocus,388.0,392.0
zyf_personal,zyf personal model,lyc,20260907_lyc_focus_01,data/locked/2026-09-07/lyc_focus1_20260907.edf,focus,unfocus,390.0,394.0
zyf_personal,zyf personal model,lyc,20260907_lyc_focus_01,data/locked/2026-09-07/lyc_focus1_20260907.edf,focus,unfocus,392.0,396.0
zyf_personal,zyf personal model,lyc,20260907_lyc_focus_01,data/locked/2026-09-07/lyc_focus1_20260907.edf,focus,unfocus,394.0,398.0
zyf_personal,zyf personal model,lyc,20260907_lyc_focus_01,data/locked/2026-09-07/lyc_focus1_20260907.edf,focus,unfocus,396.0,400.0
zyf_personal,zyf personal model,lyc,20260907_lyc_focus_01,data/locked/2026-09-07/lyc_focus1_20260907.edf,focus,unfocus,398.0,402.0
zyf_personal,zyf personal model,lyc,20260907_lyc_focus_01,data/locked/2026-09-07/lyc_focus1_20260907.edf,focus,unfocus,400.0,404.0
zyf_personal,zyf personal model,lyc,20260907_lyc_focus_01,data/locked/2026-09-07/lyc_focus1_20260907.edf,focus,unfocus,402.0,406.0
zyf_personal,zyf personal model,lyc,20260907_lyc_focus_01,data/locked/2026-09-07/lyc_focus1_20260907.edf,focus,focus,404.0,408.0
zyf_personal,zyf personal model,lyc,20260907_lyc_focus_01,data/locked/2026-09-07/lyc_focus1_20260907.edf,focus,unfocus,406.0,410.0
zyf_personal,zyf personal model,lyc,20260907_lyc_focus_01,data/locked/2026-09-07/lyc_focus1_20260907.edf,focus,unfocus,408.0,412.0
zyf_personal,zyf personal model,lyc,20260907_lyc_focus_01,data/locked/2026-09-07/lyc_focus1_20260907.edf,focus,unfocus,410.0,414.0
zyf_personal,zyf personal model,lyc,20260907_lyc_focus_01,data/locked/2026-09-07/lyc_focus1_20260907.edf,focus,unfocus,412.0,416.0
zyf_personal,zyf personal model,lyc,20260907_lyc_focus_01,data/locked/2026-09-07/lyc_focus1_20260907.edf,focus,unfocus,414.0,418.0
zyf_personal,zyf personal model,lyc,20260907_lyc_focus_01,data/locked/2026-09-07/lyc_focus1_20260907.edf,focus,unfocus,416.0,420.0
zyf_personal,zyf personal model,lyc,20260907_lyc_focus_01,data/locked/2026-09-07/lyc_focus1_20260907.edf,focus,unfocus,418.0,422.0
zyf_personal,zyf personal model,lyc,20260907_lyc_focus_01,data/locked/2026-09-07/lyc_focus1_20260907.edf,focus,unfocus,420.0,424.0
zyf_personal,zyf personal model,lyc,20260907_lyc_focus_01,data/locked/2026-09-07/lyc_focus1_20260907.edf,focus,unfocus,422.0,426.0
zyf_personal,zyf personal model,lyc,20260907_lyc_focus_01,data/locked/2026-09-07/lyc_focus1_20260907.edf,focus,unfocus,424.0,428.0
zyf_personal,zyf personal model,lyc,20260907_lyc_focus_01,data/locked/2026-09-07/lyc_focus1_20260907.edf,focus,unfocus,426.0,430.0
zyf_personal,zyf personal model,lyc,20260907_lyc_focus_01,data/locked/2026-09-07/lyc_focus1_20260907.edf,focus,unfocus,428.0,432.0
zyf_personal,zyf personal model,lyc,20260907_lyc_focus_01,data/locked/2026-09-07/lyc_focus1_20260907.edf,focus,unfocus,430.0,434.0
zyf_personal,zyf personal model,lyc,20260907_lyc_focus_01,data/locked/2026-09-07/lyc_focus1_20260907.edf,focus,unfocus,432.0,436.0
zyf_personal,zyf personal model,lyc,20260907_lyc_focus_01,data/locked/2026-09-07/lyc_focus1_20260907.edf,focus,focus,434.0,438.0
zyf_personal,zyf personal model,lyc,20260907_lyc_focus_01,data/locked/2026-09-07/lyc_focus1_20260907.edf,focus,unfocus,436.0,440.0
zyf_personal,zyf personal model,lyc,20260907_lyc_focus_01,data/locked/2026-09-07/lyc_focus1_20260907.edf,focus,unfocus,438.0,442.0
zyf_personal,zyf personal model,lyc,20260907_lyc_focus_01,data/locked/2026-09-07/lyc_focus1_20260907.edf,focus,unfocus,440.0,444.0
zyf_personal,zyf personal model,lyc,20260907_lyc_focus_01,data/locked/2026-09-07/lyc_focus1_20260907.edf,focus,unfocus,442.0,446.0
zyf_personal,zyf personal model,lyc,20260907_lyc_focus_01,data/locked/2026-09-07/lyc_focus1_20260907.edf,focus,unfocus,444.0,448.0
zyf_personal,zyf personal model,lyc,20260907_lyc_focus_01,data/locked/2026-09-07/lyc_focus1_20260907.edf,focus,unfocus,446.0,450.0
zyf_personal,zyf personal model,lyc,20260907_lyc_focus_01,data/locked/2026-09-07/lyc_focus1_20260907.edf,focus,unfocus,448.0,452.0
zyf_personal,zyf personal model,lyc,20260907_lyc_focus_01,data/locked/2026-09-07/lyc_focus1_20260907.edf,focus,unfocus,450.0,454.0
zyf_personal,zyf personal model,lyc,20260907_lyc_focus_01,data/locked/2026-09-07/lyc_focus1_20260907.edf,focus,unfocus,452.0,456.0
zyf_personal,zyf personal model,lyc,20260907_lyc_focus_01,data/locked/2026-09-07/lyc_focus1_20260907.edf,focus,unfocus,454.0,458.0
zyf_personal,zyf personal model,lyc,20260907_lyc_focus_01,data/locked/2026-09-07/lyc_focus1_20260907.edf,focus,unfocus,456.0,460.0
zyf_personal,zyf personal model,lyc,20260907_lyc_focus_01,data/locked/2026-09-07/lyc_focus1_20260907.edf,focus,unfocus,458.0,462.0
zyf_personal,zyf personal model,lyc,20260907_lyc_focus_01,data/locked/2026-09-07/lyc_focus1_20260907.edf,focus,unfocus,460.0,464.0
zyf_personal,zyf personal model,lyc,20260907_lyc_focus_01,data/locked/2026-09-07/lyc_focus1_20260907.edf,focus,unfocus,462.0,466.0
zyf_personal,zyf personal model,lyc,20260907_lyc_focus_01,data/locked/2026-09-07/lyc_focus1_20260907.edf,focus,unfocus,464.0,468.0
zyf_personal,zyf personal model,lyc,20260907_lyc_focus_01,data/locked/2026-09-07/lyc_focus1_20260907.edf,focus,focus,466.0,470.0
zyf_personal,zyf personal model,lyc,20260907_lyc_focus_01,data/locked/2026-09-07/lyc_focus1_20260907.edf,focus,focus,468.0,472.0
zyf_personal,zyf personal model,lyc,20260907_lyc_focus_01,data/locked/2026-09-07/lyc_focus1_20260907.edf,focus,unfocus,470.0,474.0
zyf_personal,zyf personal model,lyc,20260907_lyc_focus_01,data/locked/2026-09-07/lyc_focus1_20260907.edf,focus,unfocus,472.0,476.0
zyf_personal,zyf personal model,lyc,20260907_lyc_focus_01,data/locked/2026-09-07/lyc_focus1_20260907.edf,focus,unfocus,474.0,478.0
zyf_personal,zyf personal model,lyc,20260907_lyc_focus_01,data/locked/2026-09-07/lyc_focus1_20260907.edf,focus,unfocus,476.0,480.0
zyf_personal,zyf personal model,lyc,20260907_lyc_focus_01,data/locked/2026-09-07/lyc_focus1_20260907.edf,focus,unfocus,478.0,482.0
zyf_personal,zyf personal model,lyc,20260907_lyc_focus_01,data/locked/2026-09-07/lyc_focus1_20260907.edf,focus,unfocus,480.0,484.0
zyf_personal,zyf personal model,lyc,20260907_lyc_focus_01,data/locked/2026-09-07/lyc_focus1_20260907.edf,focus,unfocus,482.0,486.0
zyf_personal,zyf personal model,lyc,20260907_lyc_focus_01,data/locked/2026-09-07/lyc_focus1_20260907.edf,focus,unfocus,484.0,488.0
zyf_personal,zyf personal model,lyc,20260907_lyc_focus_01,data/locked/2026-09-07/lyc_focus1_20260907.edf,focus,unfocus,486.0,490.0
zyf_personal,zyf personal model,lyc,20260907_lyc_focus_01,data/locked/2026-09-07/lyc_focus1_20260907.edf,focus,unfocus,488.0,492.0
zyf_personal,zyf personal model,lyc,20260907_lyc_focus_01,data/locked/2026-09-07/lyc_focus1_20260907.edf,focus,unfocus,490.0,494.0
zyf_personal,zyf personal model,lyc,20260907_lyc_focus_01,data/locked/2026-09-07/lyc_focus1_20260907.edf,focus,unfocus,492.0,496.0
zyf_personal,zyf personal model,lyc,20260907_lyc_focus_01,data/locked/2026-09-07/lyc_focus1_20260907.edf,focus,unfocus,494.0,498.0
zyf_personal,zyf personal model,lyc,20260907_lyc_focus_01,data/locked/2026-09-07/lyc_focus1_20260907.edf,focus,unfocus,496.0,500.0
zyf_personal,zyf personal model,lyc,20260907_lyc_focus_01,data/locked/2026-09-07/lyc_focus1_20260907.edf,focus,unfocus,498.0,502.0
zyf_personal,zyf personal model,lyc,20260907_lyc_focus_01,data/locked/2026-09-07/lyc_focus1_20260907.edf,focus,focus,500.0,504.0
zyf_personal,zyf personal model,lyc,20260907_lyc_focus_01,data/locked/2026-09-07/lyc_focus1_20260907.edf,focus,focus,502.0,506.0
zyf_personal,zyf personal model,lyc,20260907_lyc_focus_01,data/locked/2026-09-07/lyc_focus1_20260907.edf,focus,focus,504.0,508.0
zyf_personal,zyf personal model,lyc,20260907_lyc_focus_01,data/locked/2026-09-07/lyc_focus1_20260907.edf,focus,focus,506.0,510.0
zyf_personal,zyf personal model,lyc,20260907_lyc_focus_01,data/locked/2026-09-07/lyc_focus1_20260907.edf,focus,focus,508.0,512.0
zyf_personal,zyf personal model,lyc,20260907_lyc_focus_01,data/locked/2026-09-07/lyc_focus1_20260907.edf,focus,focus,510.0,514.0
zyf_personal,zyf personal model,lyc,20260907_lyc_focus_01,data/locked/2026-09-07/lyc_focus1_20260907.edf,focus,focus,512.0,516.0
zyf_personal,zyf personal model,lyc,20260907_lyc_focus_01,data/locked/2026-09-07/lyc_focus1_20260907.edf,focus,focus,514.0,518.0
zyf_personal,zyf personal model,lyc,20260907_lyc_focus_01,data/locked/2026-09-07/lyc_focus1_20260907.edf,focus,focus,516.0,520.0
zyf_personal,zyf personal model,lyc,20260907_lyc_focus_01,data/locked/2026-09-07/lyc_focus1_20260907.edf,focus,unfocus,518.0,522.0
zyf_personal,zyf personal model,lyc,20260907_lyc_focus_01,data/locked/2026-09-07/lyc_focus1_20260907.edf,focus,unfocus,520.0,524.0
zyf_personal,zyf personal model,lyc,20260907_lyc_focus_01,data/locked/2026-09-07/lyc_focus1_20260907.edf,focus,unfocus,522.0,526.0
zyf_personal,zyf personal model,lyc,20260907_lyc_focus_01,data/locked/2026-09-07/lyc_focus1_20260907.edf,focus,focus,524.0,528.0
zyf_personal,zyf personal model,lyc,20260907_lyc_focus_01,data/locked/2026-09-07/lyc_focus1_20260907.edf,focus,focus,526.0,530.0
zyf_personal,zyf personal model,lyc,20260907_lyc_focus_01,data/locked/2026-09-07/lyc_focus1_20260907.edf,focus,focus,528.0,532.0
zyf_personal,zyf personal model,lyc,20260907_lyc_focus_01,data/locked/2026-09-07/lyc_focus1_20260907.edf,focus,focus,530.0,534.0
zyf_personal,zyf personal model,lyc,20260907_lyc_focus_01,data/locked/2026-09-07/lyc_focus1_20260907.edf,focus,focus,532.0,536.0
zyf_personal,zyf personal model,lyc,20260907_lyc_focus_01,data/locked/2026-09-07/lyc_focus1_20260907.edf,focus,unfocus,534.0,538.0
zyf_personal,zyf personal model,lyc,20260907_lyc_focus_01,data/locked/2026-09-07/lyc_focus1_20260907.edf,focus,unfocus,536.0,540.0
zyf_personal,zyf personal model,lyc,20260907_lyc_focus_01,data/locked/2026-09-07/lyc_focus1_20260907.edf,focus,unfocus,538.0,542.0
zyf_personal,zyf personal model,lyc,20260907_lyc_focus_01,data/locked/2026-09-07/lyc_focus1_20260907.edf,focus,unfocus,540.0,544.0
zyf_personal,zyf personal model,lyc,20260907_lyc_focus_01,data/locked/2026-09-07/lyc_focus1_20260907.edf,focus,focus,542.0,546.0
zyf_personal,zyf personal model,lyc,20260907_lyc_focus_01,data/locked/2026-09-07/lyc_focus1_20260907.edf,focus,focus,544.0,548.0
zyf_personal,zyf personal model,lyc,20260907_lyc_focus_01,data/locked/2026-09-07/lyc_focus1_20260907.edf,focus,focus,546.0,550.0
zyf_personal,zyf personal model,lyc,20260907_lyc_focus_01,data/locked/2026-09-07/lyc_focus1_20260907.edf,focus,focus,548.0,552.0
zyf_personal,zyf personal model,lyc,20260907_lyc_focus_01,data/locked/2026-09-07/lyc_focus1_20260907.edf,focus,focus,550.0,554.0
zyf_personal,zyf personal model,lyc,20260907_lyc_focus_01,data/locked/2026-09-07/lyc_focus1_20260907.edf,focus,focus,552.0,556.0
zyf_personal,zyf personal model,lyc,20260907_lyc_focus_01,data/locked/2026-09-07/lyc_focus1_20260907.edf,focus,unfocus,554.0,558.0
zyf_personal,zyf personal model,lyc,20260907_lyc_focus_01,data/locked/2026-09-07/lyc_focus1_20260907.edf,focus,unfocus,556.0,560.0
zyf_personal,zyf personal model,lyc,20260907_lyc_focus_01,data/locked/2026-09-07/lyc_focus1_20260907.edf,focus,unfocus,558.0,562.0
zyf_personal,zyf personal model,lyc,20260907_lyc_focus_01,data/locked/2026-09-07/lyc_focus1_20260907.edf,focus,focus,560.0,564.0
zyf_personal,zyf personal model,lyc,20260907_lyc_focus_01,data/locked/2026-09-07/lyc_focus1_20260907.edf,focus,unfocus,562.0,566.0
zyf_personal,zyf personal model,lyc,20260907_lyc_focus_01,data/locked/2026-09-07/lyc_focus1_20260907.edf,focus,unfocus,564.0,568.0
zyf_personal,zyf personal model,lyc,20260907_lyc_focus_01,data/locked/2026-09-07/lyc_focus1_20260907.edf,focus,unfocus,566.0,570.0
zyf_personal,zyf personal model,lyc,20260907_lyc_focus_01,data/locked/2026-09-07/lyc_focus1_20260907.edf,focus,unfocus,568.0,572.0
zyf_personal,zyf personal model,lyc,20260907_lyc_focus_01,data/locked/2026-09-07/lyc_focus1_20260907.edf,focus,focus,570.0,574.0
zyf_personal,zyf personal model,lyc,20260907_lyc_focus_01,data/locked/2026-09-07/lyc_focus1_20260907.edf,focus,focus,572.0,576.0
zyf_personal,zyf personal model,lyc,20260907_lyc_focus_01,data/locked/2026-09-07/lyc_focus1_20260907.edf,focus,focus,574.0,578.0
zyf_personal,zyf personal model,lyc,20260907_lyc_focus_01,data/locked/2026-09-07/lyc_focus1_20260907.edf,focus,focus,576.0,580.0
zyf_personal,zyf personal model,lyc,20260907_lyc_focus_01,data/locked/2026-09-07/lyc_focus1_20260907.edf,focus,focus,578.0,582.0
zyf_personal,zyf personal model,lyc,20260907_lyc_focus_01,data/locked/2026-09-07/lyc_focus1_20260907.edf,focus,focus,580.0,584.0
zyf_personal,zyf personal model,lyc,20260907_lyc_focus_01,data/locked/2026-09-07/lyc_focus1_20260907.edf,focus,focus,582.0,586.0
zyf_personal,zyf personal model,lyc,20260907_lyc_focus_01,data/locked/2026-09-07/lyc_focus1_20260907.edf,focus,focus,584.0,588.0
zyf_personal,zyf personal model,lyc,20260907_lyc_focus_01,data/locked/2026-09-07/lyc_focus1_20260907.edf,focus,unfocus,586.0,590.0
zyf_personal,zyf personal model,lyc,20260907_lyc_focus_01,data/locked/2026-09-07/lyc_focus1_20260907.edf,focus,unfocus,588.0,592.0
zyf_personal,zyf personal model,lyc,20260907_lyc_focus_01,data/locked/2026-09-07/lyc_focus1_20260907.edf,focus,unfocus,590.0,594.0
zyf_personal,zyf personal model,lyc,20260907_lyc_focus_01,data/locked/2026-09-07/lyc_focus1_20260907.edf,focus,focus,592.0,596.0
zyf_personal,zyf personal model,lyc,20260907_lyc_focus_01,data/locked/2026-09-07/lyc_focus1_20260907.edf,focus,focus,594.0,598.0
zyf_personal,zyf personal model,lyc,20260907_lyc_focus_01,data/locked/2026-09-07/lyc_focus1_20260907.edf,focus,focus,596.0,600.0
zyf_personal,zyf personal model,lyc,20260907_lyc_focus_01,data/locked/2026-09-07/lyc_focus1_20260907.edf,focus,focus,598.0,602.0
zyf_personal,zyf personal model,lyc,20260907_lyc_focus_01,data/locked/2026-09-07/lyc_focus1_20260907.edf,focus,focus,600.0,604.0
zyf_personal,zyf personal model,lyc,20260907_lyc_focus_01,data/locked/2026-09-07/lyc_focus1_20260907.edf,focus,focus,602.0,606.0
zyf_personal,zyf personal model,lyc,20260907_lyc_focus_01,data/locked/2026-09-07/lyc_focus1_20260907.edf,focus,focus,604.0,608.0
zyf_personal,zyf personal model,lyc,20260907_lyc_focus_01,data/locked/2026-09-07/lyc_focus1_20260907.edf,focus,focus,606.0,610.0
zyf_personal,zyf personal model,lyc,20260907_lyc_focus_01,data/locked/2026-09-07/lyc_focus1_20260907.edf,focus,focus,608.0,612.0
zyf_personal,zyf personal model,lyc,20260907_lyc_focus_01,data/locked/2026-09-07/lyc_focus1_20260907.edf,focus,focus,610.0,614.0
zyf_personal,zyf personal model,lyc,20260907_lyc_focus_01,data/locked/2026-09-07/lyc_focus1_20260907.edf,focus,focus,612.0,616.0
zyf_personal,zyf personal model,lyc,20260907_lyc_focus_01,data/locked/2026-09-07/lyc_focus1_20260907.edf,focus,unfocus,614.0,618.0
zyf_personal,zyf personal model,lyc,20260907_lyc_focus_01,data/locked/2026-09-07/lyc_focus1_20260907.edf,focus,focus,616.0,620.0
zyf_personal,zyf personal model,lyc,20260907_lyc_focus_01,data/locked/2026-09-07/lyc_focus1_20260907.edf,focus,unfocus,618.0,622.0
zyf_personal,zyf personal model,lyc,20260907_lyc_focus_01,data/locked/2026-09-07/lyc_focus1_20260907.edf,focus,unfocus,620.0,624.0
zyf_personal,zyf personal model,lyc,20260907_lyc_focus_01,data/locked/2026-09-07/lyc_focus1_20260907.edf,focus,focus,622.0,626.0
zyf_personal,zyf personal model,lyc,20260907_lyc_focus_01,data/locked/2026-09-07/lyc_focus1_20260907.edf,focus,focus,624.0,628.0
zyf_personal,zyf personal model,lyc,20260907_lyc_focus_01,data/locked/2026-09-07/lyc_focus1_20260907.edf,focus,focus,626.0,630.0
zyf_personal,zyf personal model,lyc,20260907_lyc_focus_01,data/locked/2026-09-07/lyc_focus1_20260907.edf,focus,focus,628.0,632.0
zyf_personal,zyf personal model,lyc,20260907_lyc_focus_01,data/locked/2026-09-07/lyc_focus1_20260907.edf,focus,focus,630.0,634.0
zyf_personal,zyf personal model,lyc,20260907_lyc_focus_01,data/locked/2026-09-07/lyc_focus1_20260907.edf,focus,focus,632.0,636.0
zyf_personal,zyf personal model,lyc,20260907_lyc_focus_01,data/locked/2026-09-07/lyc_focus1_20260907.edf,focus,focus,634.0,638.0
zyf_personal,zyf personal model,lyc,20260907_lyc_focus_01,data/locked/2026-09-07/lyc_focus1_20260907.edf,focus,focus,636.0,640.0
zyf_personal,zyf personal model,lyc,20260907_lyc_focus_01,data/locked/2026-09-07/lyc_focus1_20260907.edf,focus,focus,638.0,642.0
zyf_personal,zyf personal model,lyc,20260907_lyc_focus_01,data/locked/2026-09-07/lyc_focus1_20260907.edf,focus,focus,640.0,644.0
zyf_personal,zyf personal model,lyc,20260907_lyc_focus_01,data/locked/2026-09-07/lyc_focus1_20260907.edf,focus,unfocus,642.0,646.0
zyf_personal,zyf personal model,lyc,20260907_lyc_focus_01,data/locked/2026-09-07/lyc_focus1_20260907.edf,focus,unfocus,644.0,648.0
zyf_personal,zyf personal model,lyc,20260907_lyc_focus_01,data/locked/2026-09-07/lyc_focus1_20260907.edf,focus,unfocus,646.0,650.0
zyf_personal,zyf personal model,lyc,20260907_lyc_focus_01,data/locked/2026-09-07/lyc_focus1_20260907.edf,focus,unfocus,648.0,652.0
zyf_personal,zyf personal model,lyc,20260907_lyc_focus_01,data/locked/2026-09-07/lyc_focus1_20260907.edf,focus,unfocus,650.0,654.0
zyf_personal,zyf personal model,lyc,20260907_lyc_focus_01,data/locked/2026-09-07/lyc_focus1_20260907.edf,focus,unfocus,652.0,656.0
zyf_personal,zyf personal model,lyc,20260907_lyc_focus_01,data/locked/2026-09-07/lyc_focus1_20260907.edf,focus,unfocus,654.0,658.0
zyf_personal,zyf personal model,lyc,20260907_lyc_focus_01,data/locked/2026-09-07/lyc_focus1_20260907.edf,focus,unfocus,656.0,660.0
zyf_personal,zyf personal model,lyc,20260907_lyc_focus_01,data/locked/2026-09-07/lyc_focus1_20260907.edf,focus,unfocus,658.0,662.0
zyf_personal,zyf personal model,lyc,20260907_lyc_focus_01,data/locked/2026-09-07/lyc_focus1_20260907.edf,focus,unfocus,660.0,664.0
zyf_personal,zyf personal model,lyc,20260907_lyc_focus_01,data/locked/2026-09-07/lyc_focus1_20260907.edf,focus,unfocus,662.0,666.0
zyf_personal,zyf personal model,lyc,20260907_lyc_focus_01,data/locked/2026-09-07/lyc_focus1_20260907.edf,focus,focus,664.0,668.0
zyf_personal,zyf personal model,lyc,20260907_lyc_focus_01,data/locked/2026-09-07/lyc_focus1_20260907.edf,focus,focus,666.0,670.0
zyf_personal,zyf personal model,lyc,20260907_lyc_focus_01,data/locked/2026-09-07/lyc_focus1_20260907.edf,focus,focus,668.0,672.0
zyf_personal,zyf personal model,lyc,20260907_lyc_focus_01,data/locked/2026-09-07/lyc_focus1_20260907.edf,focus,focus,670.0,674.0
zyf_personal,zyf personal model,lyc,20260907_lyc_focus_01,data/locked/2026-09-07/lyc_focus1_20260907.edf,focus,focus,672.0,676.0
zyf_personal,zyf personal model,lyc,20260907_lyc_focus_01,data/locked/2026-09-07/lyc_focus1_20260907.edf,focus,focus,674.0,678.0
zyf_personal,zyf personal model,lyc,20260907_lyc_focus_01,data/locked/2026-09-07/lyc_focus1_20260907.edf,focus,focus,676.0,680.0
zyf_personal,zyf personal model,lyc,20260907_lyc_focus_01,data/locked/2026-09-07/lyc_focus1_20260907.edf,focus,unfocus,678.0,682.0
zyf_personal,zyf personal model,lyc,20260907_lyc_focus_01,data/locked/2026-09-07/lyc_focus1_20260907.edf,focus,unfocus,680.0,684.0
zyf_personal,zyf personal model,lyc,20260907_lyc_focus_01,data/locked/2026-09-07/lyc_focus1_20260907.edf,focus,unfocus,682.0,686.0
zyf_personal,zyf personal model,lyc,20260907_lyc_focus_01,data/locked/2026-09-07/lyc_focus1_20260907.edf,focus,unfocus,684.0,688.0
zyf_personal,zyf personal model,lyc,20260907_lyc_focus_01,data/locked/2026-09-07/lyc_focus1_20260907.edf,focus,focus,686.0,690.0
zyf_personal,zyf personal model,lyc,20260907_lyc_focus_01,data/locked/2026-09-07/lyc_focus1_20260907.edf,focus,focus,688.0,692.0
zyf_personal,zyf personal model,lyc,20260907_lyc_focus_01,data/locked/2026-09-07/lyc_focus1_20260907.edf,focus,focus,690.0,694.0
zyf_personal,zyf personal model,lyc,20260907_lyc_focus_01,data/locked/2026-09-07/lyc_focus1_20260907.edf,focus,focus,692.0,696.0
zyf_personal,zyf personal model,lyc,20260907_lyc_focus_01,data/locked/2026-09-07/lyc_focus1_20260907.edf,focus,focus,694.0,698.0
zyf_personal,zyf personal model,lyc,20260907_lyc_focus_01,data/locked/2026-09-07/lyc_focus1_20260907.edf,focus,focus,696.0,700.0
zyf_personal,zyf personal model,lyc,20260907_lyc_focus_01,data/locked/2026-09-07/lyc_focus1_20260907.edf,focus,focus,698.0,702.0
zyf_personal,zyf personal model,lyc,20260907_lyc_focus_01,data/locked/2026-09-07/lyc_focus1_20260907.edf,focus,focus,700.0,704.0
zyf_personal,zyf personal model,lyc,20260907_lyc_focus_01,data/locked/2026-09-07/lyc_focus1_20260907.edf,focus,focus,702.0,706.0
zyf_personal,zyf personal model,lyc,20260907_lyc_focus_01,data/locked/2026-09-07/lyc_focus1_20260907.edf,focus,focus,704.0,708.0
zyf_personal,zyf personal model,lyc,20260907_lyc_focus_01,data/locked/2026-09-07/lyc_focus1_20260907.edf,focus,focus,706.0,710.0
zyf_personal,zyf personal model,lyc,20260907_lyc_focus_01,data/locked/2026-09-07/lyc_focus1_20260907.edf,focus,focus,708.0,712.0
zyf_personal,zyf personal model,lyc,20260907_lyc_focus_01,data/locked/2026-09-07/lyc_focus1_20260907.edf,focus,focus,710.0,714.0
zyf_personal,zyf personal model,lyc,20260907_lyc_focus_01,data/locked/2026-09-07/lyc_focus1_20260907.edf,focus,focus,712.0,716.0
zyf_personal,zyf personal model,lyc,20260907_lyc_focus_01,data/locked/2026-09-07/lyc_focus1_20260907.edf,focus,focus,714.0,718.0
zyf_personal,zyf personal model,lyc,20260907_lyc_focus_01,data/locked/2026-09-07/lyc_focus1_20260907.edf,focus,focus,716.0,720.0
zyf_personal,zyf personal model,lyc,20260907_lyc_focus_01,data/locked/2026-09-07/lyc_focus1_20260907.edf,focus,unfocus,718.0,722.0
zyf_personal,zyf personal model,lyc,20260907_lyc_focus_01,data/locked/2026-09-07/lyc_focus1_20260907.edf,focus,unfocus,720.0,724.0
zyf_personal,zyf personal model,lyc,20260907_lyc_focus_01,data/locked/2026-09-07/lyc_focus1_20260907.edf,focus,unfocus,722.0,726.0
zyf_personal,zyf personal model,lyc,20260907_lyc_focus_01,data/locked/2026-09-07/lyc_focus1_20260907.edf,focus,unfocus,724.0,728.0
zyf_personal,zyf personal model,lyc,20260907_lyc_focus_01,data/locked/2026-09-07/lyc_focus1_20260907.edf,focus,unfocus,726.0,730.0
zyf_personal,zyf personal model,lyc,20260907_lyc_focus_01,data/locked/2026-09-07/lyc_focus1_20260907.edf,focus,unfocus,728.0,732.0
zyf_personal,zyf personal model,lyc,20260907_lyc_focus_01,data/locked/2026-09-07/lyc_focus1_20260907.edf,focus,unfocus,730.0,734.0
zyf_personal,zyf personal model,lyc,20260907_lyc_focus_01,data/locked/2026-09-07/lyc_focus1_20260907.edf,focus,focus,732.0,736.0
zyf_personal,zyf personal model,lyc,20260907_lyc_focus_01,data/locked/2026-09-07/lyc_focus1_20260907.edf,focus,focus,734.0,738.0
zyf_personal,zyf personal model,lyc,20260907_lyc_focus_01,data/locked/2026-09-07/lyc_focus1_20260907.edf,focus,focus,736.0,740.0
zyf_personal,zyf personal model,lyc,20260907_lyc_focus_01,data/locked/2026-09-07/lyc_focus1_20260907.edf,focus,unfocus,738.0,742.0
zyf_personal,zyf personal model,lyc,20260907_lyc_focus_01,data/locked/2026-09-07/lyc_focus1_20260907.edf,focus,unfocus,740.0,744.0
zyf_personal,zyf personal model,lyc,20260907_lyc_focus_01,data/locked/2026-09-07/lyc_focus1_20260907.edf,focus,focus,742.0,746.0
zyf_personal,zyf personal model,lyc,20260907_lyc_focus_01,data/locked/2026-09-07/lyc_focus1_20260907.edf,focus,focus,744.0,748.0
zyf_personal,zyf personal model,lyc,20260907_lyc_focus_01,data/locked/2026-09-07/lyc_focus1_20260907.edf,focus,focus,746.0,750.0
zyf_personal,zyf personal model,lyc,20260907_lyc_focus_01,data/locked/2026-09-07/lyc_focus1_20260907.edf,focus,focus,748.0,752.0
zyf_personal,zyf personal model,lyc,20260907_lyc_focus_01,data/locked/2026-09-07/lyc_focus1_20260907.edf,focus,focus,750.0,754.0
zyf_personal,zyf personal model,lyc,20260907_lyc_focus_01,data/locked/2026-09-07/lyc_focus1_20260907.edf,focus,focus,752.0,756.0
zyf_personal,zyf personal model,lyc,20260907_lyc_focus_01,data/locked/2026-09-07/lyc_focus1_20260907.edf,focus,focus,754.0,758.0
zyf_personal,zyf personal model,lyc,20260907_lyc_focus_01,data/locked/2026-09-07/lyc_focus1_20260907.edf,focus,focus,756.0,760.0
zyf_personal,zyf personal model,lyc,20260907_lyc_focus_01,data/locked/2026-09-07/lyc_focus1_20260907.edf,focus,focus,758.0,762.0
zyf_personal,zyf personal model,lyc,20260907_lyc_focus_01,data/locked/2026-09-07/lyc_focus1_20260907.edf,focus,focus,760.0,764.0
zyf_personal,zyf personal model,lyc,20260907_lyc_focus_01,data/locked/2026-09-07/lyc_focus1_20260907.edf,focus,unfocus,762.0,766.0
zyf_personal,zyf personal model,lyc,20260907_lyc_focus_01,data/locked/2026-09-07/lyc_focus1_20260907.edf,focus,unfocus,764.0,768.0
zyf_personal,zyf personal model,lyc,20260907_lyc_focus_01,data/locked/2026-09-07/lyc_focus1_20260907.edf,focus,unfocus,766.0,770.0
zyf_personal,zyf personal model,lyc,20260907_lyc_focus_01,data/locked/2026-09-07/lyc_focus1_20260907.edf,focus,unfocus,768.0,772.0
zyf_personal,zyf personal model,lyc,20260907_lyc_focus_01,data/locked/2026-09-07/lyc_focus1_20260907.edf,focus,unfocus,770.0,774.0
zyf_personal,zyf personal model,lyc,20260907_lyc_focus_01,data/locked/2026-09-07/lyc_focus1_20260907.edf,focus,unfocus,772.0,776.0
zyf_personal,zyf personal model,lyc,20260907_lyc_focus_01,data/locked/2026-09-07/lyc_focus1_20260907.edf,focus,unfocus,774.0,778.0
zyf_personal,zyf personal model,lyc,20260907_lyc_focus_01,data/locked/2026-09-07/lyc_focus1_20260907.edf,focus,unfocus,776.0,780.0
zyf_personal,zyf personal model,lyc,20260907_lyc_focus_01,data/locked/2026-09-07/lyc_focus1_20260907.edf,focus,unfocus,778.0,782.0
zyf_personal,zyf personal model,lyc,20260907_lyc_focus_01,data/locked/2026-09-07/lyc_focus1_20260907.edf,focus,unfocus,780.0,784.0
zyf_personal,zyf personal model,lyc,20260907_lyc_focus_01,data/locked/2026-09-07/lyc_focus1_20260907.edf,focus,unfocus,782.0,786.0
zyf_personal,zyf personal model,lyc,20260907_lyc_focus_01,data/locked/2026-09-07/lyc_focus1_20260907.edf,focus,unfocus,784.0,788.0
zyf_personal,zyf personal model,lyc,20260907_lyc_focus_01,data/locked/2026-09-07/lyc_focus1_20260907.edf,focus,unfocus,786.0,790.0
zyf_personal,zyf personal model,lyc,20260907_lyc_focus_01,data/locked/2026-09-07/lyc_focus1_20260907.edf,focus,unfocus,788.0,792.0
zyf_personal,zyf personal model,lyc,20260907_lyc_focus_01,data/locked/2026-09-07/lyc_focus1_20260907.edf,focus,unfocus,790.0,794.0
zyf_personal,zyf personal model,lyc,20260907_lyc_focus_01,data/locked/2026-09-07/lyc_focus1_20260907.edf,focus,unfocus,792.0,796.0
zyf_personal,zyf personal model,lyc,20260907_lyc_focus_01,data/locked/2026-09-07/lyc_focus1_20260907.edf,focus,unfocus,794.0,798.0
zyf_personal,zyf personal model,lyc,20260907_lyc_focus_01,data/locked/2026-09-07/lyc_focus1_20260907.edf,focus,unfocus,796.0,800.0
zyf_personal,zyf personal model,lyc,20260907_lyc_focus_01,data/locked/2026-09-07/lyc_focus1_20260907.edf,focus,focus,798.0,802.0
zyf_personal,zyf personal model,lyc,20260907_lyc_focus_01,data/locked/2026-09-07/lyc_focus1_20260907.edf,focus,unfocus,800.0,804.0
zyf_personal,zyf personal model,lyc,20260907_lyc_focus_01,data/locked/2026-09-07/lyc_focus1_20260907.edf,focus,unfocus,802.0,806.0
zyf_personal,zyf personal model,lyc,20260907_lyc_focus_01,data/locked/2026-09-07/lyc_focus1_20260907.edf,focus,unfocus,804.0,808.0
zyf_personal,zyf personal model,lyc,20260907_lyc_focus_01,data/locked/2026-09-07/lyc_focus1_20260907.edf,focus,unfocus,806.0,810.0
zyf_personal,zyf personal model,lyc,20260907_lyc_focus_01,data/locked/2026-09-07/lyc_focus1_20260907.edf,focus,unfocus,808.0,812.0
zyf_personal,zyf personal model,lyc,20260907_lyc_focus_01,data/locked/2026-09-07/lyc_focus1_20260907.edf,focus,unfocus,810.0,814.0
zyf_personal,zyf personal model,lyc,20260907_lyc_focus_01,data/locked/2026-09-07/lyc_focus1_20260907.edf,focus,unfocus,812.0,816.0
zyf_personal,zyf personal model,lyc,20260907_lyc_focus_01,data/locked/2026-09-07/lyc_focus1_20260907.edf,focus,unfocus,814.0,818.0
zyf_personal,zyf personal model,lyc,20260907_lyc_focus_01,data/locked/2026-09-07/lyc_focus1_20260907.edf,focus,unfocus,816.0,820.0
zyf_personal,zyf personal model,lyc,20260907_lyc_focus_01,data/locked/2026-09-07/lyc_focus1_20260907.edf,focus,unfocus,818.0,822.0
zyf_personal,zyf personal model,lyc,20260907_lyc_focus_01,data/locked/2026-09-07/lyc_focus1_20260907.edf,focus,unfocus,820.0,824.0
zyf_personal,zyf personal model,lyc,20260907_lyc_focus_01,data/locked/2026-09-07/lyc_focus1_20260907.edf,focus,unfocus,822.0,826.0
zyf_personal,zyf personal model,lyc,20260907_lyc_focus_01,data/locked/2026-09-07/lyc_focus1_20260907.edf,focus,unfocus,824.0,828.0
zyf_personal,zyf personal model,lyc,20260907_lyc_focus_01,data/locked/2026-09-07/lyc_focus1_20260907.edf,focus,unfocus,826.0,830.0
zyf_personal,zyf personal model,lyc,20260907_lyc_focus_01,data/locked/2026-09-07/lyc_focus1_20260907.edf,focus,unfocus,828.0,832.0
zyf_personal,zyf personal model,lyc,20260907_lyc_focus_01,data/locked/2026-09-07/lyc_focus1_20260907.edf,focus,unfocus,830.0,834.0
zyf_personal,zyf personal model,lyc,20260907_lyc_focus_01,data/locked/2026-09-07/lyc_focus1_20260907.edf,focus,unfocus,832.0,836.0
zyf_personal,zyf personal model,lyc,20260907_lyc_focus_01,data/locked/2026-09-07/lyc_focus1_20260907.edf,focus,unfocus,834.0,838.0
zyf_personal,zyf personal model,lyc,20260907_lyc_focus_01,data/locked/2026-09-07/lyc_focus1_20260907.edf,focus,unfocus,836.0,840.0
zyf_personal,zyf personal model,lyc,20260907_lyc_focus_01,data/locked/2026-09-07/lyc_focus1_20260907.edf,focus,unfocus,838.0,842.0
zyf_personal,zyf personal model,lyc,20260907_lyc_focus_01,data/locked/2026-09-07/lyc_focus1_20260907.edf,focus,unfocus,840.0,844.0
zyf_personal,zyf personal model,lyc,20260907_lyc_focus_01,data/locked/2026-09-07/lyc_focus1_20260907.edf,focus,unfocus,842.0,846.0
zyf_personal,zyf personal model,lyc,20260907_lyc_focus_01,data/locked/2026-09-07/lyc_focus1_20260907.edf,focus,unfocus,844.0,848.0
zyf_personal,zyf personal model,lyc,20260907_lyc_focus_01,data/locked/2026-09-07/lyc_focus1_20260907.edf,focus,unfocus,846.0,850.0
zyf_personal,zyf personal model,lyc,20260907_lyc_focus_01,data/locked/2026-09-07/lyc_focus1_20260907.edf,focus,unfocus,848.0,852.0
zyf_personal,zyf personal model,lyc,20260907_lyc_focus_01,data/locked/2026-09-07/lyc_focus1_20260907.edf,focus,unfocus,850.0,854.0
zyf_personal,zyf personal model,lyc,20260907_lyc_focus_01,data/locked/2026-09-07/lyc_focus1_20260907.edf,focus,unfocus,852.0,856.0
zyf_personal,zyf personal model,lyc,20260907_lyc_focus_01,data/locked/2026-09-07/lyc_focus1_20260907.edf,focus,unfocus,854.0,858.0
zyf_personal,zyf personal model,lyc,20260907_lyc_focus_01,data/locked/2026-09-07/lyc_focus1_20260907.edf,focus,unfocus,856.0,860.0
zyf_personal,zyf personal model,lyc,20260907_lyc_focus_01,data/locked/2026-09-07/lyc_focus1_20260907.edf,focus,unfocus,858.0,862.0
zyf_personal,zyf personal model,lyc,20260907_lyc_focus_01,data/locked/2026-09-07/lyc_focus1_20260907.edf,focus,unfocus,860.0,864.0
zyf_personal,zyf personal model,lyc,20260907_lyc_focus_01,data/locked/2026-09-07/lyc_focus1_20260907.edf,focus,unfocus,862.0,866.0
zyf_personal,zyf personal model,lyc,20260907_lyc_focus_01,data/locked/2026-09-07/lyc_focus1_20260907.edf,focus,unfocus,864.0,868.0
zyf_personal,zyf personal model,lyc,20260907_lyc_focus_01,data/locked/2026-09-07/lyc_focus1_20260907.edf,focus,unfocus,866.0,870.0
zyf_personal,zyf personal model,lyc,20260907_lyc_focus_01,data/locked/2026-09-07/lyc_focus1_20260907.edf,focus,unfocus,868.0,872.0
zyf_personal,zyf personal model,lyc,20260907_lyc_focus_01,data/locked/2026-09-07/lyc_focus1_20260907.edf,focus,unfocus,870.0,874.0
zyf_personal,zyf personal model,lyc,20260907_lyc_focus_01,data/locked/2026-09-07/lyc_focus1_20260907.edf,focus,unfocus,872.0,876.0
pooled,Existing pooled frozen model,lyc,20260907_lyc_focus_02,data/locked/2026-09-07/lyc_focus_202609072034_raw.edf,focus,focus,30.0,34.0
pooled,Existing pooled frozen model,lyc,20260907_lyc_focus_02,data/locked/2026-09-07/lyc_focus_202609072034_raw.edf,focus,focus,32.0,36.0
pooled,Existing pooled frozen model,lyc,20260907_lyc_focus_02,data/locked/2026-09-07/lyc_focus_202609072034_raw.edf,focus,focus,34.0,38.0
pooled,Existing pooled frozen model,lyc,20260907_lyc_focus_02,data/locked/2026-09-07/lyc_focus_202609072034_raw.edf,focus,focus,36.0,40.0
pooled,Existing pooled frozen model,lyc,20260907_lyc_focus_02,data/locked/2026-09-07/lyc_focus_202609072034_raw.edf,focus,focus,38.0,42.0
pooled,Existing pooled frozen model,lyc,20260907_lyc_focus_02,data/locked/2026-09-07/lyc_focus_202609072034_raw.edf,focus,focus,40.0,44.0
pooled,Existing pooled frozen model,lyc,20260907_lyc_focus_02,data/locked/2026-09-07/lyc_focus_202609072034_raw.edf,focus,focus,42.0,46.0
pooled,Existing pooled frozen model,lyc,20260907_lyc_focus_02,data/locked/2026-09-07/lyc_focus_202609072034_raw.edf,focus,focus,44.0,48.0
pooled,Existing pooled frozen model,lyc,20260907_lyc_focus_02,data/locked/2026-09-07/lyc_focus_202609072034_raw.edf,focus,focus,46.0,50.0
pooled,Existing pooled frozen model,lyc,20260907_lyc_focus_02,data/locked/2026-09-07/lyc_focus_202609072034_raw.edf,focus,focus,48.0,52.0
pooled,Existing pooled frozen model,lyc,20260907_lyc_focus_02,data/locked/2026-09-07/lyc_focus_202609072034_raw.edf,focus,focus,50.0,54.0
pooled,Existing pooled frozen model,lyc,20260907_lyc_focus_02,data/locked/2026-09-07/lyc_focus_202609072034_raw.edf,focus,focus,52.0,56.0
pooled,Existing pooled frozen model,lyc,20260907_lyc_focus_02,data/locked/2026-09-07/lyc_focus_202609072034_raw.edf,focus,focus,54.0,58.0
pooled,Existing pooled frozen model,lyc,20260907_lyc_focus_02,data/locked/2026-09-07/lyc_focus_202609072034_raw.edf,focus,focus,56.0,60.0
pooled,Existing pooled frozen model,lyc,20260907_lyc_focus_02,data/locked/2026-09-07/lyc_focus_202609072034_raw.edf,focus,focus,58.0,62.0
pooled,Existing pooled frozen model,lyc,20260907_lyc_focus_02,data/locked/2026-09-07/lyc_focus_202609072034_raw.edf,focus,focus,60.0,64.0
pooled,Existing pooled frozen model,lyc,20260907_lyc_focus_02,data/locked/2026-09-07/lyc_focus_202609072034_raw.edf,focus,focus,62.0,66.0
pooled,Existing pooled frozen model,lyc,20260907_lyc_focus_02,data/locked/2026-09-07/lyc_focus_202609072034_raw.edf,focus,focus,64.0,68.0
pooled,Existing pooled frozen model,lyc,20260907_lyc_focus_02,data/locked/2026-09-07/lyc_focus_202609072034_raw.edf,focus,focus,66.0,70.0
pooled,Existing pooled frozen model,lyc,20260907_lyc_focus_02,data/locked/2026-09-07/lyc_focus_202609072034_raw.edf,focus,focus,68.0,72.0
pooled,Existing pooled frozen model,lyc,20260907_lyc_focus_02,data/locked/2026-09-07/lyc_focus_202609072034_raw.edf,focus,focus,70.0,74.0
pooled,Existing pooled frozen model,lyc,20260907_lyc_focus_02,data/locked/2026-09-07/lyc_focus_202609072034_raw.edf,focus,focus,72.0,76.0
pooled,Existing pooled frozen model,lyc,20260907_lyc_focus_02,data/locked/2026-09-07/lyc_focus_202609072034_raw.edf,focus,focus,74.0,78.0
pooled,Existing pooled frozen model,lyc,20260907_lyc_focus_02,data/locked/2026-09-07/lyc_focus_202609072034_raw.edf,focus,focus,76.0,80.0
pooled,Existing pooled frozen model,lyc,20260907_lyc_focus_02,data/locked/2026-09-07/lyc_focus_202609072034_raw.edf,focus,focus,78.0,82.0
pooled,Existing pooled frozen model,lyc,20260907_lyc_focus_02,data/locked/2026-09-07/lyc_focus_202609072034_raw.edf,focus,focus,80.0,84.0
pooled,Existing pooled frozen model,lyc,20260907_lyc_focus_02,data/locked/2026-09-07/lyc_focus_202609072034_raw.edf,focus,focus,82.0,86.0
pooled,Existing pooled frozen model,lyc,20260907_lyc_focus_02,data/locked/2026-09-07/lyc_focus_202609072034_raw.edf,focus,focus,84.0,88.0
pooled,Existing pooled frozen model,lyc,20260907_lyc_focus_02,data/locked/2026-09-07/lyc_focus_202609072034_raw.edf,focus,focus,86.0,90.0
pooled,Existing pooled frozen model,lyc,20260907_lyc_focus_02,data/locked/2026-09-07/lyc_focus_202609072034_raw.edf,focus,focus,88.0,92.0
pooled,Existing pooled frozen model,lyc,20260907_lyc_focus_02,data/locked/2026-09-07/lyc_focus_202609072034_raw.edf,focus,focus,90.0,94.0
pooled,Existing pooled frozen model,lyc,20260907_lyc_focus_02,data/locked/2026-09-07/lyc_focus_202609072034_raw.edf,focus,focus,92.0,96.0
pooled,Existing pooled frozen model,lyc,20260907_lyc_focus_02,data/locked/2026-09-07/lyc_focus_202609072034_raw.edf,focus,focus,94.0,98.0
pooled,Existing pooled frozen model,lyc,20260907_lyc_focus_02,data/locked/2026-09-07/lyc_focus_202609072034_raw.edf,focus,unfocus,96.0,100.0
pooled,Existing pooled frozen model,lyc,20260907_lyc_focus_02,data/locked/2026-09-07/lyc_focus_202609072034_raw.edf,focus,focus,98.0,102.0
pooled,Existing pooled frozen model,lyc,20260907_lyc_focus_02,data/locked/2026-09-07/lyc_focus_202609072034_raw.edf,focus,focus,100.0,104.0
pooled,Existing pooled frozen model,lyc,20260907_lyc_focus_02,data/locked/2026-09-07/lyc_focus_202609072034_raw.edf,focus,focus,102.0,106.0
pooled,Existing pooled frozen model,lyc,20260907_lyc_focus_02,data/locked/2026-09-07/lyc_focus_202609072034_raw.edf,focus,focus,104.0,108.0
pooled,Existing pooled frozen model,lyc,20260907_lyc_focus_02,data/locked/2026-09-07/lyc_focus_202609072034_raw.edf,focus,focus,106.0,110.0
pooled,Existing pooled frozen model,lyc,20260907_lyc_focus_02,data/locked/2026-09-07/lyc_focus_202609072034_raw.edf,focus,focus,108.0,112.0
pooled,Existing pooled frozen model,lyc,20260907_lyc_focus_02,data/locked/2026-09-07/lyc_focus_202609072034_raw.edf,focus,focus,110.0,114.0
pooled,Existing pooled frozen model,lyc,20260907_lyc_focus_02,data/locked/2026-09-07/lyc_focus_202609072034_raw.edf,focus,focus,112.0,116.0
pooled,Existing pooled frozen model,lyc,20260907_lyc_focus_02,data/locked/2026-09-07/lyc_focus_202609072034_raw.edf,focus,focus,114.0,118.0
pooled,Existing pooled frozen model,lyc,20260907_lyc_focus_02,data/locked/2026-09-07/lyc_focus_202609072034_raw.edf,focus,focus,116.0,120.0
pooled,Existing pooled frozen model,lyc,20260907_lyc_focus_02,data/locked/2026-09-07/lyc_focus_202609072034_raw.edf,focus,unfocus,118.0,122.0
pooled,Existing pooled frozen model,lyc,20260907_lyc_focus_02,data/locked/2026-09-07/lyc_focus_202609072034_raw.edf,focus,focus,120.0,124.0
pooled,Existing pooled frozen model,lyc,20260907_lyc_focus_02,data/locked/2026-09-07/lyc_focus_202609072034_raw.edf,focus,focus,122.0,126.0
pooled,Existing pooled frozen model,lyc,20260907_lyc_focus_02,data/locked/2026-09-07/lyc_focus_202609072034_raw.edf,focus,focus,124.0,128.0
pooled,Existing pooled frozen model,lyc,20260907_lyc_focus_02,data/locked/2026-09-07/lyc_focus_202609072034_raw.edf,focus,focus,126.0,130.0
pooled,Existing pooled frozen model,lyc,20260907_lyc_focus_02,data/locked/2026-09-07/lyc_focus_202609072034_raw.edf,focus,focus,128.0,132.0
pooled,Existing pooled frozen model,lyc,20260907_lyc_focus_02,data/locked/2026-09-07/lyc_focus_202609072034_raw.edf,focus,focus,130.0,134.0
pooled,Existing pooled frozen model,lyc,20260907_lyc_focus_02,data/locked/2026-09-07/lyc_focus_202609072034_raw.edf,focus,focus,132.0,136.0
pooled,Existing pooled frozen model,lyc,20260907_lyc_focus_02,data/locked/2026-09-07/lyc_focus_202609072034_raw.edf,focus,focus,134.0,138.0
pooled,Existing pooled frozen model,lyc,20260907_lyc_focus_02,data/locked/2026-09-07/lyc_focus_202609072034_raw.edf,focus,focus,136.0,140.0
pooled,Existing pooled frozen model,lyc,20260907_lyc_focus_02,data/locked/2026-09-07/lyc_focus_202609072034_raw.edf,focus,focus,138.0,142.0
pooled,Existing pooled frozen model,lyc,20260907_lyc_focus_02,data/locked/2026-09-07/lyc_focus_202609072034_raw.edf,focus,focus,140.0,144.0
pooled,Existing pooled frozen model,lyc,20260907_lyc_focus_02,data/locked/2026-09-07/lyc_focus_202609072034_raw.edf,focus,focus,142.0,146.0
pooled,Existing pooled frozen model,lyc,20260907_lyc_focus_02,data/locked/2026-09-07/lyc_focus_202609072034_raw.edf,focus,focus,144.0,148.0
pooled,Existing pooled frozen model,lyc,20260907_lyc_focus_02,data/locked/2026-09-07/lyc_focus_202609072034_raw.edf,focus,focus,146.0,150.0
pooled,Existing pooled frozen model,lyc,20260907_lyc_focus_02,data/locked/2026-09-07/lyc_focus_202609072034_raw.edf,focus,focus,148.0,152.0
pooled,Existing pooled frozen model,lyc,20260907_lyc_focus_02,data/locked/2026-09-07/lyc_focus_202609072034_raw.edf,focus,focus,150.0,154.0
pooled,Existing pooled frozen model,lyc,20260907_lyc_focus_02,data/locked/2026-09-07/lyc_focus_202609072034_raw.edf,focus,focus,152.0,156.0
pooled,Existing pooled frozen model,lyc,20260907_lyc_focus_02,data/locked/2026-09-07/lyc_focus_202609072034_raw.edf,focus,focus,154.0,158.0
pooled,Existing pooled frozen model,lyc,20260907_lyc_focus_02,data/locked/2026-09-07/lyc_focus_202609072034_raw.edf,focus,focus,156.0,160.0
pooled,Existing pooled frozen model,lyc,20260907_lyc_focus_02,data/locked/2026-09-07/lyc_focus_202609072034_raw.edf,focus,focus,158.0,162.0
pooled,Existing pooled frozen model,lyc,20260907_lyc_focus_02,data/locked/2026-09-07/lyc_focus_202609072034_raw.edf,focus,focus,160.0,164.0
pooled,Existing pooled frozen model,lyc,20260907_lyc_focus_02,data/locked/2026-09-07/lyc_focus_202609072034_raw.edf,focus,focus,162.0,166.0
pooled,Existing pooled frozen model,lyc,20260907_lyc_focus_02,data/locked/2026-09-07/lyc_focus_202609072034_raw.edf,focus,focus,164.0,168.0
pooled,Existing pooled frozen model,lyc,20260907_lyc_focus_02,data/locked/2026-09-07/lyc_focus_202609072034_raw.edf,focus,focus,166.0,170.0
pooled,Existing pooled frozen model,lyc,20260907_lyc_focus_02,data/locked/2026-09-07/lyc_focus_202609072034_raw.edf,focus,focus,168.0,172.0
pooled,Existing pooled frozen model,lyc,20260907_lyc_focus_02,data/locked/2026-09-07/lyc_focus_202609072034_raw.edf,focus,focus,170.0,174.0
pooled,Existing pooled frozen model,lyc,20260907_lyc_focus_02,data/locked/2026-09-07/lyc_focus_202609072034_raw.edf,focus,focus,172.0,176.0
pooled,Existing pooled frozen model,lyc,20260907_lyc_focus_02,data/locked/2026-09-07/lyc_focus_202609072034_raw.edf,focus,focus,174.0,178.0
pooled,Existing pooled frozen model,lyc,20260907_lyc_focus_02,data/locked/2026-09-07/lyc_focus_202609072034_raw.edf,focus,focus,176.0,180.0
pooled,Existing pooled frozen model,lyc,20260907_lyc_focus_02,data/locked/2026-09-07/lyc_focus_202609072034_raw.edf,focus,focus,178.0,182.0
pooled,Existing pooled frozen model,lyc,20260907_lyc_focus_02,data/locked/2026-09-07/lyc_focus_202609072034_raw.edf,focus,focus,180.0,184.0
pooled,Existing pooled frozen model,lyc,20260907_lyc_focus_02,data/locked/2026-09-07/lyc_focus_202609072034_raw.edf,focus,focus,182.0,186.0
pooled,Existing pooled frozen model,lyc,20260907_lyc_focus_02,data/locked/2026-09-07/lyc_focus_202609072034_raw.edf,focus,focus,184.0,188.0
pooled,Existing pooled frozen model,lyc,20260907_lyc_focus_02,data/locked/2026-09-07/lyc_focus_202609072034_raw.edf,focus,focus,186.0,190.0
pooled,Existing pooled frozen model,lyc,20260907_lyc_focus_02,data/locked/2026-09-07/lyc_focus_202609072034_raw.edf,focus,focus,188.0,192.0
pooled,Existing pooled frozen model,lyc,20260907_lyc_focus_02,data/locked/2026-09-07/lyc_focus_202609072034_raw.edf,focus,focus,190.0,194.0
pooled,Existing pooled frozen model,lyc,20260907_lyc_focus_02,data/locked/2026-09-07/lyc_focus_202609072034_raw.edf,focus,unfocus,192.0,196.0
pooled,Existing pooled frozen model,lyc,20260907_lyc_focus_02,data/locked/2026-09-07/lyc_focus_202609072034_raw.edf,focus,unfocus,194.0,198.0
pooled,Existing pooled frozen model,lyc,20260907_lyc_focus_02,data/locked/2026-09-07/lyc_focus_202609072034_raw.edf,focus,unfocus,196.0,200.0
pooled,Existing pooled frozen model,lyc,20260907_lyc_focus_02,data/locked/2026-09-07/lyc_focus_202609072034_raw.edf,focus,focus,198.0,202.0
pooled,Existing pooled frozen model,lyc,20260907_lyc_focus_02,data/locked/2026-09-07/lyc_focus_202609072034_raw.edf,focus,focus,200.0,204.0
pooled,Existing pooled frozen model,lyc,20260907_lyc_focus_02,data/locked/2026-09-07/lyc_focus_202609072034_raw.edf,focus,focus,202.0,206.0
pooled,Existing pooled frozen model,lyc,20260907_lyc_focus_02,data/locked/2026-09-07/lyc_focus_202609072034_raw.edf,focus,focus,204.0,208.0
pooled,Existing pooled frozen model,lyc,20260907_lyc_focus_02,data/locked/2026-09-07/lyc_focus_202609072034_raw.edf,focus,focus,206.0,210.0
pooled,Existing pooled frozen model,lyc,20260907_lyc_focus_02,data/locked/2026-09-07/lyc_focus_202609072034_raw.edf,focus,focus,208.0,212.0
pooled,Existing pooled frozen model,lyc,20260907_lyc_focus_02,data/locked/2026-09-07/lyc_focus_202609072034_raw.edf,focus,unfocus,210.0,214.0
pooled,Existing pooled frozen model,lyc,20260907_lyc_focus_02,data/locked/2026-09-07/lyc_focus_202609072034_raw.edf,focus,focus,212.0,216.0
pooled,Existing pooled frozen model,lyc,20260907_lyc_focus_02,data/locked/2026-09-07/lyc_focus_202609072034_raw.edf,focus,focus,214.0,218.0
pooled,Existing pooled frozen model,lyc,20260907_lyc_focus_02,data/locked/2026-09-07/lyc_focus_202609072034_raw.edf,focus,focus,216.0,220.0
pooled,Existing pooled frozen model,lyc,20260907_lyc_focus_02,data/locked/2026-09-07/lyc_focus_202609072034_raw.edf,focus,focus,218.0,222.0
pooled,Existing pooled frozen model,lyc,20260907_lyc_focus_02,data/locked/2026-09-07/lyc_focus_202609072034_raw.edf,focus,focus,220.0,224.0
pooled,Existing pooled frozen model,lyc,20260907_lyc_focus_02,data/locked/2026-09-07/lyc_focus_202609072034_raw.edf,focus,focus,222.0,226.0
pooled,Existing pooled frozen model,lyc,20260907_lyc_focus_02,data/locked/2026-09-07/lyc_focus_202609072034_raw.edf,focus,focus,224.0,228.0
pooled,Existing pooled frozen model,lyc,20260907_lyc_focus_02,data/locked/2026-09-07/lyc_focus_202609072034_raw.edf,focus,focus,226.0,230.0
pooled,Existing pooled frozen model,lyc,20260907_lyc_focus_02,data/locked/2026-09-07/lyc_focus_202609072034_raw.edf,focus,focus,228.0,232.0
pooled,Existing pooled frozen model,lyc,20260907_lyc_focus_02,data/locked/2026-09-07/lyc_focus_202609072034_raw.edf,focus,focus,230.0,234.0
pooled,Existing pooled frozen model,lyc,20260907_lyc_focus_02,data/locked/2026-09-07/lyc_focus_202609072034_raw.edf,focus,focus,232.0,236.0
pooled,Existing pooled frozen model,lyc,20260907_lyc_focus_02,data/locked/2026-09-07/lyc_focus_202609072034_raw.edf,focus,focus,234.0,238.0
pooled,Existing pooled frozen model,lyc,20260907_lyc_focus_02,data/locked/2026-09-07/lyc_focus_202609072034_raw.edf,focus,focus,236.0,240.0
pooled,Existing pooled frozen model,lyc,20260907_lyc_focus_02,data/locked/2026-09-07/lyc_focus_202609072034_raw.edf,focus,focus,238.0,242.0
pooled,Existing pooled frozen model,lyc,20260907_lyc_focus_02,data/locked/2026-09-07/lyc_focus_202609072034_raw.edf,focus,focus,240.0,244.0
pooled,Existing pooled frozen model,lyc,20260907_lyc_focus_02,data/locked/2026-09-07/lyc_focus_202609072034_raw.edf,focus,focus,242.0,246.0
pooled,Existing pooled frozen model,lyc,20260907_lyc_focus_02,data/locked/2026-09-07/lyc_focus_202609072034_raw.edf,focus,focus,244.0,248.0
pooled,Existing pooled frozen model,lyc,20260907_lyc_focus_02,data/locked/2026-09-07/lyc_focus_202609072034_raw.edf,focus,focus,246.0,250.0
pooled,Existing pooled frozen model,lyc,20260907_lyc_focus_02,data/locked/2026-09-07/lyc_focus_202609072034_raw.edf,focus,focus,248.0,252.0
pooled,Existing pooled frozen model,lyc,20260907_lyc_focus_02,data/locked/2026-09-07/lyc_focus_202609072034_raw.edf,focus,focus,250.0,254.0
pooled,Existing pooled frozen model,lyc,20260907_lyc_focus_02,data/locked/2026-09-07/lyc_focus_202609072034_raw.edf,focus,focus,252.0,256.0
pooled,Existing pooled frozen model,lyc,20260907_lyc_focus_02,data/locked/2026-09-07/lyc_focus_202609072034_raw.edf,focus,focus,254.0,258.0
pooled,Existing pooled frozen model,lyc,20260907_lyc_focus_02,data/locked/2026-09-07/lyc_focus_202609072034_raw.edf,focus,focus,256.0,260.0
pooled,Existing pooled frozen model,lyc,20260907_lyc_focus_02,data/locked/2026-09-07/lyc_focus_202609072034_raw.edf,focus,focus,258.0,262.0
pooled,Existing pooled frozen model,lyc,20260907_lyc_focus_02,data/locked/2026-09-07/lyc_focus_202609072034_raw.edf,focus,focus,260.0,264.0
pooled,Existing pooled frozen model,lyc,20260907_lyc_focus_02,data/locked/2026-09-07/lyc_focus_202609072034_raw.edf,focus,focus,262.0,266.0
pooled,Existing pooled frozen model,lyc,20260907_lyc_focus_02,data/locked/2026-09-07/lyc_focus_202609072034_raw.edf,focus,focus,264.0,268.0
pooled,Existing pooled frozen model,lyc,20260907_lyc_focus_02,data/locked/2026-09-07/lyc_focus_202609072034_raw.edf,focus,focus,266.0,270.0
pooled,Existing pooled frozen model,lyc,20260907_lyc_focus_02,data/locked/2026-09-07/lyc_focus_202609072034_raw.edf,focus,focus,268.0,272.0
pooled,Existing pooled frozen model,lyc,20260907_lyc_focus_02,data/locked/2026-09-07/lyc_focus_202609072034_raw.edf,focus,unfocus,270.0,274.0
pooled,Existing pooled frozen model,lyc,20260907_lyc_focus_02,data/locked/2026-09-07/lyc_focus_202609072034_raw.edf,focus,focus,272.0,276.0
pooled,Existing pooled frozen model,lyc,20260907_lyc_focus_02,data/locked/2026-09-07/lyc_focus_202609072034_raw.edf,focus,focus,274.0,278.0
pooled,Existing pooled frozen model,lyc,20260907_lyc_focus_02,data/locked/2026-09-07/lyc_focus_202609072034_raw.edf,focus,focus,276.0,280.0
pooled,Existing pooled frozen model,lyc,20260907_lyc_focus_02,data/locked/2026-09-07/lyc_focus_202609072034_raw.edf,focus,focus,278.0,282.0
pooled,Existing pooled frozen model,lyc,20260907_lyc_focus_02,data/locked/2026-09-07/lyc_focus_202609072034_raw.edf,focus,focus,280.0,284.0
pooled,Existing pooled frozen model,lyc,20260907_lyc_focus_02,data/locked/2026-09-07/lyc_focus_202609072034_raw.edf,focus,focus,282.0,286.0
pooled,Existing pooled frozen model,lyc,20260907_lyc_focus_02,data/locked/2026-09-07/lyc_focus_202609072034_raw.edf,focus,focus,284.0,288.0
pooled,Existing pooled frozen model,lyc,20260907_lyc_focus_02,data/locked/2026-09-07/lyc_focus_202609072034_raw.edf,focus,focus,286.0,290.0
pooled,Existing pooled frozen model,lyc,20260907_lyc_focus_02,data/locked/2026-09-07/lyc_focus_202609072034_raw.edf,focus,focus,288.0,292.0
pooled,Existing pooled frozen model,lyc,20260907_lyc_focus_02,data/locked/2026-09-07/lyc_focus_202609072034_raw.edf,focus,focus,290.0,294.0
pooled,Existing pooled frozen model,lyc,20260907_lyc_focus_02,data/locked/2026-09-07/lyc_focus_202609072034_raw.edf,focus,focus,292.0,296.0
pooled,Existing pooled frozen model,lyc,20260907_lyc_focus_02,data/locked/2026-09-07/lyc_focus_202609072034_raw.edf,focus,focus,294.0,298.0
pooled,Existing pooled frozen model,lyc,20260907_lyc_focus_02,data/locked/2026-09-07/lyc_focus_202609072034_raw.edf,focus,focus,296.0,300.0
pooled,Existing pooled frozen model,lyc,20260907_lyc_focus_02,data/locked/2026-09-07/lyc_focus_202609072034_raw.edf,focus,focus,298.0,302.0
pooled,Existing pooled frozen model,lyc,20260907_lyc_focus_02,data/locked/2026-09-07/lyc_focus_202609072034_raw.edf,focus,focus,300.0,304.0
pooled,Existing pooled frozen model,lyc,20260907_lyc_focus_02,data/locked/2026-09-07/lyc_focus_202609072034_raw.edf,focus,focus,302.0,306.0
pooled,Existing pooled frozen model,lyc,20260907_lyc_focus_02,data/locked/2026-09-07/lyc_focus_202609072034_raw.edf,focus,focus,304.0,308.0
pooled,Existing pooled frozen model,lyc,20260907_lyc_focus_02,data/locked/2026-09-07/lyc_focus_202609072034_raw.edf,focus,focus,306.0,310.0
pooled,Existing pooled frozen model,lyc,20260907_lyc_focus_02,data/locked/2026-09-07/lyc_focus_202609072034_raw.edf,focus,focus,308.0,312.0
pooled,Existing pooled frozen model,lyc,20260907_lyc_focus_02,data/locked/2026-09-07/lyc_focus_202609072034_raw.edf,focus,focus,310.0,314.0
pooled,Existing pooled frozen model,lyc,20260907_lyc_focus_02,data/locked/2026-09-07/lyc_focus_202609072034_raw.edf,focus,focus,312.0,316.0
pooled,Existing pooled frozen model,lyc,20260907_lyc_focus_02,data/locked/2026-09-07/lyc_focus_202609072034_raw.edf,focus,focus,314.0,318.0
pooled,Existing pooled frozen model,lyc,20260907_lyc_focus_02,data/locked/2026-09-07/lyc_focus_202609072034_raw.edf,focus,focus,316.0,320.0
pooled,Existing pooled frozen model,lyc,20260907_lyc_focus_02,data/locked/2026-09-07/lyc_focus_202609072034_raw.edf,focus,focus,318.0,322.0
pooled,Existing pooled frozen model,lyc,20260907_lyc_focus_02,data/locked/2026-09-07/lyc_focus_202609072034_raw.edf,focus,unfocus,320.0,324.0
pooled,Existing pooled frozen model,lyc,20260907_lyc_focus_02,data/locked/2026-09-07/lyc_focus_202609072034_raw.edf,focus,focus,322.0,326.0
pooled,Existing pooled frozen model,lyc,20260907_lyc_focus_02,data/locked/2026-09-07/lyc_focus_202609072034_raw.edf,focus,focus,324.0,328.0
pooled,Existing pooled frozen model,lyc,20260907_lyc_focus_02,data/locked/2026-09-07/lyc_focus_202609072034_raw.edf,focus,focus,326.0,330.0
pooled,Existing pooled frozen model,lyc,20260907_lyc_focus_02,data/locked/2026-09-07/lyc_focus_202609072034_raw.edf,focus,focus,328.0,332.0
pooled,Existing pooled frozen model,lyc,20260907_lyc_focus_02,data/locked/2026-09-07/lyc_focus_202609072034_raw.edf,focus,focus,330.0,334.0
pooled,Existing pooled frozen model,lyc,20260907_lyc_focus_02,data/locked/2026-09-07/lyc_focus_202609072034_raw.edf,focus,focus,332.0,336.0
pooled,Existing pooled frozen model,lyc,20260907_lyc_focus_02,data/locked/2026-09-07/lyc_focus_202609072034_raw.edf,focus,focus,334.0,338.0
pooled,Existing pooled frozen model,lyc,20260907_lyc_focus_02,data/locked/2026-09-07/lyc_focus_202609072034_raw.edf,focus,unfocus,336.0,340.0
pooled,Existing pooled frozen model,lyc,20260907_lyc_focus_02,data/locked/2026-09-07/lyc_focus_202609072034_raw.edf,focus,focus,338.0,342.0
pooled,Existing pooled frozen model,lyc,20260907_lyc_focus_02,data/locked/2026-09-07/lyc_focus_202609072034_raw.edf,focus,focus,340.0,344.0
pooled,Existing pooled frozen model,lyc,20260907_lyc_focus_02,data/locked/2026-09-07/lyc_focus_202609072034_raw.edf,focus,focus,342.0,346.0
pooled,Existing pooled frozen model,lyc,20260907_lyc_focus_02,data/locked/2026-09-07/lyc_focus_202609072034_raw.edf,focus,focus,344.0,348.0
pooled,Existing pooled frozen model,lyc,20260907_lyc_focus_02,data/locked/2026-09-07/lyc_focus_202609072034_raw.edf,focus,focus,346.0,350.0
pooled,Existing pooled frozen model,lyc,20260907_lyc_focus_02,data/locked/2026-09-07/lyc_focus_202609072034_raw.edf,focus,focus,348.0,352.0
pooled,Existing pooled frozen model,lyc,20260907_lyc_focus_02,data/locked/2026-09-07/lyc_focus_202609072034_raw.edf,focus,focus,350.0,354.0
pooled,Existing pooled frozen model,lyc,20260907_lyc_focus_02,data/locked/2026-09-07/lyc_focus_202609072034_raw.edf,focus,unfocus,352.0,356.0
pooled,Existing pooled frozen model,lyc,20260907_lyc_focus_02,data/locked/2026-09-07/lyc_focus_202609072034_raw.edf,focus,focus,354.0,358.0
pooled,Existing pooled frozen model,lyc,20260907_lyc_focus_02,data/locked/2026-09-07/lyc_focus_202609072034_raw.edf,focus,focus,356.0,360.0
pooled,Existing pooled frozen model,lyc,20260907_lyc_focus_02,data/locked/2026-09-07/lyc_focus_202609072034_raw.edf,focus,focus,358.0,362.0
pooled,Existing pooled frozen model,lyc,20260907_lyc_focus_02,data/locked/2026-09-07/lyc_focus_202609072034_raw.edf,focus,focus,360.0,364.0
pooled,Existing pooled frozen model,lyc,20260907_lyc_focus_02,data/locked/2026-09-07/lyc_focus_202609072034_raw.edf,focus,focus,362.0,366.0
pooled,Existing pooled frozen model,lyc,20260907_lyc_focus_02,data/locked/2026-09-07/lyc_focus_202609072034_raw.edf,focus,focus,364.0,368.0
pooled,Existing pooled frozen model,lyc,20260907_lyc_focus_02,data/locked/2026-09-07/lyc_focus_202609072034_raw.edf,focus,focus,366.0,370.0
pooled,Existing pooled frozen model,lyc,20260907_lyc_focus_02,data/locked/2026-09-07/lyc_focus_202609072034_raw.edf,focus,focus,368.0,372.0
pooled,Existing pooled frozen model,lyc,20260907_lyc_focus_02,data/locked/2026-09-07/lyc_focus_202609072034_raw.edf,focus,focus,370.0,374.0
pooled,Existing pooled frozen model,lyc,20260907_lyc_focus_02,data/locked/2026-09-07/lyc_focus_202609072034_raw.edf,focus,focus,372.0,376.0
pooled,Existing pooled frozen model,lyc,20260907_lyc_focus_02,data/locked/2026-09-07/lyc_focus_202609072034_raw.edf,focus,focus,374.0,378.0
pooled,Existing pooled frozen model,lyc,20260907_lyc_focus_02,data/locked/2026-09-07/lyc_focus_202609072034_raw.edf,focus,focus,376.0,380.0
pooled,Existing pooled frozen model,lyc,20260907_lyc_focus_02,data/locked/2026-09-07/lyc_focus_202609072034_raw.edf,focus,focus,378.0,382.0
pooled,Existing pooled frozen model,lyc,20260907_lyc_focus_02,data/locked/2026-09-07/lyc_focus_202609072034_raw.edf,focus,focus,380.0,384.0
pooled,Existing pooled frozen model,lyc,20260907_lyc_focus_02,data/locked/2026-09-07/lyc_focus_202609072034_raw.edf,focus,focus,382.0,386.0
pooled,Existing pooled frozen model,lyc,20260907_lyc_focus_02,data/locked/2026-09-07/lyc_focus_202609072034_raw.edf,focus,focus,384.0,388.0
pooled,Existing pooled frozen model,lyc,20260907_lyc_focus_02,data/locked/2026-09-07/lyc_focus_202609072034_raw.edf,focus,focus,386.0,390.0
pooled,Existing pooled frozen model,lyc,20260907_lyc_focus_02,data/locked/2026-09-07/lyc_focus_202609072034_raw.edf,focus,focus,388.0,392.0
pooled,Existing pooled frozen model,lyc,20260907_lyc_focus_02,data/locked/2026-09-07/lyc_focus_202609072034_raw.edf,focus,focus,390.0,394.0
pooled,Existing pooled frozen model,lyc,20260907_lyc_focus_02,data/locked/2026-09-07/lyc_focus_202609072034_raw.edf,focus,focus,392.0,396.0
pooled,Existing pooled frozen model,lyc,20260907_lyc_focus_02,data/locked/2026-09-07/lyc_focus_202609072034_raw.edf,focus,focus,394.0,398.0
pooled,Existing pooled frozen model,lyc,20260907_lyc_focus_02,data/locked/2026-09-07/lyc_focus_202609072034_raw.edf,focus,focus,396.0,400.0
pooled,Existing pooled frozen model,lyc,20260907_lyc_focus_02,data/locked/2026-09-07/lyc_focus_202609072034_raw.edf,focus,focus,398.0,402.0
pooled,Existing pooled frozen model,lyc,20260907_lyc_focus_02,data/locked/2026-09-07/lyc_focus_202609072034_raw.edf,focus,focus,400.0,404.0
pooled,Existing pooled frozen model,lyc,20260907_lyc_focus_02,data/locked/2026-09-07/lyc_focus_202609072034_raw.edf,focus,focus,402.0,406.0
pooled,Existing pooled frozen model,lyc,20260907_lyc_focus_02,data/locked/2026-09-07/lyc_focus_202609072034_raw.edf,focus,focus,404.0,408.0
pooled,Existing pooled frozen model,lyc,20260907_lyc_focus_02,data/locked/2026-09-07/lyc_focus_202609072034_raw.edf,focus,focus,406.0,410.0
pooled,Existing pooled frozen model,lyc,20260907_lyc_focus_02,data/locked/2026-09-07/lyc_focus_202609072034_raw.edf,focus,focus,408.0,412.0
pooled,Existing pooled frozen model,lyc,20260907_lyc_focus_02,data/locked/2026-09-07/lyc_focus_202609072034_raw.edf,focus,focus,410.0,414.0
pooled,Existing pooled frozen model,lyc,20260907_lyc_focus_02,data/locked/2026-09-07/lyc_focus_202609072034_raw.edf,focus,focus,412.0,416.0
pooled,Existing pooled frozen model,lyc,20260907_lyc_focus_02,data/locked/2026-09-07/lyc_focus_202609072034_raw.edf,focus,focus,414.0,418.0
pooled,Existing pooled frozen model,lyc,20260907_lyc_focus_02,data/locked/2026-09-07/lyc_focus_202609072034_raw.edf,focus,focus,416.0,420.0
pooled,Existing pooled frozen model,lyc,20260907_lyc_focus_02,data/locked/2026-09-07/lyc_focus_202609072034_raw.edf,focus,focus,418.0,422.0
pooled,Existing pooled frozen model,lyc,20260907_lyc_focus_02,data/locked/2026-09-07/lyc_focus_202609072034_raw.edf,focus,focus,420.0,424.0
pooled,Existing pooled frozen model,lyc,20260907_lyc_focus_02,data/locked/2026-09-07/lyc_focus_202609072034_raw.edf,focus,focus,422.0,426.0
pooled,Existing pooled frozen model,lyc,20260907_lyc_focus_02,data/locked/2026-09-07/lyc_focus_202609072034_raw.edf,focus,focus,424.0,428.0
pooled,Existing pooled frozen model,lyc,20260907_lyc_focus_02,data/locked/2026-09-07/lyc_focus_202609072034_raw.edf,focus,focus,426.0,430.0
pooled,Existing pooled frozen model,lyc,20260907_lyc_focus_02,data/locked/2026-09-07/lyc_focus_202609072034_raw.edf,focus,focus,428.0,432.0
pooled,Existing pooled frozen model,lyc,20260907_lyc_focus_02,data/locked/2026-09-07/lyc_focus_202609072034_raw.edf,focus,focus,430.0,434.0
pooled,Existing pooled frozen model,lyc,20260907_lyc_focus_02,data/locked/2026-09-07/lyc_focus_202609072034_raw.edf,focus,focus,432.0,436.0
pooled,Existing pooled frozen model,lyc,20260907_lyc_focus_02,data/locked/2026-09-07/lyc_focus_202609072034_raw.edf,focus,focus,434.0,438.0
pooled,Existing pooled frozen model,lyc,20260907_lyc_focus_02,data/locked/2026-09-07/lyc_focus_202609072034_raw.edf,focus,focus,436.0,440.0
pooled,Existing pooled frozen model,lyc,20260907_lyc_focus_02,data/locked/2026-09-07/lyc_focus_202609072034_raw.edf,focus,focus,438.0,442.0
pooled,Existing pooled frozen model,lyc,20260907_lyc_focus_02,data/locked/2026-09-07/lyc_focus_202609072034_raw.edf,focus,focus,440.0,444.0
pooled,Existing pooled frozen model,lyc,20260907_lyc_focus_02,data/locked/2026-09-07/lyc_focus_202609072034_raw.edf,focus,focus,442.0,446.0
pooled,Existing pooled frozen model,lyc,20260907_lyc_focus_02,data/locked/2026-09-07/lyc_focus_202609072034_raw.edf,focus,focus,444.0,448.0
pooled,Existing pooled frozen model,lyc,20260907_lyc_focus_02,data/locked/2026-09-07/lyc_focus_202609072034_raw.edf,focus,focus,446.0,450.0
pooled,Existing pooled frozen model,lyc,20260907_lyc_focus_02,data/locked/2026-09-07/lyc_focus_202609072034_raw.edf,focus,focus,448.0,452.0
pooled,Existing pooled frozen model,lyc,20260907_lyc_focus_02,data/locked/2026-09-07/lyc_focus_202609072034_raw.edf,focus,focus,450.0,454.0
pooled,Existing pooled frozen model,lyc,20260907_lyc_focus_02,data/locked/2026-09-07/lyc_focus_202609072034_raw.edf,focus,focus,452.0,456.0
pooled,Existing pooled frozen model,lyc,20260907_lyc_focus_02,data/locked/2026-09-07/lyc_focus_202609072034_raw.edf,focus,focus,454.0,458.0
pooled,Existing pooled frozen model,lyc,20260907_lyc_focus_02,data/locked/2026-09-07/lyc_focus_202609072034_raw.edf,focus,focus,456.0,460.0
pooled,Existing pooled frozen model,lyc,20260907_lyc_focus_02,data/locked/2026-09-07/lyc_focus_202609072034_raw.edf,focus,focus,458.0,462.0
pooled,Existing pooled frozen model,lyc,20260907_lyc_focus_02,data/locked/2026-09-07/lyc_focus_202609072034_raw.edf,focus,focus,460.0,464.0
pooled,Existing pooled frozen model,lyc,20260907_lyc_focus_02,data/locked/2026-09-07/lyc_focus_202609072034_raw.edf,focus,focus,462.0,466.0
pooled,Existing pooled frozen model,lyc,20260907_lyc_focus_02,data/locked/2026-09-07/lyc_focus_202609072034_raw.edf,focus,focus,464.0,468.0
pooled,Existing pooled frozen model,lyc,20260907_lyc_focus_02,data/locked/2026-09-07/lyc_focus_202609072034_raw.edf,focus,focus,466.0,470.0
pooled,Existing pooled frozen model,lyc,20260907_lyc_focus_02,data/locked/2026-09-07/lyc_focus_202609072034_raw.edf,focus,focus,468.0,472.0
pooled,Existing pooled frozen model,lyc,20260907_lyc_focus_02,data/locked/2026-09-07/lyc_focus_202609072034_raw.edf,focus,focus,470.0,474.0
pooled,Existing pooled frozen model,lyc,20260907_lyc_focus_02,data/locked/2026-09-07/lyc_focus_202609072034_raw.edf,focus,focus,472.0,476.0
pooled,Existing pooled frozen model,lyc,20260907_lyc_focus_02,data/locked/2026-09-07/lyc_focus_202609072034_raw.edf,focus,focus,474.0,478.0
pooled,Existing pooled frozen model,lyc,20260907_lyc_focus_02,data/locked/2026-09-07/lyc_focus_202609072034_raw.edf,focus,focus,476.0,480.0
pooled,Existing pooled frozen model,lyc,20260907_lyc_focus_02,data/locked/2026-09-07/lyc_focus_202609072034_raw.edf,focus,focus,478.0,482.0
pooled,Existing pooled frozen model,lyc,20260907_lyc_focus_02,data/locked/2026-09-07/lyc_focus_202609072034_raw.edf,focus,focus,480.0,484.0
pooled,Existing pooled frozen model,lyc,20260907_lyc_focus_02,data/locked/2026-09-07/lyc_focus_202609072034_raw.edf,focus,focus,482.0,486.0
pooled,Existing pooled frozen model,lyc,20260907_lyc_focus_02,data/locked/2026-09-07/lyc_focus_202609072034_raw.edf,focus,focus,484.0,488.0
pooled,Existing pooled frozen model,lyc,20260907_lyc_focus_02,data/locked/2026-09-07/lyc_focus_202609072034_raw.edf,focus,focus,486.0,490.0
pooled,Existing pooled frozen model,lyc,20260907_lyc_focus_02,data/locked/2026-09-07/lyc_focus_202609072034_raw.edf,focus,focus,488.0,492.0
pooled,Existing pooled frozen model,lyc,20260907_lyc_focus_02,data/locked/2026-09-07/lyc_focus_202609072034_raw.edf,focus,focus,490.0,494.0
pooled,Existing pooled frozen model,lyc,20260907_lyc_focus_02,data/locked/2026-09-07/lyc_focus_202609072034_raw.edf,focus,focus,492.0,496.0
pooled,Existing pooled frozen model,lyc,20260907_lyc_focus_02,data/locked/2026-09-07/lyc_focus_202609072034_raw.edf,focus,focus,494.0,498.0
pooled,Existing pooled frozen model,lyc,20260907_lyc_focus_02,data/locked/2026-09-07/lyc_focus_202609072034_raw.edf,focus,focus,496.0,500.0
pooled,Existing pooled frozen model,lyc,20260907_lyc_focus_02,data/locked/2026-09-07/lyc_focus_202609072034_raw.edf,focus,focus,498.0,502.0
pooled,Existing pooled frozen model,lyc,20260907_lyc_focus_02,data/locked/2026-09-07/lyc_focus_202609072034_raw.edf,focus,focus,500.0,504.0
pooled,Existing pooled frozen model,lyc,20260907_lyc_focus_02,data/locked/2026-09-07/lyc_focus_202609072034_raw.edf,focus,focus,502.0,506.0
pooled,Existing pooled frozen model,lyc,20260907_lyc_focus_02,data/locked/2026-09-07/lyc_focus_202609072034_raw.edf,focus,focus,504.0,508.0
pooled,Existing pooled frozen model,lyc,20260907_lyc_focus_02,data/locked/2026-09-07/lyc_focus_202609072034_raw.edf,focus,focus,506.0,510.0
pooled,Existing pooled frozen model,lyc,20260907_lyc_focus_02,data/locked/2026-09-07/lyc_focus_202609072034_raw.edf,focus,focus,508.0,512.0
pooled,Existing pooled frozen model,lyc,20260907_lyc_focus_02,data/locked/2026-09-07/lyc_focus_202609072034_raw.edf,focus,focus,510.0,514.0
pooled,Existing pooled frozen model,lyc,20260907_lyc_focus_02,data/locked/2026-09-07/lyc_focus_202609072034_raw.edf,focus,focus,512.0,516.0
pooled,Existing pooled frozen model,lyc,20260907_lyc_focus_02,data/locked/2026-09-07/lyc_focus_202609072034_raw.edf,focus,focus,514.0,518.0
pooled,Existing pooled frozen model,lyc,20260907_lyc_focus_02,data/locked/2026-09-07/lyc_focus_202609072034_raw.edf,focus,focus,516.0,520.0
pooled,Existing pooled frozen model,lyc,20260907_lyc_focus_02,data/locked/2026-09-07/lyc_focus_202609072034_raw.edf,focus,focus,518.0,522.0
pooled,Existing pooled frozen model,lyc,20260907_lyc_focus_02,data/locked/2026-09-07/lyc_focus_202609072034_raw.edf,focus,focus,520.0,524.0
pooled,Existing pooled frozen model,lyc,20260907_lyc_focus_02,data/locked/2026-09-07/lyc_focus_202609072034_raw.edf,focus,focus,522.0,526.0
pooled,Existing pooled frozen model,lyc,20260907_lyc_focus_02,data/locked/2026-09-07/lyc_focus_202609072034_raw.edf,focus,focus,524.0,528.0
pooled,Existing pooled frozen model,lyc,20260907_lyc_focus_02,data/locked/2026-09-07/lyc_focus_202609072034_raw.edf,focus,focus,526.0,530.0
pooled,Existing pooled frozen model,lyc,20260907_lyc_focus_02,data/locked/2026-09-07/lyc_focus_202609072034_raw.edf,focus,focus,528.0,532.0
pooled,Existing pooled frozen model,lyc,20260907_lyc_focus_02,data/locked/2026-09-07/lyc_focus_202609072034_raw.edf,focus,focus,530.0,534.0
pooled,Existing pooled frozen model,lyc,20260907_lyc_focus_02,data/locked/2026-09-07/lyc_focus_202609072034_raw.edf,focus,focus,532.0,536.0
pooled,Existing pooled frozen model,lyc,20260907_lyc_focus_02,data/locked/2026-09-07/lyc_focus_202609072034_raw.edf,focus,focus,534.0,538.0
pooled,Existing pooled frozen model,lyc,20260907_lyc_focus_02,data/locked/2026-09-07/lyc_focus_202609072034_raw.edf,focus,focus,536.0,540.0
pooled,Existing pooled frozen model,lyc,20260907_lyc_focus_02,data/locked/2026-09-07/lyc_focus_202609072034_raw.edf,focus,focus,538.0,542.0
pooled,Existing pooled frozen model,lyc,20260907_lyc_focus_02,data/locked/2026-09-07/lyc_focus_202609072034_raw.edf,focus,focus,540.0,544.0
pooled,Existing pooled frozen model,lyc,20260907_lyc_focus_02,data/locked/2026-09-07/lyc_focus_202609072034_raw.edf,focus,focus,542.0,546.0
pooled,Existing pooled frozen model,lyc,20260907_lyc_focus_02,data/locked/2026-09-07/lyc_focus_202609072034_raw.edf,focus,focus,544.0,548.0
pooled,Existing pooled frozen model,lyc,20260907_lyc_focus_02,data/locked/2026-09-07/lyc_focus_202609072034_raw.edf,focus,focus,546.0,550.0
pooled,Existing pooled frozen model,lyc,20260907_lyc_focus_02,data/locked/2026-09-07/lyc_focus_202609072034_raw.edf,focus,focus,548.0,552.0
pooled,Existing pooled frozen model,lyc,20260907_lyc_focus_02,data/locked/2026-09-07/lyc_focus_202609072034_raw.edf,focus,focus,550.0,554.0
pooled,Existing pooled frozen model,lyc,20260907_lyc_focus_02,data/locked/2026-09-07/lyc_focus_202609072034_raw.edf,focus,focus,552.0,556.0
pooled,Existing pooled frozen model,lyc,20260907_lyc_focus_02,data/locked/2026-09-07/lyc_focus_202609072034_raw.edf,focus,focus,554.0,558.0
pooled,Existing pooled frozen model,lyc,20260907_lyc_focus_02,data/locked/2026-09-07/lyc_focus_202609072034_raw.edf,focus,unfocus,556.0,560.0
pooled,Existing pooled frozen model,lyc,20260907_lyc_focus_02,data/locked/2026-09-07/lyc_focus_202609072034_raw.edf,focus,unfocus,558.0,562.0
pooled,Existing pooled frozen model,lyc,20260907_lyc_focus_02,data/locked/2026-09-07/lyc_focus_202609072034_raw.edf,focus,focus,560.0,564.0
pooled,Existing pooled frozen model,lyc,20260907_lyc_focus_02,data/locked/2026-09-07/lyc_focus_202609072034_raw.edf,focus,focus,562.0,566.0
pooled,Existing pooled frozen model,lyc,20260907_lyc_focus_02,data/locked/2026-09-07/lyc_focus_202609072034_raw.edf,focus,focus,564.0,568.0
pooled,Existing pooled frozen model,lyc,20260907_lyc_focus_02,data/locked/2026-09-07/lyc_focus_202609072034_raw.edf,focus,focus,566.0,570.0
pooled,Existing pooled frozen model,lyc,20260907_lyc_focus_02,data/locked/2026-09-07/lyc_focus_202609072034_raw.edf,focus,focus,568.0,572.0
pooled,Existing pooled frozen model,lyc,20260907_lyc_focus_02,data/locked/2026-09-07/lyc_focus_202609072034_raw.edf,focus,focus,570.0,574.0
pooled,Existing pooled frozen model,lyc,20260907_lyc_focus_02,data/locked/2026-09-07/lyc_focus_202609072034_raw.edf,focus,unfocus,572.0,576.0
pooled,Existing pooled frozen model,lyc,20260907_lyc_focus_02,data/locked/2026-09-07/lyc_focus_202609072034_raw.edf,focus,unfocus,574.0,578.0
pooled,Existing pooled frozen model,lyc,20260907_lyc_focus_02,data/locked/2026-09-07/lyc_focus_202609072034_raw.edf,focus,focus,576.0,580.0
pooled,Existing pooled frozen model,lyc,20260907_lyc_focus_02,data/locked/2026-09-07/lyc_focus_202609072034_raw.edf,focus,focus,578.0,582.0
pooled,Existing pooled frozen model,lyc,20260907_lyc_focus_02,data/locked/2026-09-07/lyc_focus_202609072034_raw.edf,focus,focus,580.0,584.0
pooled,Existing pooled frozen model,lyc,20260907_lyc_focus_02,data/locked/2026-09-07/lyc_focus_202609072034_raw.edf,focus,focus,582.0,586.0
pooled,Existing pooled frozen model,lyc,20260907_lyc_focus_02,data/locked/2026-09-07/lyc_focus_202609072034_raw.edf,focus,focus,584.0,588.0
pooled,Existing pooled frozen model,lyc,20260907_lyc_focus_02,data/locked/2026-09-07/lyc_focus_202609072034_raw.edf,focus,focus,586.0,590.0
pooled,Existing pooled frozen model,lyc,20260907_lyc_focus_02,data/locked/2026-09-07/lyc_focus_202609072034_raw.edf,focus,focus,588.0,592.0
pooled,Existing pooled frozen model,lyc,20260907_lyc_focus_02,data/locked/2026-09-07/lyc_focus_202609072034_raw.edf,focus,focus,590.0,594.0
pooled,Existing pooled frozen model,lyc,20260907_lyc_focus_02,data/locked/2026-09-07/lyc_focus_202609072034_raw.edf,focus,focus,592.0,596.0
pooled,Existing pooled frozen model,lyc,20260907_lyc_focus_02,data/locked/2026-09-07/lyc_focus_202609072034_raw.edf,focus,focus,594.0,598.0
lyc_personal,lyc personal model,lyc,20260907_lyc_focus_02,data/locked/2026-09-07/lyc_focus_202609072034_raw.edf,focus,focus,30.0,34.0
lyc_personal,lyc personal model,lyc,20260907_lyc_focus_02,data/locked/2026-09-07/lyc_focus_202609072034_raw.edf,focus,focus,32.0,36.0
lyc_personal,lyc personal model,lyc,20260907_lyc_focus_02,data/locked/2026-09-07/lyc_focus_202609072034_raw.edf,focus,focus,34.0,38.0
lyc_personal,lyc personal model,lyc,20260907_lyc_focus_02,data/locked/2026-09-07/lyc_focus_202609072034_raw.edf,focus,focus,36.0,40.0
lyc_personal,lyc personal model,lyc,20260907_lyc_focus_02,data/locked/2026-09-07/lyc_focus_202609072034_raw.edf,focus,focus,38.0,42.0
lyc_personal,lyc personal model,lyc,20260907_lyc_focus_02,data/locked/2026-09-07/lyc_focus_202609072034_raw.edf,focus,focus,40.0,44.0
lyc_personal,lyc personal model,lyc,20260907_lyc_focus_02,data/locked/2026-09-07/lyc_focus_202609072034_raw.edf,focus,focus,42.0,46.0
lyc_personal,lyc personal model,lyc,20260907_lyc_focus_02,data/locked/2026-09-07/lyc_focus_202609072034_raw.edf,focus,focus,44.0,48.0
lyc_personal,lyc personal model,lyc,20260907_lyc_focus_02,data/locked/2026-09-07/lyc_focus_202609072034_raw.edf,focus,focus,46.0,50.0
lyc_personal,lyc personal model,lyc,20260907_lyc_focus_02,data/locked/2026-09-07/lyc_focus_202609072034_raw.edf,focus,focus,48.0,52.0
lyc_personal,lyc personal model,lyc,20260907_lyc_focus_02,data/locked/2026-09-07/lyc_focus_202609072034_raw.edf,focus,focus,50.0,54.0
lyc_personal,lyc personal model,lyc,20260907_lyc_focus_02,data/locked/2026-09-07/lyc_focus_202609072034_raw.edf,focus,focus,52.0,56.0
lyc_personal,lyc personal model,lyc,20260907_lyc_focus_02,data/locked/2026-09-07/lyc_focus_202609072034_raw.edf,focus,focus,54.0,58.0
lyc_personal,lyc personal model,lyc,20260907_lyc_focus_02,data/locked/2026-09-07/lyc_focus_202609072034_raw.edf,focus,focus,56.0,60.0
lyc_personal,lyc personal model,lyc,20260907_lyc_focus_02,data/locked/2026-09-07/lyc_focus_202609072034_raw.edf,focus,focus,58.0,62.0
lyc_personal,lyc personal model,lyc,20260907_lyc_focus_02,data/locked/2026-09-07/lyc_focus_202609072034_raw.edf,focus,focus,60.0,64.0
lyc_personal,lyc personal model,lyc,20260907_lyc_focus_02,data/locked/2026-09-07/lyc_focus_202609072034_raw.edf,focus,unfocus,62.0,66.0
lyc_personal,lyc personal model,lyc,20260907_lyc_focus_02,data/locked/2026-09-07/lyc_focus_202609072034_raw.edf,focus,focus,64.0,68.0
lyc_personal,lyc personal model,lyc,20260907_lyc_focus_02,data/locked/2026-09-07/lyc_focus_202609072034_raw.edf,focus,focus,66.0,70.0
lyc_personal,lyc personal model,lyc,20260907_lyc_focus_02,data/locked/2026-09-07/lyc_focus_202609072034_raw.edf,focus,focus,68.0,72.0
lyc_personal,lyc personal model,lyc,20260907_lyc_focus_02,data/locked/2026-09-07/lyc_focus_202609072034_raw.edf,focus,focus,70.0,74.0
lyc_personal,lyc personal model,lyc,20260907_lyc_focus_02,data/locked/2026-09-07/lyc_focus_202609072034_raw.edf,focus,focus,72.0,76.0
lyc_personal,lyc personal model,lyc,20260907_lyc_focus_02,data/locked/2026-09-07/lyc_focus_202609072034_raw.edf,focus,focus,74.0,78.0
lyc_personal,lyc personal model,lyc,20260907_lyc_focus_02,data/locked/2026-09-07/lyc_focus_202609072034_raw.edf,focus,focus,76.0,80.0
lyc_personal,lyc personal model,lyc,20260907_lyc_focus_02,data/locked/2026-09-07/lyc_focus_202609072034_raw.edf,focus,focus,78.0,82.0
lyc_personal,lyc personal model,lyc,20260907_lyc_focus_02,data/locked/2026-09-07/lyc_focus_202609072034_raw.edf,focus,focus,80.0,84.0
lyc_personal,lyc personal model,lyc,20260907_lyc_focus_02,data/locked/2026-09-07/lyc_focus_202609072034_raw.edf,focus,focus,82.0,86.0
lyc_personal,lyc personal model,lyc,20260907_lyc_focus_02,data/locked/2026-09-07/lyc_focus_202609072034_raw.edf,focus,focus,84.0,88.0
lyc_personal,lyc personal model,lyc,20260907_lyc_focus_02,data/locked/2026-09-07/lyc_focus_202609072034_raw.edf,focus,focus,86.0,90.0
lyc_personal,lyc personal model,lyc,20260907_lyc_focus_02,data/locked/2026-09-07/lyc_focus_202609072034_raw.edf,focus,unfocus,88.0,92.0
lyc_personal,lyc personal model,lyc,20260907_lyc_focus_02,data/locked/2026-09-07/lyc_focus_202609072034_raw.edf,focus,unfocus,90.0,94.0
lyc_personal,lyc personal model,lyc,20260907_lyc_focus_02,data/locked/2026-09-07/lyc_focus_202609072034_raw.edf,focus,focus,92.0,96.0
lyc_personal,lyc personal model,lyc,20260907_lyc_focus_02,data/locked/2026-09-07/lyc_focus_202609072034_raw.edf,focus,focus,94.0,98.0
lyc_personal,lyc personal model,lyc,20260907_lyc_focus_02,data/locked/2026-09-07/lyc_focus_202609072034_raw.edf,focus,unfocus,96.0,100.0
lyc_personal,lyc personal model,lyc,20260907_lyc_focus_02,data/locked/2026-09-07/lyc_focus_202609072034_raw.edf,focus,focus,98.0,102.0
lyc_personal,lyc personal model,lyc,20260907_lyc_focus_02,data/locked/2026-09-07/lyc_focus_202609072034_raw.edf,focus,focus,100.0,104.0
lyc_personal,lyc personal model,lyc,20260907_lyc_focus_02,data/locked/2026-09-07/lyc_focus_202609072034_raw.edf,focus,focus,102.0,106.0
lyc_personal,lyc personal model,lyc,20260907_lyc_focus_02,data/locked/2026-09-07/lyc_focus_202609072034_raw.edf,focus,focus,104.0,108.0
lyc_personal,lyc personal model,lyc,20260907_lyc_focus_02,data/locked/2026-09-07/lyc_focus_202609072034_raw.edf,focus,focus,106.0,110.0
lyc_personal,lyc personal model,lyc,20260907_lyc_focus_02,data/locked/2026-09-07/lyc_focus_202609072034_raw.edf,focus,focus,108.0,112.0
lyc_personal,lyc personal model,lyc,20260907_lyc_focus_02,data/locked/2026-09-07/lyc_focus_202609072034_raw.edf,focus,focus,110.0,114.0
lyc_personal,lyc personal model,lyc,20260907_lyc_focus_02,data/locked/2026-09-07/lyc_focus_202609072034_raw.edf,focus,unfocus,112.0,116.0
lyc_personal,lyc personal model,lyc,20260907_lyc_focus_02,data/locked/2026-09-07/lyc_focus_202609072034_raw.edf,focus,focus,114.0,118.0
lyc_personal,lyc personal model,lyc,20260907_lyc_focus_02,data/locked/2026-09-07/lyc_focus_202609072034_raw.edf,focus,focus,116.0,120.0
lyc_personal,lyc personal model,lyc,20260907_lyc_focus_02,data/locked/2026-09-07/lyc_focus_202609072034_raw.edf,focus,unfocus,118.0,122.0
lyc_personal,lyc personal model,lyc,20260907_lyc_focus_02,data/locked/2026-09-07/lyc_focus_202609072034_raw.edf,focus,unfocus,120.0,124.0
lyc_personal,lyc personal model,lyc,20260907_lyc_focus_02,data/locked/2026-09-07/lyc_focus_202609072034_raw.edf,focus,focus,122.0,126.0
lyc_personal,lyc personal model,lyc,20260907_lyc_focus_02,data/locked/2026-09-07/lyc_focus_202609072034_raw.edf,focus,focus,124.0,128.0
lyc_personal,lyc personal model,lyc,20260907_lyc_focus_02,data/locked/2026-09-07/lyc_focus_202609072034_raw.edf,focus,focus,126.0,130.0
lyc_personal,lyc personal model,lyc,20260907_lyc_focus_02,data/locked/2026-09-07/lyc_focus_202609072034_raw.edf,focus,focus,128.0,132.0
lyc_personal,lyc personal model,lyc,20260907_lyc_focus_02,data/locked/2026-09-07/lyc_focus_202609072034_raw.edf,focus,focus,130.0,134.0
lyc_personal,lyc personal model,lyc,20260907_lyc_focus_02,data/locked/2026-09-07/lyc_focus_202609072034_raw.edf,focus,focus,132.0,136.0
lyc_personal,lyc personal model,lyc,20260907_lyc_focus_02,data/locked/2026-09-07/lyc_focus_202609072034_raw.edf,focus,focus,134.0,138.0
lyc_personal,lyc personal model,lyc,20260907_lyc_focus_02,data/locked/2026-09-07/lyc_focus_202609072034_raw.edf,focus,unfocus,136.0,140.0
lyc_personal,lyc personal model,lyc,20260907_lyc_focus_02,data/locked/2026-09-07/lyc_focus_202609072034_raw.edf,focus,focus,138.0,142.0
lyc_personal,lyc personal model,lyc,20260907_lyc_focus_02,data/locked/2026-09-07/lyc_focus_202609072034_raw.edf,focus,focus,140.0,144.0
lyc_personal,lyc personal model,lyc,20260907_lyc_focus_02,data/locked/2026-09-07/lyc_focus_202609072034_raw.edf,focus,focus,142.0,146.0
lyc_personal,lyc personal model,lyc,20260907_lyc_focus_02,data/locked/2026-09-07/lyc_focus_202609072034_raw.edf,focus,focus,144.0,148.0
lyc_personal,lyc personal model,lyc,20260907_lyc_focus_02,data/locked/2026-09-07/lyc_focus_202609072034_raw.edf,focus,focus,146.0,150.0
lyc_personal,lyc personal model,lyc,20260907_lyc_focus_02,data/locked/2026-09-07/lyc_focus_202609072034_raw.edf,focus,focus,148.0,152.0
lyc_personal,lyc personal model,lyc,20260907_lyc_focus_02,data/locked/2026-09-07/lyc_focus_202609072034_raw.edf,focus,focus,150.0,154.0
lyc_personal,lyc personal model,lyc,20260907_lyc_focus_02,data/locked/2026-09-07/lyc_focus_202609072034_raw.edf,focus,focus,152.0,156.0
lyc_personal,lyc personal model,lyc,20260907_lyc_focus_02,data/locked/2026-09-07/lyc_focus_202609072034_raw.edf,focus,focus,154.0,158.0
lyc_personal,lyc personal model,lyc,20260907_lyc_focus_02,data/locked/2026-09-07/lyc_focus_202609072034_raw.edf,focus,focus,156.0,160.0
lyc_personal,lyc personal model,lyc,20260907_lyc_focus_02,data/locked/2026-09-07/lyc_focus_202609072034_raw.edf,focus,focus,158.0,162.0
lyc_personal,lyc personal model,lyc,20260907_lyc_focus_02,data/locked/2026-09-07/lyc_focus_202609072034_raw.edf,focus,unfocus,160.0,164.0
lyc_personal,lyc personal model,lyc,20260907_lyc_focus_02,data/locked/2026-09-07/lyc_focus_202609072034_raw.edf,focus,unfocus,162.0,166.0
lyc_personal,lyc personal model,lyc,20260907_lyc_focus_02,data/locked/2026-09-07/lyc_focus_202609072034_raw.edf,focus,focus,164.0,168.0
lyc_personal,lyc personal model,lyc,20260907_lyc_focus_02,data/locked/2026-09-07/lyc_focus_202609072034_raw.edf,focus,focus,166.0,170.0
lyc_personal,lyc personal model,lyc,20260907_lyc_focus_02,data/locked/2026-09-07/lyc_focus_202609072034_raw.edf,focus,focus,168.0,172.0
lyc_personal,lyc personal model,lyc,20260907_lyc_focus_02,data/locked/2026-09-07/lyc_focus_202609072034_raw.edf,focus,focus,170.0,174.0
lyc_personal,lyc personal model,lyc,20260907_lyc_focus_02,data/locked/2026-09-07/lyc_focus_202609072034_raw.edf,focus,focus,172.0,176.0
lyc_personal,lyc personal model,lyc,20260907_lyc_focus_02,data/locked/2026-09-07/lyc_focus_202609072034_raw.edf,focus,focus,174.0,178.0
lyc_personal,lyc personal model,lyc,20260907_lyc_focus_02,data/locked/2026-09-07/lyc_focus_202609072034_raw.edf,focus,focus,176.0,180.0
lyc_personal,lyc personal model,lyc,20260907_lyc_focus_02,data/locked/2026-09-07/lyc_focus_202609072034_raw.edf,focus,unfocus,178.0,182.0
lyc_personal,lyc personal model,lyc,20260907_lyc_focus_02,data/locked/2026-09-07/lyc_focus_202609072034_raw.edf,focus,unfocus,180.0,184.0
lyc_personal,lyc personal model,lyc,20260907_lyc_focus_02,data/locked/2026-09-07/lyc_focus_202609072034_raw.edf,focus,unfocus,182.0,186.0
lyc_personal,lyc personal model,lyc,20260907_lyc_focus_02,data/locked/2026-09-07/lyc_focus_202609072034_raw.edf,focus,focus,184.0,188.0
lyc_personal,lyc personal model,lyc,20260907_lyc_focus_02,data/locked/2026-09-07/lyc_focus_202609072034_raw.edf,focus,focus,186.0,190.0
lyc_personal,lyc personal model,lyc,20260907_lyc_focus_02,data/locked/2026-09-07/lyc_focus_202609072034_raw.edf,focus,unfocus,188.0,192.0
lyc_personal,lyc personal model,lyc,20260907_lyc_focus_02,data/locked/2026-09-07/lyc_focus_202609072034_raw.edf,focus,focus,190.0,194.0
lyc_personal,lyc personal model,lyc,20260907_lyc_focus_02,data/locked/2026-09-07/lyc_focus_202609072034_raw.edf,focus,unfocus,192.0,196.0
lyc_personal,lyc personal model,lyc,20260907_lyc_focus_02,data/locked/2026-09-07/lyc_focus_202609072034_raw.edf,focus,unfocus,194.0,198.0
lyc_personal,lyc personal model,lyc,20260907_lyc_focus_02,data/locked/2026-09-07/lyc_focus_202609072034_raw.edf,focus,unfocus,196.0,200.0
lyc_personal,lyc personal model,lyc,20260907_lyc_focus_02,data/locked/2026-09-07/lyc_focus_202609072034_raw.edf,focus,focus,198.0,202.0
lyc_personal,lyc personal model,lyc,20260907_lyc_focus_02,data/locked/2026-09-07/lyc_focus_202609072034_raw.edf,focus,focus,200.0,204.0
lyc_personal,lyc personal model,lyc,20260907_lyc_focus_02,data/locked/2026-09-07/lyc_focus_202609072034_raw.edf,focus,focus,202.0,206.0
lyc_personal,lyc personal model,lyc,20260907_lyc_focus_02,data/locked/2026-09-07/lyc_focus_202609072034_raw.edf,focus,unfocus,204.0,208.0
lyc_personal,lyc personal model,lyc,20260907_lyc_focus_02,data/locked/2026-09-07/lyc_focus_202609072034_raw.edf,focus,unfocus,206.0,210.0
lyc_personal,lyc personal model,lyc,20260907_lyc_focus_02,data/locked/2026-09-07/lyc_focus_202609072034_raw.edf,focus,unfocus,208.0,212.0
lyc_personal,lyc personal model,lyc,20260907_lyc_focus_02,data/locked/2026-09-07/lyc_focus_202609072034_raw.edf,focus,unfocus,210.0,214.0
lyc_personal,lyc personal model,lyc,20260907_lyc_focus_02,data/locked/2026-09-07/lyc_focus_202609072034_raw.edf,focus,focus,212.0,216.0
lyc_personal,lyc personal model,lyc,20260907_lyc_focus_02,data/locked/2026-09-07/lyc_focus_202609072034_raw.edf,focus,focus,214.0,218.0
lyc_personal,lyc personal model,lyc,20260907_lyc_focus_02,data/locked/2026-09-07/lyc_focus_202609072034_raw.edf,focus,focus,216.0,220.0
lyc_personal,lyc personal model,lyc,20260907_lyc_focus_02,data/locked/2026-09-07/lyc_focus_202609072034_raw.edf,focus,focus,218.0,222.0
lyc_personal,lyc personal model,lyc,20260907_lyc_focus_02,data/locked/2026-09-07/lyc_focus_202609072034_raw.edf,focus,focus,220.0,224.0
lyc_personal,lyc personal model,lyc,20260907_lyc_focus_02,data/locked/2026-09-07/lyc_focus_202609072034_raw.edf,focus,focus,222.0,226.0
lyc_personal,lyc personal model,lyc,20260907_lyc_focus_02,data/locked/2026-09-07/lyc_focus_202609072034_raw.edf,focus,focus,224.0,228.0
lyc_personal,lyc personal model,lyc,20260907_lyc_focus_02,data/locked/2026-09-07/lyc_focus_202609072034_raw.edf,focus,focus,226.0,230.0
lyc_personal,lyc personal model,lyc,20260907_lyc_focus_02,data/locked/2026-09-07/lyc_focus_202609072034_raw.edf,focus,focus,228.0,232.0
lyc_personal,lyc personal model,lyc,20260907_lyc_focus_02,data/locked/2026-09-07/lyc_focus_202609072034_raw.edf,focus,focus,230.0,234.0
lyc_personal,lyc personal model,lyc,20260907_lyc_focus_02,data/locked/2026-09-07/lyc_focus_202609072034_raw.edf,focus,focus,232.0,236.0
lyc_personal,lyc personal model,lyc,20260907_lyc_focus_02,data/locked/2026-09-07/lyc_focus_202609072034_raw.edf,focus,focus,234.0,238.0
lyc_personal,lyc personal model,lyc,20260907_lyc_focus_02,data/locked/2026-09-07/lyc_focus_202609072034_raw.edf,focus,focus,236.0,240.0
lyc_personal,lyc personal model,lyc,20260907_lyc_focus_02,data/locked/2026-09-07/lyc_focus_202609072034_raw.edf,focus,focus,238.0,242.0
lyc_personal,lyc personal model,lyc,20260907_lyc_focus_02,data/locked/2026-09-07/lyc_focus_202609072034_raw.edf,focus,focus,240.0,244.0
lyc_personal,lyc personal model,lyc,20260907_lyc_focus_02,data/locked/2026-09-07/lyc_focus_202609072034_raw.edf,focus,focus,242.0,246.0
lyc_personal,lyc personal model,lyc,20260907_lyc_focus_02,data/locked/2026-09-07/lyc_focus_202609072034_raw.edf,focus,focus,244.0,248.0
lyc_personal,lyc personal model,lyc,20260907_lyc_focus_02,data/locked/2026-09-07/lyc_focus_202609072034_raw.edf,focus,focus,246.0,250.0
lyc_personal,lyc personal model,lyc,20260907_lyc_focus_02,data/locked/2026-09-07/lyc_focus_202609072034_raw.edf,focus,focus,248.0,252.0
lyc_personal,lyc personal model,lyc,20260907_lyc_focus_02,data/locked/2026-09-07/lyc_focus_202609072034_raw.edf,focus,focus,250.0,254.0
lyc_personal,lyc personal model,lyc,20260907_lyc_focus_02,data/locked/2026-09-07/lyc_focus_202609072034_raw.edf,focus,focus,252.0,256.0
lyc_personal,lyc personal model,lyc,20260907_lyc_focus_02,data/locked/2026-09-07/lyc_focus_202609072034_raw.edf,focus,focus,254.0,258.0
lyc_personal,lyc personal model,lyc,20260907_lyc_focus_02,data/locked/2026-09-07/lyc_focus_202609072034_raw.edf,focus,focus,256.0,260.0
lyc_personal,lyc personal model,lyc,20260907_lyc_focus_02,data/locked/2026-09-07/lyc_focus_202609072034_raw.edf,focus,focus,258.0,262.0
lyc_personal,lyc personal model,lyc,20260907_lyc_focus_02,data/locked/2026-09-07/lyc_focus_202609072034_raw.edf,focus,focus,260.0,264.0
lyc_personal,lyc personal model,lyc,20260907_lyc_focus_02,data/locked/2026-09-07/lyc_focus_202609072034_raw.edf,focus,focus,262.0,266.0
lyc_personal,lyc personal model,lyc,20260907_lyc_focus_02,data/locked/2026-09-07/lyc_focus_202609072034_raw.edf,focus,focus,264.0,268.0
lyc_personal,lyc personal model,lyc,20260907_lyc_focus_02,data/locked/2026-09-07/lyc_focus_202609072034_raw.edf,focus,unfocus,266.0,270.0
lyc_personal,lyc personal model,lyc,20260907_lyc_focus_02,data/locked/2026-09-07/lyc_focus_202609072034_raw.edf,focus,unfocus,268.0,272.0
lyc_personal,lyc personal model,lyc,20260907_lyc_focus_02,data/locked/2026-09-07/lyc_focus_202609072034_raw.edf,focus,focus,270.0,274.0
lyc_personal,lyc personal model,lyc,20260907_lyc_focus_02,data/locked/2026-09-07/lyc_focus_202609072034_raw.edf,focus,focus,272.0,276.0
lyc_personal,lyc personal model,lyc,20260907_lyc_focus_02,data/locked/2026-09-07/lyc_focus_202609072034_raw.edf,focus,focus,274.0,278.0
lyc_personal,lyc personal model,lyc,20260907_lyc_focus_02,data/locked/2026-09-07/lyc_focus_202609072034_raw.edf,focus,focus,276.0,280.0
lyc_personal,lyc personal model,lyc,20260907_lyc_focus_02,data/locked/2026-09-07/lyc_focus_202609072034_raw.edf,focus,unfocus,278.0,282.0
lyc_personal,lyc personal model,lyc,20260907_lyc_focus_02,data/locked/2026-09-07/lyc_focus_202609072034_raw.edf,focus,unfocus,280.0,284.0
lyc_personal,lyc personal model,lyc,20260907_lyc_focus_02,data/locked/2026-09-07/lyc_focus_202609072034_raw.edf,focus,focus,282.0,286.0
lyc_personal,lyc personal model,lyc,20260907_lyc_focus_02,data/locked/2026-09-07/lyc_focus_202609072034_raw.edf,focus,focus,284.0,288.0
lyc_personal,lyc personal model,lyc,20260907_lyc_focus_02,data/locked/2026-09-07/lyc_focus_202609072034_raw.edf,focus,focus,286.0,290.0
lyc_personal,lyc personal model,lyc,20260907_lyc_focus_02,data/locked/2026-09-07/lyc_focus_202609072034_raw.edf,focus,focus,288.0,292.0
lyc_personal,lyc personal model,lyc,20260907_lyc_focus_02,data/locked/2026-09-07/lyc_focus_202609072034_raw.edf,focus,focus,290.0,294.0
lyc_personal,lyc personal model,lyc,20260907_lyc_focus_02,data/locked/2026-09-07/lyc_focus_202609072034_raw.edf,focus,focus,292.0,296.0
lyc_personal,lyc personal model,lyc,20260907_lyc_focus_02,data/locked/2026-09-07/lyc_focus_202609072034_raw.edf,focus,focus,294.0,298.0
lyc_personal,lyc personal model,lyc,20260907_lyc_focus_02,data/locked/2026-09-07/lyc_focus_202609072034_raw.edf,focus,focus,296.0,300.0
lyc_personal,lyc personal model,lyc,20260907_lyc_focus_02,data/locked/2026-09-07/lyc_focus_202609072034_raw.edf,focus,focus,298.0,302.0
lyc_personal,lyc personal model,lyc,20260907_lyc_focus_02,data/locked/2026-09-07/lyc_focus_202609072034_raw.edf,focus,focus,300.0,304.0
lyc_personal,lyc personal model,lyc,20260907_lyc_focus_02,data/locked/2026-09-07/lyc_focus_202609072034_raw.edf,focus,focus,302.0,306.0
lyc_personal,lyc personal model,lyc,20260907_lyc_focus_02,data/locked/2026-09-07/lyc_focus_202609072034_raw.edf,focus,focus,304.0,308.0
lyc_personal,lyc personal model,lyc,20260907_lyc_focus_02,data/locked/2026-09-07/lyc_focus_202609072034_raw.edf,focus,focus,306.0,310.0
lyc_personal,lyc personal model,lyc,20260907_lyc_focus_02,data/locked/2026-09-07/lyc_focus_202609072034_raw.edf,focus,focus,308.0,312.0
lyc_personal,lyc personal model,lyc,20260907_lyc_focus_02,data/locked/2026-09-07/lyc_focus_202609072034_raw.edf,focus,focus,310.0,314.0
lyc_personal,lyc personal model,lyc,20260907_lyc_focus_02,data/locked/2026-09-07/lyc_focus_202609072034_raw.edf,focus,focus,312.0,316.0
lyc_personal,lyc personal model,lyc,20260907_lyc_focus_02,data/locked/2026-09-07/lyc_focus_202609072034_raw.edf,focus,focus,314.0,318.0
lyc_personal,lyc personal model,lyc,20260907_lyc_focus_02,data/locked/2026-09-07/lyc_focus_202609072034_raw.edf,focus,focus,316.0,320.0
lyc_personal,lyc personal model,lyc,20260907_lyc_focus_02,data/locked/2026-09-07/lyc_focus_202609072034_raw.edf,focus,unfocus,318.0,322.0
lyc_personal,lyc personal model,lyc,20260907_lyc_focus_02,data/locked/2026-09-07/lyc_focus_202609072034_raw.edf,focus,unfocus,320.0,324.0
lyc_personal,lyc personal model,lyc,20260907_lyc_focus_02,data/locked/2026-09-07/lyc_focus_202609072034_raw.edf,focus,focus,322.0,326.0
lyc_personal,lyc personal model,lyc,20260907_lyc_focus_02,data/locked/2026-09-07/lyc_focus_202609072034_raw.edf,focus,focus,324.0,328.0
lyc_personal,lyc personal model,lyc,20260907_lyc_focus_02,data/locked/2026-09-07/lyc_focus_202609072034_raw.edf,focus,focus,326.0,330.0
lyc_personal,lyc personal model,lyc,20260907_lyc_focus_02,data/locked/2026-09-07/lyc_focus_202609072034_raw.edf,focus,focus,328.0,332.0
lyc_personal,lyc personal model,lyc,20260907_lyc_focus_02,data/locked/2026-09-07/lyc_focus_202609072034_raw.edf,focus,focus,330.0,334.0
lyc_personal,lyc personal model,lyc,20260907_lyc_focus_02,data/locked/2026-09-07/lyc_focus_202609072034_raw.edf,focus,focus,332.0,336.0
lyc_personal,lyc personal model,lyc,20260907_lyc_focus_02,data/locked/2026-09-07/lyc_focus_202609072034_raw.edf,focus,focus,334.0,338.0
lyc_personal,lyc personal model,lyc,20260907_lyc_focus_02,data/locked/2026-09-07/lyc_focus_202609072034_raw.edf,focus,unfocus,336.0,340.0
lyc_personal,lyc personal model,lyc,20260907_lyc_focus_02,data/locked/2026-09-07/lyc_focus_202609072034_raw.edf,focus,focus,338.0,342.0
lyc_personal,lyc personal model,lyc,20260907_lyc_focus_02,data/locked/2026-09-07/lyc_focus_202609072034_raw.edf,focus,focus,340.0,344.0
lyc_personal,lyc personal model,lyc,20260907_lyc_focus_02,data/locked/2026-09-07/lyc_focus_202609072034_raw.edf,focus,focus,342.0,346.0
lyc_personal,lyc personal model,lyc,20260907_lyc_focus_02,data/locked/2026-09-07/lyc_focus_202609072034_raw.edf,focus,focus,344.0,348.0
lyc_personal,lyc personal model,lyc,20260907_lyc_focus_02,data/locked/2026-09-07/lyc_focus_202609072034_raw.edf,focus,focus,346.0,350.0
lyc_personal,lyc personal model,lyc,20260907_lyc_focus_02,data/locked/2026-09-07/lyc_focus_202609072034_raw.edf,focus,unfocus,348.0,352.0
lyc_personal,lyc personal model,lyc,20260907_lyc_focus_02,data/locked/2026-09-07/lyc_focus_202609072034_raw.edf,focus,focus,350.0,354.0
lyc_personal,lyc personal model,lyc,20260907_lyc_focus_02,data/locked/2026-09-07/lyc_focus_202609072034_raw.edf,focus,focus,352.0,356.0
lyc_personal,lyc personal model,lyc,20260907_lyc_focus_02,data/locked/2026-09-07/lyc_focus_202609072034_raw.edf,focus,focus,354.0,358.0
lyc_personal,lyc personal model,lyc,20260907_lyc_focus_02,data/locked/2026-09-07/lyc_focus_202609072034_raw.edf,focus,focus,356.0,360.0
lyc_personal,lyc personal model,lyc,20260907_lyc_focus_02,data/locked/2026-09-07/lyc_focus_202609072034_raw.edf,focus,focus,358.0,362.0
lyc_personal,lyc personal model,lyc,20260907_lyc_focus_02,data/locked/2026-09-07/lyc_focus_202609072034_raw.edf,focus,focus,360.0,364.0
lyc_personal,lyc personal model,lyc,20260907_lyc_focus_02,data/locked/2026-09-07/lyc_focus_202609072034_raw.edf,focus,focus,362.0,366.0
lyc_personal,lyc personal model,lyc,20260907_lyc_focus_02,data/locked/2026-09-07/lyc_focus_202609072034_raw.edf,focus,focus,364.0,368.0
lyc_personal,lyc personal model,lyc,20260907_lyc_focus_02,data/locked/2026-09-07/lyc_focus_202609072034_raw.edf,focus,focus,366.0,370.0
lyc_personal,lyc personal model,lyc,20260907_lyc_focus_02,data/locked/2026-09-07/lyc_focus_202609072034_raw.edf,focus,focus,368.0,372.0
lyc_personal,lyc personal model,lyc,20260907_lyc_focus_02,data/locked/2026-09-07/lyc_focus_202609072034_raw.edf,focus,focus,370.0,374.0
lyc_personal,lyc personal model,lyc,20260907_lyc_focus_02,data/locked/2026-09-07/lyc_focus_202609072034_raw.edf,focus,focus,372.0,376.0
lyc_personal,lyc personal model,lyc,20260907_lyc_focus_02,data/locked/2026-09-07/lyc_focus_202609072034_raw.edf,focus,focus,374.0,378.0
lyc_personal,lyc personal model,lyc,20260907_lyc_focus_02,data/locked/2026-09-07/lyc_focus_202609072034_raw.edf,focus,focus,376.0,380.0
lyc_personal,lyc personal model,lyc,20260907_lyc_focus_02,data/locked/2026-09-07/lyc_focus_202609072034_raw.edf,focus,focus,378.0,382.0
lyc_personal,lyc personal model,lyc,20260907_lyc_focus_02,data/locked/2026-09-07/lyc_focus_202609072034_raw.edf,focus,focus,380.0,384.0
lyc_personal,lyc personal model,lyc,20260907_lyc_focus_02,data/locked/2026-09-07/lyc_focus_202609072034_raw.edf,focus,focus,382.0,386.0
lyc_personal,lyc personal model,lyc,20260907_lyc_focus_02,data/locked/2026-09-07/lyc_focus_202609072034_raw.edf,focus,focus,384.0,388.0
lyc_personal,lyc personal model,lyc,20260907_lyc_focus_02,data/locked/2026-09-07/lyc_focus_202609072034_raw.edf,focus,focus,386.0,390.0
lyc_personal,lyc personal model,lyc,20260907_lyc_focus_02,data/locked/2026-09-07/lyc_focus_202609072034_raw.edf,focus,focus,388.0,392.0
lyc_personal,lyc personal model,lyc,20260907_lyc_focus_02,data/locked/2026-09-07/lyc_focus_202609072034_raw.edf,focus,focus,390.0,394.0
lyc_personal,lyc personal model,lyc,20260907_lyc_focus_02,data/locked/2026-09-07/lyc_focus_202609072034_raw.edf,focus,focus,392.0,396.0
lyc_personal,lyc personal model,lyc,20260907_lyc_focus_02,data/locked/2026-09-07/lyc_focus_202609072034_raw.edf,focus,focus,394.0,398.0
lyc_personal,lyc personal model,lyc,20260907_lyc_focus_02,data/locked/2026-09-07/lyc_focus_202609072034_raw.edf,focus,focus,396.0,400.0
lyc_personal,lyc personal model,lyc,20260907_lyc_focus_02,data/locked/2026-09-07/lyc_focus_202609072034_raw.edf,focus,focus,398.0,402.0
lyc_personal,lyc personal model,lyc,20260907_lyc_focus_02,data/locked/2026-09-07/lyc_focus_202609072034_raw.edf,focus,focus,400.0,404.0
lyc_personal,lyc personal model,lyc,20260907_lyc_focus_02,data/locked/2026-09-07/lyc_focus_202609072034_raw.edf,focus,focus,402.0,406.0
lyc_personal,lyc personal model,lyc,20260907_lyc_focus_02,data/locked/2026-09-07/lyc_focus_202609072034_raw.edf,focus,focus,404.0,408.0
lyc_personal,lyc personal model,lyc,20260907_lyc_focus_02,data/locked/2026-09-07/lyc_focus_202609072034_raw.edf,focus,unfocus,406.0,410.0
lyc_personal,lyc personal model,lyc,20260907_lyc_focus_02,data/locked/2026-09-07/lyc_focus_202609072034_raw.edf,focus,focus,408.0,412.0
lyc_personal,lyc personal model,lyc,20260907_lyc_focus_02,data/locked/2026-09-07/lyc_focus_202609072034_raw.edf,focus,focus,410.0,414.0
lyc_personal,lyc personal model,lyc,20260907_lyc_focus_02,data/locked/2026-09-07/lyc_focus_202609072034_raw.edf,focus,focus,412.0,416.0
lyc_personal,lyc personal model,lyc,20260907_lyc_focus_02,data/locked/2026-09-07/lyc_focus_202609072034_raw.edf,focus,focus,414.0,418.0
lyc_personal,lyc personal model,lyc,20260907_lyc_focus_02,data/locked/2026-09-07/lyc_focus_202609072034_raw.edf,focus,focus,416.0,420.0
lyc_personal,lyc personal model,lyc,20260907_lyc_focus_02,data/locked/2026-09-07/lyc_focus_202609072034_raw.edf,focus,focus,418.0,422.0
lyc_personal,lyc personal model,lyc,20260907_lyc_focus_02,data/locked/2026-09-07/lyc_focus_202609072034_raw.edf,focus,focus,420.0,424.0
lyc_personal,lyc personal model,lyc,20260907_lyc_focus_02,data/locked/2026-09-07/lyc_focus_202609072034_raw.edf,focus,focus,422.0,426.0
lyc_personal,lyc personal model,lyc,20260907_lyc_focus_02,data/locked/2026-09-07/lyc_focus_202609072034_raw.edf,focus,unfocus,424.0,428.0
lyc_personal,lyc personal model,lyc,20260907_lyc_focus_02,data/locked/2026-09-07/lyc_focus_202609072034_raw.edf,focus,focus,426.0,430.0
lyc_personal,lyc personal model,lyc,20260907_lyc_focus_02,data/locked/2026-09-07/lyc_focus_202609072034_raw.edf,focus,focus,428.0,432.0
lyc_personal,lyc personal model,lyc,20260907_lyc_focus_02,data/locked/2026-09-07/lyc_focus_202609072034_raw.edf,focus,focus,430.0,434.0
lyc_personal,lyc personal model,lyc,20260907_lyc_focus_02,data/locked/2026-09-07/lyc_focus_202609072034_raw.edf,focus,unfocus,432.0,436.0
lyc_personal,lyc personal model,lyc,20260907_lyc_focus_02,data/locked/2026-09-07/lyc_focus_202609072034_raw.edf,focus,focus,434.0,438.0
lyc_personal,lyc personal model,lyc,20260907_lyc_focus_02,data/locked/2026-09-07/lyc_focus_202609072034_raw.edf,focus,focus,436.0,440.0
lyc_personal,lyc personal model,lyc,20260907_lyc_focus_02,data/locked/2026-09-07/lyc_focus_202609072034_raw.edf,focus,focus,438.0,442.0
lyc_personal,lyc personal model,lyc,20260907_lyc_focus_02,data/locked/2026-09-07/lyc_focus_202609072034_raw.edf,focus,focus,440.0,444.0
lyc_personal,lyc personal model,lyc,20260907_lyc_focus_02,data/locked/2026-09-07/lyc_focus_202609072034_raw.edf,focus,focus,442.0,446.0
lyc_personal,lyc personal model,lyc,20260907_lyc_focus_02,data/locked/2026-09-07/lyc_focus_202609072034_raw.edf,focus,focus,444.0,448.0
lyc_personal,lyc personal model,lyc,20260907_lyc_focus_02,data/locked/2026-09-07/lyc_focus_202609072034_raw.edf,focus,focus,446.0,450.0
lyc_personal,lyc personal model,lyc,20260907_lyc_focus_02,data/locked/2026-09-07/lyc_focus_202609072034_raw.edf,focus,focus,448.0,452.0
lyc_personal,lyc personal model,lyc,20260907_lyc_focus_02,data/locked/2026-09-07/lyc_focus_202609072034_raw.edf,focus,focus,450.0,454.0
lyc_personal,lyc personal model,lyc,20260907_lyc_focus_02,data/locked/2026-09-07/lyc_focus_202609072034_raw.edf,focus,focus,452.0,456.0
lyc_personal,lyc personal model,lyc,20260907_lyc_focus_02,data/locked/2026-09-07/lyc_focus_202609072034_raw.edf,focus,focus,454.0,458.0
lyc_personal,lyc personal model,lyc,20260907_lyc_focus_02,data/locked/2026-09-07/lyc_focus_202609072034_raw.edf,focus,focus,456.0,460.0
lyc_personal,lyc personal model,lyc,20260907_lyc_focus_02,data/locked/2026-09-07/lyc_focus_202609072034_raw.edf,focus,focus,458.0,462.0
lyc_personal,lyc personal model,lyc,20260907_lyc_focus_02,data/locked/2026-09-07/lyc_focus_202609072034_raw.edf,focus,focus,460.0,464.0
lyc_personal,lyc personal model,lyc,20260907_lyc_focus_02,data/locked/2026-09-07/lyc_focus_202609072034_raw.edf,focus,focus,462.0,466.0
lyc_personal,lyc personal model,lyc,20260907_lyc_focus_02,data/locked/2026-09-07/lyc_focus_202609072034_raw.edf,focus,focus,464.0,468.0
lyc_personal,lyc personal model,lyc,20260907_lyc_focus_02,data/locked/2026-09-07/lyc_focus_202609072034_raw.edf,focus,focus,466.0,470.0
lyc_personal,lyc personal model,lyc,20260907_lyc_focus_02,data/locked/2026-09-07/lyc_focus_202609072034_raw.edf,focus,focus,468.0,472.0
lyc_personal,lyc personal model,lyc,20260907_lyc_focus_02,data/locked/2026-09-07/lyc_focus_202609072034_raw.edf,focus,focus,470.0,474.0
lyc_personal,lyc personal model,lyc,20260907_lyc_focus_02,data/locked/2026-09-07/lyc_focus_202609072034_raw.edf,focus,focus,472.0,476.0
lyc_personal,lyc personal model,lyc,20260907_lyc_focus_02,data/locked/2026-09-07/lyc_focus_202609072034_raw.edf,focus,focus,474.0,478.0
lyc_personal,lyc personal model,lyc,20260907_lyc_focus_02,data/locked/2026-09-07/lyc_focus_202609072034_raw.edf,focus,focus,476.0,480.0
lyc_personal,lyc personal model,lyc,20260907_lyc_focus_02,data/locked/2026-09-07/lyc_focus_202609072034_raw.edf,focus,focus,478.0,482.0
lyc_personal,lyc personal model,lyc,20260907_lyc_focus_02,data/locked/2026-09-07/lyc_focus_202609072034_raw.edf,focus,focus,480.0,484.0
lyc_personal,lyc personal model,lyc,20260907_lyc_focus_02,data/locked/2026-09-07/lyc_focus_202609072034_raw.edf,focus,focus,482.0,486.0
lyc_personal,lyc personal model,lyc,20260907_lyc_focus_02,data/locked/2026-09-07/lyc_focus_202609072034_raw.edf,focus,focus,484.0,488.0
lyc_personal,lyc personal model,lyc,20260907_lyc_focus_02,data/locked/2026-09-07/lyc_focus_202609072034_raw.edf,focus,focus,486.0,490.0
lyc_personal,lyc personal model,lyc,20260907_lyc_focus_02,data/locked/2026-09-07/lyc_focus_202609072034_raw.edf,focus,focus,488.0,492.0
lyc_personal,lyc personal model,lyc,20260907_lyc_focus_02,data/locked/2026-09-07/lyc_focus_202609072034_raw.edf,focus,focus,490.0,494.0
lyc_personal,lyc personal model,lyc,20260907_lyc_focus_02,data/locked/2026-09-07/lyc_focus_202609072034_raw.edf,focus,focus,492.0,496.0
lyc_personal,lyc personal model,lyc,20260907_lyc_focus_02,data/locked/2026-09-07/lyc_focus_202609072034_raw.edf,focus,focus,494.0,498.0
lyc_personal,lyc personal model,lyc,20260907_lyc_focus_02,data/locked/2026-09-07/lyc_focus_202609072034_raw.edf,focus,focus,496.0,500.0
lyc_personal,lyc personal model,lyc,20260907_lyc_focus_02,data/locked/2026-09-07/lyc_focus_202609072034_raw.edf,focus,focus,498.0,502.0
lyc_personal,lyc personal model,lyc,20260907_lyc_focus_02,data/locked/2026-09-07/lyc_focus_202609072034_raw.edf,focus,focus,500.0,504.0
lyc_personal,lyc personal model,lyc,20260907_lyc_focus_02,data/locked/2026-09-07/lyc_focus_202609072034_raw.edf,focus,focus,502.0,506.0
lyc_personal,lyc personal model,lyc,20260907_lyc_focus_02,data/locked/2026-09-07/lyc_focus_202609072034_raw.edf,focus,focus,504.0,508.0
lyc_personal,lyc personal model,lyc,20260907_lyc_focus_02,data/locked/2026-09-07/lyc_focus_202609072034_raw.edf,focus,focus,506.0,510.0
lyc_personal,lyc personal model,lyc,20260907_lyc_focus_02,data/locked/2026-09-07/lyc_focus_202609072034_raw.edf,focus,focus,508.0,512.0
lyc_personal,lyc personal model,lyc,20260907_lyc_focus_02,data/locked/2026-09-07/lyc_focus_202609072034_raw.edf,focus,focus,510.0,514.0
lyc_personal,lyc personal model,lyc,20260907_lyc_focus_02,data/locked/2026-09-07/lyc_focus_202609072034_raw.edf,focus,focus,512.0,516.0
lyc_personal,lyc personal model,lyc,20260907_lyc_focus_02,data/locked/2026-09-07/lyc_focus_202609072034_raw.edf,focus,focus,514.0,518.0
lyc_personal,lyc personal model,lyc,20260907_lyc_focus_02,data/locked/2026-09-07/lyc_focus_202609072034_raw.edf,focus,focus,516.0,520.0
lyc_personal,lyc personal model,lyc,20260907_lyc_focus_02,data/locked/2026-09-07/lyc_focus_202609072034_raw.edf,focus,focus,518.0,522.0
lyc_personal,lyc personal model,lyc,20260907_lyc_focus_02,data/locked/2026-09-07/lyc_focus_202609072034_raw.edf,focus,focus,520.0,524.0
lyc_personal,lyc personal model,lyc,20260907_lyc_focus_02,data/locked/2026-09-07/lyc_focus_202609072034_raw.edf,focus,focus,522.0,526.0
lyc_personal,lyc personal model,lyc,20260907_lyc_focus_02,data/locked/2026-09-07/lyc_focus_202609072034_raw.edf,focus,focus,524.0,528.0
lyc_personal,lyc personal model,lyc,20260907_lyc_focus_02,data/locked/2026-09-07/lyc_focus_202609072034_raw.edf,focus,focus,526.0,530.0
lyc_personal,lyc personal model,lyc,20260907_lyc_focus_02,data/locked/2026-09-07/lyc_focus_202609072034_raw.edf,focus,focus,528.0,532.0
lyc_personal,lyc personal model,lyc,20260907_lyc_focus_02,data/locked/2026-09-07/lyc_focus_202609072034_raw.edf,focus,focus,530.0,534.0
lyc_personal,lyc personal model,lyc,20260907_lyc_focus_02,data/locked/2026-09-07/lyc_focus_202609072034_raw.edf,focus,focus,532.0,536.0
lyc_personal,lyc personal model,lyc,20260907_lyc_focus_02,data/locked/2026-09-07/lyc_focus_202609072034_raw.edf,focus,unfocus,534.0,538.0
lyc_personal,lyc personal model,lyc,20260907_lyc_focus_02,data/locked/2026-09-07/lyc_focus_202609072034_raw.edf,focus,focus,536.0,540.0
lyc_personal,lyc personal model,lyc,20260907_lyc_focus_02,data/locked/2026-09-07/lyc_focus_202609072034_raw.edf,focus,focus,538.0,542.0
lyc_personal,lyc personal model,lyc,20260907_lyc_focus_02,data/locked/2026-09-07/lyc_focus_202609072034_raw.edf,focus,focus,540.0,544.0
lyc_personal,lyc personal model,lyc,20260907_lyc_focus_02,data/locked/2026-09-07/lyc_focus_202609072034_raw.edf,focus,focus,542.0,546.0
lyc_personal,lyc personal model,lyc,20260907_lyc_focus_02,data/locked/2026-09-07/lyc_focus_202609072034_raw.edf,focus,focus,544.0,548.0
lyc_personal,lyc personal model,lyc,20260907_lyc_focus_02,data/locked/2026-09-07/lyc_focus_202609072034_raw.edf,focus,focus,546.0,550.0
lyc_personal,lyc personal model,lyc,20260907_lyc_focus_02,data/locked/2026-09-07/lyc_focus_202609072034_raw.edf,focus,focus,548.0,552.0
lyc_personal,lyc personal model,lyc,20260907_lyc_focus_02,data/locked/2026-09-07/lyc_focus_202609072034_raw.edf,focus,focus,550.0,554.0
lyc_personal,lyc personal model,lyc,20260907_lyc_focus_02,data/locked/2026-09-07/lyc_focus_202609072034_raw.edf,focus,focus,552.0,556.0
lyc_personal,lyc personal model,lyc,20260907_lyc_focus_02,data/locked/2026-09-07/lyc_focus_202609072034_raw.edf,focus,focus,554.0,558.0
lyc_personal,lyc personal model,lyc,20260907_lyc_focus_02,data/locked/2026-09-07/lyc_focus_202609072034_raw.edf,focus,unfocus,556.0,560.0
lyc_personal,lyc personal model,lyc,20260907_lyc_focus_02,data/locked/2026-09-07/lyc_focus_202609072034_raw.edf,focus,unfocus,558.0,562.0
lyc_personal,lyc personal model,lyc,20260907_lyc_focus_02,data/locked/2026-09-07/lyc_focus_202609072034_raw.edf,focus,unfocus,560.0,564.0
lyc_personal,lyc personal model,lyc,20260907_lyc_focus_02,data/locked/2026-09-07/lyc_focus_202609072034_raw.edf,focus,focus,562.0,566.0
lyc_personal,lyc personal model,lyc,20260907_lyc_focus_02,data/locked/2026-09-07/lyc_focus_202609072034_raw.edf,focus,focus,564.0,568.0
lyc_personal,lyc personal model,lyc,20260907_lyc_focus_02,data/locked/2026-09-07/lyc_focus_202609072034_raw.edf,focus,focus,566.0,570.0
lyc_personal,lyc personal model,lyc,20260907_lyc_focus_02,data/locked/2026-09-07/lyc_focus_202609072034_raw.edf,focus,focus,568.0,572.0
lyc_personal,lyc personal model,lyc,20260907_lyc_focus_02,data/locked/2026-09-07/lyc_focus_202609072034_raw.edf,focus,focus,570.0,574.0
lyc_personal,lyc personal model,lyc,20260907_lyc_focus_02,data/locked/2026-09-07/lyc_focus_202609072034_raw.edf,focus,focus,572.0,576.0
lyc_personal,lyc personal model,lyc,20260907_lyc_focus_02,data/locked/2026-09-07/lyc_focus_202609072034_raw.edf,focus,unfocus,574.0,578.0
lyc_personal,lyc personal model,lyc,20260907_lyc_focus_02,data/locked/2026-09-07/lyc_focus_202609072034_raw.edf,focus,focus,576.0,580.0
lyc_personal,lyc personal model,lyc,20260907_lyc_focus_02,data/locked/2026-09-07/lyc_focus_202609072034_raw.edf,focus,unfocus,578.0,582.0
lyc_personal,lyc personal model,lyc,20260907_lyc_focus_02,data/locked/2026-09-07/lyc_focus_202609072034_raw.edf,focus,focus,580.0,584.0
lyc_personal,lyc personal model,lyc,20260907_lyc_focus_02,data/locked/2026-09-07/lyc_focus_202609072034_raw.edf,focus,focus,582.0,586.0
lyc_personal,lyc personal model,lyc,20260907_lyc_focus_02,data/locked/2026-09-07/lyc_focus_202609072034_raw.edf,focus,focus,584.0,588.0
lyc_personal,lyc personal model,lyc,20260907_lyc_focus_02,data/locked/2026-09-07/lyc_focus_202609072034_raw.edf,focus,focus,586.0,590.0
lyc_personal,lyc personal model,lyc,20260907_lyc_focus_02,data/locked/2026-09-07/lyc_focus_202609072034_raw.edf,focus,focus,588.0,592.0
lyc_personal,lyc personal model,lyc,20260907_lyc_focus_02,data/locked/2026-09-07/lyc_focus_202609072034_raw.edf,focus,focus,590.0,594.0
lyc_personal,lyc personal model,lyc,20260907_lyc_focus_02,data/locked/2026-09-07/lyc_focus_202609072034_raw.edf,focus,focus,592.0,596.0
lyc_personal,lyc personal model,lyc,20260907_lyc_focus_02,data/locked/2026-09-07/lyc_focus_202609072034_raw.edf,focus,focus,594.0,598.0
zyf_personal,zyf personal model,lyc,20260907_lyc_focus_02,data/locked/2026-09-07/lyc_focus_202609072034_raw.edf,focus,unfocus,30.0,34.0
zyf_personal,zyf personal model,lyc,20260907_lyc_focus_02,data/locked/2026-09-07/lyc_focus_202609072034_raw.edf,focus,unfocus,32.0,36.0
zyf_personal,zyf personal model,lyc,20260907_lyc_focus_02,data/locked/2026-09-07/lyc_focus_202609072034_raw.edf,focus,unfocus,34.0,38.0
zyf_personal,zyf personal model,lyc,20260907_lyc_focus_02,data/locked/2026-09-07/lyc_focus_202609072034_raw.edf,focus,unfocus,36.0,40.0
zyf_personal,zyf personal model,lyc,20260907_lyc_focus_02,data/locked/2026-09-07/lyc_focus_202609072034_raw.edf,focus,unfocus,38.0,42.0
zyf_personal,zyf personal model,lyc,20260907_lyc_focus_02,data/locked/2026-09-07/lyc_focus_202609072034_raw.edf,focus,unfocus,40.0,44.0
zyf_personal,zyf personal model,lyc,20260907_lyc_focus_02,data/locked/2026-09-07/lyc_focus_202609072034_raw.edf,focus,unfocus,42.0,46.0
zyf_personal,zyf personal model,lyc,20260907_lyc_focus_02,data/locked/2026-09-07/lyc_focus_202609072034_raw.edf,focus,unfocus,44.0,48.0
zyf_personal,zyf personal model,lyc,20260907_lyc_focus_02,data/locked/2026-09-07/lyc_focus_202609072034_raw.edf,focus,unfocus,46.0,50.0
zyf_personal,zyf personal model,lyc,20260907_lyc_focus_02,data/locked/2026-09-07/lyc_focus_202609072034_raw.edf,focus,unfocus,48.0,52.0
zyf_personal,zyf personal model,lyc,20260907_lyc_focus_02,data/locked/2026-09-07/lyc_focus_202609072034_raw.edf,focus,unfocus,50.0,54.0
zyf_personal,zyf personal model,lyc,20260907_lyc_focus_02,data/locked/2026-09-07/lyc_focus_202609072034_raw.edf,focus,unfocus,52.0,56.0
zyf_personal,zyf personal model,lyc,20260907_lyc_focus_02,data/locked/2026-09-07/lyc_focus_202609072034_raw.edf,focus,unfocus,54.0,58.0
zyf_personal,zyf personal model,lyc,20260907_lyc_focus_02,data/locked/2026-09-07/lyc_focus_202609072034_raw.edf,focus,unfocus,56.0,60.0
zyf_personal,zyf personal model,lyc,20260907_lyc_focus_02,data/locked/2026-09-07/lyc_focus_202609072034_raw.edf,focus,unfocus,58.0,62.0
zyf_personal,zyf personal model,lyc,20260907_lyc_focus_02,data/locked/2026-09-07/lyc_focus_202609072034_raw.edf,focus,unfocus,60.0,64.0
zyf_personal,zyf personal model,lyc,20260907_lyc_focus_02,data/locked/2026-09-07/lyc_focus_202609072034_raw.edf,focus,unfocus,62.0,66.0
zyf_personal,zyf personal model,lyc,20260907_lyc_focus_02,data/locked/2026-09-07/lyc_focus_202609072034_raw.edf,focus,unfocus,64.0,68.0
zyf_personal,zyf personal model,lyc,20260907_lyc_focus_02,data/locked/2026-09-07/lyc_focus_202609072034_raw.edf,focus,unfocus,66.0,70.0
zyf_personal,zyf personal model,lyc,20260907_lyc_focus_02,data/locked/2026-09-07/lyc_focus_202609072034_raw.edf,focus,unfocus,68.0,72.0
zyf_personal,zyf personal model,lyc,20260907_lyc_focus_02,data/locked/2026-09-07/lyc_focus_202609072034_raw.edf,focus,unfocus,70.0,74.0
zyf_personal,zyf personal model,lyc,20260907_lyc_focus_02,data/locked/2026-09-07/lyc_focus_202609072034_raw.edf,focus,unfocus,72.0,76.0
zyf_personal,zyf personal model,lyc,20260907_lyc_focus_02,data/locked/2026-09-07/lyc_focus_202609072034_raw.edf,focus,unfocus,74.0,78.0
zyf_personal,zyf personal model,lyc,20260907_lyc_focus_02,data/locked/2026-09-07/lyc_focus_202609072034_raw.edf,focus,unfocus,76.0,80.0
zyf_personal,zyf personal model,lyc,20260907_lyc_focus_02,data/locked/2026-09-07/lyc_focus_202609072034_raw.edf,focus,unfocus,78.0,82.0
zyf_personal,zyf personal model,lyc,20260907_lyc_focus_02,data/locked/2026-09-07/lyc_focus_202609072034_raw.edf,focus,unfocus,80.0,84.0
zyf_personal,zyf personal model,lyc,20260907_lyc_focus_02,data/locked/2026-09-07/lyc_focus_202609072034_raw.edf,focus,unfocus,82.0,86.0
zyf_personal,zyf personal model,lyc,20260907_lyc_focus_02,data/locked/2026-09-07/lyc_focus_202609072034_raw.edf,focus,unfocus,84.0,88.0
zyf_personal,zyf personal model,lyc,20260907_lyc_focus_02,data/locked/2026-09-07/lyc_focus_202609072034_raw.edf,focus,unfocus,86.0,90.0
zyf_personal,zyf personal model,lyc,20260907_lyc_focus_02,data/locked/2026-09-07/lyc_focus_202609072034_raw.edf,focus,unfocus,88.0,92.0
zyf_personal,zyf personal model,lyc,20260907_lyc_focus_02,data/locked/2026-09-07/lyc_focus_202609072034_raw.edf,focus,unfocus,90.0,94.0
zyf_personal,zyf personal model,lyc,20260907_lyc_focus_02,data/locked/2026-09-07/lyc_focus_202609072034_raw.edf,focus,unfocus,92.0,96.0
zyf_personal,zyf personal model,lyc,20260907_lyc_focus_02,data/locked/2026-09-07/lyc_focus_202609072034_raw.edf,focus,unfocus,94.0,98.0
zyf_personal,zyf personal model,lyc,20260907_lyc_focus_02,data/locked/2026-09-07/lyc_focus_202609072034_raw.edf,focus,unfocus,96.0,100.0
zyf_personal,zyf personal model,lyc,20260907_lyc_focus_02,data/locked/2026-09-07/lyc_focus_202609072034_raw.edf,focus,unfocus,98.0,102.0
zyf_personal,zyf personal model,lyc,20260907_lyc_focus_02,data/locked/2026-09-07/lyc_focus_202609072034_raw.edf,focus,unfocus,100.0,104.0
zyf_personal,zyf personal model,lyc,20260907_lyc_focus_02,data/locked/2026-09-07/lyc_focus_202609072034_raw.edf,focus,unfocus,102.0,106.0
zyf_personal,zyf personal model,lyc,20260907_lyc_focus_02,data/locked/2026-09-07/lyc_focus_202609072034_raw.edf,focus,unfocus,104.0,108.0
zyf_personal,zyf personal model,lyc,20260907_lyc_focus_02,data/locked/2026-09-07/lyc_focus_202609072034_raw.edf,focus,unfocus,106.0,110.0
zyf_personal,zyf personal model,lyc,20260907_lyc_focus_02,data/locked/2026-09-07/lyc_focus_202609072034_raw.edf,focus,unfocus,108.0,112.0
zyf_personal,zyf personal model,lyc,20260907_lyc_focus_02,data/locked/2026-09-07/lyc_focus_202609072034_raw.edf,focus,unfocus,110.0,114.0
zyf_personal,zyf personal model,lyc,20260907_lyc_focus_02,data/locked/2026-09-07/lyc_focus_202609072034_raw.edf,focus,unfocus,112.0,116.0
zyf_personal,zyf personal model,lyc,20260907_lyc_focus_02,data/locked/2026-09-07/lyc_focus_202609072034_raw.edf,focus,unfocus,114.0,118.0
zyf_personal,zyf personal model,lyc,20260907_lyc_focus_02,data/locked/2026-09-07/lyc_focus_202609072034_raw.edf,focus,unfocus,116.0,120.0
zyf_personal,zyf personal model,lyc,20260907_lyc_focus_02,data/locked/2026-09-07/lyc_focus_202609072034_raw.edf,focus,unfocus,118.0,122.0
zyf_personal,zyf personal model,lyc,20260907_lyc_focus_02,data/locked/2026-09-07/lyc_focus_202609072034_raw.edf,focus,unfocus,120.0,124.0
zyf_personal,zyf personal model,lyc,20260907_lyc_focus_02,data/locked/2026-09-07/lyc_focus_202609072034_raw.edf,focus,unfocus,122.0,126.0
zyf_personal,zyf personal model,lyc,20260907_lyc_focus_02,data/locked/2026-09-07/lyc_focus_202609072034_raw.edf,focus,unfocus,124.0,128.0
zyf_personal,zyf personal model,lyc,20260907_lyc_focus_02,data/locked/2026-09-07/lyc_focus_202609072034_raw.edf,focus,unfocus,126.0,130.0
zyf_personal,zyf personal model,lyc,20260907_lyc_focus_02,data/locked/2026-09-07/lyc_focus_202609072034_raw.edf,focus,unfocus,128.0,132.0
zyf_personal,zyf personal model,lyc,20260907_lyc_focus_02,data/locked/2026-09-07/lyc_focus_202609072034_raw.edf,focus,unfocus,130.0,134.0
zyf_personal,zyf personal model,lyc,20260907_lyc_focus_02,data/locked/2026-09-07/lyc_focus_202609072034_raw.edf,focus,unfocus,132.0,136.0
zyf_personal,zyf personal model,lyc,20260907_lyc_focus_02,data/locked/2026-09-07/lyc_focus_202609072034_raw.edf,focus,unfocus,134.0,138.0
zyf_personal,zyf personal model,lyc,20260907_lyc_focus_02,data/locked/2026-09-07/lyc_focus_202609072034_raw.edf,focus,unfocus,136.0,140.0
zyf_personal,zyf personal model,lyc,20260907_lyc_focus_02,data/locked/2026-09-07/lyc_focus_202609072034_raw.edf,focus,unfocus,138.0,142.0
zyf_personal,zyf personal model,lyc,20260907_lyc_focus_02,data/locked/2026-09-07/lyc_focus_202609072034_raw.edf,focus,unfocus,140.0,144.0
zyf_personal,zyf personal model,lyc,20260907_lyc_focus_02,data/locked/2026-09-07/lyc_focus_202609072034_raw.edf,focus,unfocus,142.0,146.0
zyf_personal,zyf personal model,lyc,20260907_lyc_focus_02,data/locked/2026-09-07/lyc_focus_202609072034_raw.edf,focus,unfocus,144.0,148.0
zyf_personal,zyf personal model,lyc,20260907_lyc_focus_02,data/locked/2026-09-07/lyc_focus_202609072034_raw.edf,focus,unfocus,146.0,150.0
zyf_personal,zyf personal model,lyc,20260907_lyc_focus_02,data/locked/2026-09-07/lyc_focus_202609072034_raw.edf,focus,unfocus,148.0,152.0
zyf_personal,zyf personal model,lyc,20260907_lyc_focus_02,data/locked/2026-09-07/lyc_focus_202609072034_raw.edf,focus,unfocus,150.0,154.0
zyf_personal,zyf personal model,lyc,20260907_lyc_focus_02,data/locked/2026-09-07/lyc_focus_202609072034_raw.edf,focus,unfocus,152.0,156.0
zyf_personal,zyf personal model,lyc,20260907_lyc_focus_02,data/locked/2026-09-07/lyc_focus_202609072034_raw.edf,focus,unfocus,154.0,158.0
zyf_personal,zyf personal model,lyc,20260907_lyc_focus_02,data/locked/2026-09-07/lyc_focus_202609072034_raw.edf,focus,unfocus,156.0,160.0
zyf_personal,zyf personal model,lyc,20260907_lyc_focus_02,data/locked/2026-09-07/lyc_focus_202609072034_raw.edf,focus,unfocus,158.0,162.0
zyf_personal,zyf personal model,lyc,20260907_lyc_focus_02,data/locked/2026-09-07/lyc_focus_202609072034_raw.edf,focus,unfocus,160.0,164.0
zyf_personal,zyf personal model,lyc,20260907_lyc_focus_02,data/locked/2026-09-07/lyc_focus_202609072034_raw.edf,focus,unfocus,162.0,166.0
zyf_personal,zyf personal model,lyc,20260907_lyc_focus_02,data/locked/2026-09-07/lyc_focus_202609072034_raw.edf,focus,unfocus,164.0,168.0
zyf_personal,zyf personal model,lyc,20260907_lyc_focus_02,data/locked/2026-09-07/lyc_focus_202609072034_raw.edf,focus,unfocus,166.0,170.0
zyf_personal,zyf personal model,lyc,20260907_lyc_focus_02,data/locked/2026-09-07/lyc_focus_202609072034_raw.edf,focus,unfocus,168.0,172.0
zyf_personal,zyf personal model,lyc,20260907_lyc_focus_02,data/locked/2026-09-07/lyc_focus_202609072034_raw.edf,focus,unfocus,170.0,174.0
zyf_personal,zyf personal model,lyc,20260907_lyc_focus_02,data/locked/2026-09-07/lyc_focus_202609072034_raw.edf,focus,unfocus,172.0,176.0
zyf_personal,zyf personal model,lyc,20260907_lyc_focus_02,data/locked/2026-09-07/lyc_focus_202609072034_raw.edf,focus,unfocus,174.0,178.0
zyf_personal,zyf personal model,lyc,20260907_lyc_focus_02,data/locked/2026-09-07/lyc_focus_202609072034_raw.edf,focus,unfocus,176.0,180.0
zyf_personal,zyf personal model,lyc,20260907_lyc_focus_02,data/locked/2026-09-07/lyc_focus_202609072034_raw.edf,focus,unfocus,178.0,182.0
zyf_personal,zyf personal model,lyc,20260907_lyc_focus_02,data/locked/2026-09-07/lyc_focus_202609072034_raw.edf,focus,unfocus,180.0,184.0
zyf_personal,zyf personal model,lyc,20260907_lyc_focus_02,data/locked/2026-09-07/lyc_focus_202609072034_raw.edf,focus,unfocus,182.0,186.0
zyf_personal,zyf personal model,lyc,20260907_lyc_focus_02,data/locked/2026-09-07/lyc_focus_202609072034_raw.edf,focus,unfocus,184.0,188.0
zyf_personal,zyf personal model,lyc,20260907_lyc_focus_02,data/locked/2026-09-07/lyc_focus_202609072034_raw.edf,focus,unfocus,186.0,190.0
zyf_personal,zyf personal model,lyc,20260907_lyc_focus_02,data/locked/2026-09-07/lyc_focus_202609072034_raw.edf,focus,unfocus,188.0,192.0
zyf_personal,zyf personal model,lyc,20260907_lyc_focus_02,data/locked/2026-09-07/lyc_focus_202609072034_raw.edf,focus,unfocus,190.0,194.0
zyf_personal,zyf personal model,lyc,20260907_lyc_focus_02,data/locked/2026-09-07/lyc_focus_202609072034_raw.edf,focus,unfocus,192.0,196.0
zyf_personal,zyf personal model,lyc,20260907_lyc_focus_02,data/locked/2026-09-07/lyc_focus_202609072034_raw.edf,focus,unfocus,194.0,198.0
zyf_personal,zyf personal model,lyc,20260907_lyc_focus_02,data/locked/2026-09-07/lyc_focus_202609072034_raw.edf,focus,unfocus,196.0,200.0
zyf_personal,zyf personal model,lyc,20260907_lyc_focus_02,data/locked/2026-09-07/lyc_focus_202609072034_raw.edf,focus,unfocus,198.0,202.0
zyf_personal,zyf personal model,lyc,20260907_lyc_focus_02,data/locked/2026-09-07/lyc_focus_202609072034_raw.edf,focus,unfocus,200.0,204.0
zyf_personal,zyf personal model,lyc,20260907_lyc_focus_02,data/locked/2026-09-07/lyc_focus_202609072034_raw.edf,focus,unfocus,202.0,206.0
zyf_personal,zyf personal model,lyc,20260907_lyc_focus_02,data/locked/2026-09-07/lyc_focus_202609072034_raw.edf,focus,unfocus,204.0,208.0
zyf_personal,zyf personal model,lyc,20260907_lyc_focus_02,data/locked/2026-09-07/lyc_focus_202609072034_raw.edf,focus,unfocus,206.0,210.0
zyf_personal,zyf personal model,lyc,20260907_lyc_focus_02,data/locked/2026-09-07/lyc_focus_202609072034_raw.edf,focus,unfocus,208.0,212.0
zyf_personal,zyf personal model,lyc,20260907_lyc_focus_02,data/locked/2026-09-07/lyc_focus_202609072034_raw.edf,focus,unfocus,210.0,214.0
zyf_personal,zyf personal model,lyc,20260907_lyc_focus_02,data/locked/2026-09-07/lyc_focus_202609072034_raw.edf,focus,unfocus,212.0,216.0
zyf_personal,zyf personal model,lyc,20260907_lyc_focus_02,data/locked/2026-09-07/lyc_focus_202609072034_raw.edf,focus,unfocus,214.0,218.0
zyf_personal,zyf personal model,lyc,20260907_lyc_focus_02,data/locked/2026-09-07/lyc_focus_202609072034_raw.edf,focus,unfocus,216.0,220.0
zyf_personal,zyf personal model,lyc,20260907_lyc_focus_02,data/locked/2026-09-07/lyc_focus_202609072034_raw.edf,focus,unfocus,218.0,222.0
zyf_personal,zyf personal model,lyc,20260907_lyc_focus_02,data/locked/2026-09-07/lyc_focus_202609072034_raw.edf,focus,unfocus,220.0,224.0
zyf_personal,zyf personal model,lyc,20260907_lyc_focus_02,data/locked/2026-09-07/lyc_focus_202609072034_raw.edf,focus,unfocus,222.0,226.0
zyf_personal,zyf personal model,lyc,20260907_lyc_focus_02,data/locked/2026-09-07/lyc_focus_202609072034_raw.edf,focus,unfocus,224.0,228.0
zyf_personal,zyf personal model,lyc,20260907_lyc_focus_02,data/locked/2026-09-07/lyc_focus_202609072034_raw.edf,focus,unfocus,226.0,230.0
zyf_personal,zyf personal model,lyc,20260907_lyc_focus_02,data/locked/2026-09-07/lyc_focus_202609072034_raw.edf,focus,unfocus,228.0,232.0
zyf_personal,zyf personal model,lyc,20260907_lyc_focus_02,data/locked/2026-09-07/lyc_focus_202609072034_raw.edf,focus,unfocus,230.0,234.0
zyf_personal,zyf personal model,lyc,20260907_lyc_focus_02,data/locked/2026-09-07/lyc_focus_202609072034_raw.edf,focus,unfocus,232.0,236.0
zyf_personal,zyf personal model,lyc,20260907_lyc_focus_02,data/locked/2026-09-07/lyc_focus_202609072034_raw.edf,focus,unfocus,234.0,238.0
zyf_personal,zyf personal model,lyc,20260907_lyc_focus_02,data/locked/2026-09-07/lyc_focus_202609072034_raw.edf,focus,unfocus,236.0,240.0
zyf_personal,zyf personal model,lyc,20260907_lyc_focus_02,data/locked/2026-09-07/lyc_focus_202609072034_raw.edf,focus,unfocus,238.0,242.0
zyf_personal,zyf personal model,lyc,20260907_lyc_focus_02,data/locked/2026-09-07/lyc_focus_202609072034_raw.edf,focus,unfocus,240.0,244.0
zyf_personal,zyf personal model,lyc,20260907_lyc_focus_02,data/locked/2026-09-07/lyc_focus_202609072034_raw.edf,focus,unfocus,242.0,246.0
zyf_personal,zyf personal model,lyc,20260907_lyc_focus_02,data/locked/2026-09-07/lyc_focus_202609072034_raw.edf,focus,unfocus,244.0,248.0
zyf_personal,zyf personal model,lyc,20260907_lyc_focus_02,data/locked/2026-09-07/lyc_focus_202609072034_raw.edf,focus,unfocus,246.0,250.0
zyf_personal,zyf personal model,lyc,20260907_lyc_focus_02,data/locked/2026-09-07/lyc_focus_202609072034_raw.edf,focus,unfocus,248.0,252.0
zyf_personal,zyf personal model,lyc,20260907_lyc_focus_02,data/locked/2026-09-07/lyc_focus_202609072034_raw.edf,focus,unfocus,250.0,254.0
zyf_personal,zyf personal model,lyc,20260907_lyc_focus_02,data/locked/2026-09-07/lyc_focus_202609072034_raw.edf,focus,unfocus,252.0,256.0
zyf_personal,zyf personal model,lyc,20260907_lyc_focus_02,data/locked/2026-09-07/lyc_focus_202609072034_raw.edf,focus,unfocus,254.0,258.0
zyf_personal,zyf personal model,lyc,20260907_lyc_focus_02,data/locked/2026-09-07/lyc_focus_202609072034_raw.edf,focus,unfocus,256.0,260.0
zyf_personal,zyf personal model,lyc,20260907_lyc_focus_02,data/locked/2026-09-07/lyc_focus_202609072034_raw.edf,focus,unfocus,258.0,262.0
zyf_personal,zyf personal model,lyc,20260907_lyc_focus_02,data/locked/2026-09-07/lyc_focus_202609072034_raw.edf,focus,unfocus,260.0,264.0
zyf_personal,zyf personal model,lyc,20260907_lyc_focus_02,data/locked/2026-09-07/lyc_focus_202609072034_raw.edf,focus,unfocus,262.0,266.0
zyf_personal,zyf personal model,lyc,20260907_lyc_focus_02,data/locked/2026-09-07/lyc_focus_202609072034_raw.edf,focus,unfocus,264.0,268.0
zyf_personal,zyf personal model,lyc,20260907_lyc_focus_02,data/locked/2026-09-07/lyc_focus_202609072034_raw.edf,focus,unfocus,266.0,270.0
zyf_personal,zyf personal model,lyc,20260907_lyc_focus_02,data/locked/2026-09-07/lyc_focus_202609072034_raw.edf,focus,unfocus,268.0,272.0
zyf_personal,zyf personal model,lyc,20260907_lyc_focus_02,data/locked/2026-09-07/lyc_focus_202609072034_raw.edf,focus,unfocus,270.0,274.0
zyf_personal,zyf personal model,lyc,20260907_lyc_focus_02,data/locked/2026-09-07/lyc_focus_202609072034_raw.edf,focus,unfocus,272.0,276.0
zyf_personal,zyf personal model,lyc,20260907_lyc_focus_02,data/locked/2026-09-07/lyc_focus_202609072034_raw.edf,focus,unfocus,274.0,278.0
zyf_personal,zyf personal model,lyc,20260907_lyc_focus_02,data/locked/2026-09-07/lyc_focus_202609072034_raw.edf,focus,unfocus,276.0,280.0
zyf_personal,zyf personal model,lyc,20260907_lyc_focus_02,data/locked/2026-09-07/lyc_focus_202609072034_raw.edf,focus,unfocus,278.0,282.0
zyf_personal,zyf personal model,lyc,20260907_lyc_focus_02,data/locked/2026-09-07/lyc_focus_202609072034_raw.edf,focus,unfocus,280.0,284.0
zyf_personal,zyf personal model,lyc,20260907_lyc_focus_02,data/locked/2026-09-07/lyc_focus_202609072034_raw.edf,focus,unfocus,282.0,286.0
zyf_personal,zyf personal model,lyc,20260907_lyc_focus_02,data/locked/2026-09-07/lyc_focus_202609072034_raw.edf,focus,unfocus,284.0,288.0
zyf_personal,zyf personal model,lyc,20260907_lyc_focus_02,data/locked/2026-09-07/lyc_focus_202609072034_raw.edf,focus,unfocus,286.0,290.0
zyf_personal,zyf personal model,lyc,20260907_lyc_focus_02,data/locked/2026-09-07/lyc_focus_202609072034_raw.edf,focus,unfocus,288.0,292.0
zyf_personal,zyf personal model,lyc,20260907_lyc_focus_02,data/locked/2026-09-07/lyc_focus_202609072034_raw.edf,focus,unfocus,290.0,294.0
zyf_personal,zyf personal model,lyc,20260907_lyc_focus_02,data/locked/2026-09-07/lyc_focus_202609072034_raw.edf,focus,unfocus,292.0,296.0
zyf_personal,zyf personal model,lyc,20260907_lyc_focus_02,data/locked/2026-09-07/lyc_focus_202609072034_raw.edf,focus,unfocus,294.0,298.0
zyf_personal,zyf personal model,lyc,20260907_lyc_focus_02,data/locked/2026-09-07/lyc_focus_202609072034_raw.edf,focus,unfocus,296.0,300.0
zyf_personal,zyf personal model,lyc,20260907_lyc_focus_02,data/locked/2026-09-07/lyc_focus_202609072034_raw.edf,focus,unfocus,298.0,302.0
zyf_personal,zyf personal model,lyc,20260907_lyc_focus_02,data/locked/2026-09-07/lyc_focus_202609072034_raw.edf,focus,unfocus,300.0,304.0
zyf_personal,zyf personal model,lyc,20260907_lyc_focus_02,data/locked/2026-09-07/lyc_focus_202609072034_raw.edf,focus,unfocus,302.0,306.0
zyf_personal,zyf personal model,lyc,20260907_lyc_focus_02,data/locked/2026-09-07/lyc_focus_202609072034_raw.edf,focus,unfocus,304.0,308.0
zyf_personal,zyf personal model,lyc,20260907_lyc_focus_02,data/locked/2026-09-07/lyc_focus_202609072034_raw.edf,focus,unfocus,306.0,310.0
zyf_personal,zyf personal model,lyc,20260907_lyc_focus_02,data/locked/2026-09-07/lyc_focus_202609072034_raw.edf,focus,unfocus,308.0,312.0
zyf_personal,zyf personal model,lyc,20260907_lyc_focus_02,data/locked/2026-09-07/lyc_focus_202609072034_raw.edf,focus,unfocus,310.0,314.0
zyf_personal,zyf personal model,lyc,20260907_lyc_focus_02,data/locked/2026-09-07/lyc_focus_202609072034_raw.edf,focus,unfocus,312.0,316.0
zyf_personal,zyf personal model,lyc,20260907_lyc_focus_02,data/locked/2026-09-07/lyc_focus_202609072034_raw.edf,focus,unfocus,314.0,318.0
zyf_personal,zyf personal model,lyc,20260907_lyc_focus_02,data/locked/2026-09-07/lyc_focus_202609072034_raw.edf,focus,unfocus,316.0,320.0
zyf_personal,zyf personal model,lyc,20260907_lyc_focus_02,data/locked/2026-09-07/lyc_focus_202609072034_raw.edf,focus,unfocus,318.0,322.0
zyf_personal,zyf personal model,lyc,20260907_lyc_focus_02,data/locked/2026-09-07/lyc_focus_202609072034_raw.edf,focus,unfocus,320.0,324.0
zyf_personal,zyf personal model,lyc,20260907_lyc_focus_02,data/locked/2026-09-07/lyc_focus_202609072034_raw.edf,focus,unfocus,322.0,326.0
zyf_personal,zyf personal model,lyc,20260907_lyc_focus_02,data/locked/2026-09-07/lyc_focus_202609072034_raw.edf,focus,unfocus,324.0,328.0
zyf_personal,zyf personal model,lyc,20260907_lyc_focus_02,data/locked/2026-09-07/lyc_focus_202609072034_raw.edf,focus,unfocus,326.0,330.0
zyf_personal,zyf personal model,lyc,20260907_lyc_focus_02,data/locked/2026-09-07/lyc_focus_202609072034_raw.edf,focus,unfocus,328.0,332.0
zyf_personal,zyf personal model,lyc,20260907_lyc_focus_02,data/locked/2026-09-07/lyc_focus_202609072034_raw.edf,focus,unfocus,330.0,334.0
zyf_personal,zyf personal model,lyc,20260907_lyc_focus_02,data/locked/2026-09-07/lyc_focus_202609072034_raw.edf,focus,unfocus,332.0,336.0
zyf_personal,zyf personal model,lyc,20260907_lyc_focus_02,data/locked/2026-09-07/lyc_focus_202609072034_raw.edf,focus,unfocus,334.0,338.0
zyf_personal,zyf personal model,lyc,20260907_lyc_focus_02,data/locked/2026-09-07/lyc_focus_202609072034_raw.edf,focus,unfocus,336.0,340.0
zyf_personal,zyf personal model,lyc,20260907_lyc_focus_02,data/locked/2026-09-07/lyc_focus_202609072034_raw.edf,focus,unfocus,338.0,342.0
zyf_personal,zyf personal model,lyc,20260907_lyc_focus_02,data/locked/2026-09-07/lyc_focus_202609072034_raw.edf,focus,unfocus,340.0,344.0
zyf_personal,zyf personal model,lyc,20260907_lyc_focus_02,data/locked/2026-09-07/lyc_focus_202609072034_raw.edf,focus,unfocus,342.0,346.0
zyf_personal,zyf personal model,lyc,20260907_lyc_focus_02,data/locked/2026-09-07/lyc_focus_202609072034_raw.edf,focus,unfocus,344.0,348.0
zyf_personal,zyf personal model,lyc,20260907_lyc_focus_02,data/locked/2026-09-07/lyc_focus_202609072034_raw.edf,focus,unfocus,346.0,350.0
zyf_personal,zyf personal model,lyc,20260907_lyc_focus_02,data/locked/2026-09-07/lyc_focus_202609072034_raw.edf,focus,unfocus,348.0,352.0
zyf_personal,zyf personal model,lyc,20260907_lyc_focus_02,data/locked/2026-09-07/lyc_focus_202609072034_raw.edf,focus,unfocus,350.0,354.0
zyf_personal,zyf personal model,lyc,20260907_lyc_focus_02,data/locked/2026-09-07/lyc_focus_202609072034_raw.edf,focus,unfocus,352.0,356.0
zyf_personal,zyf personal model,lyc,20260907_lyc_focus_02,data/locked/2026-09-07/lyc_focus_202609072034_raw.edf,focus,unfocus,354.0,358.0
zyf_personal,zyf personal model,lyc,20260907_lyc_focus_02,data/locked/2026-09-07/lyc_focus_202609072034_raw.edf,focus,unfocus,356.0,360.0
zyf_personal,zyf personal model,lyc,20260907_lyc_focus_02,data/locked/2026-09-07/lyc_focus_202609072034_raw.edf,focus,unfocus,358.0,362.0
zyf_personal,zyf personal model,lyc,20260907_lyc_focus_02,data/locked/2026-09-07/lyc_focus_202609072034_raw.edf,focus,unfocus,360.0,364.0
zyf_personal,zyf personal model,lyc,20260907_lyc_focus_02,data/locked/2026-09-07/lyc_focus_202609072034_raw.edf,focus,unfocus,362.0,366.0
zyf_personal,zyf personal model,lyc,20260907_lyc_focus_02,data/locked/2026-09-07/lyc_focus_202609072034_raw.edf,focus,unfocus,364.0,368.0
zyf_personal,zyf personal model,lyc,20260907_lyc_focus_02,data/locked/2026-09-07/lyc_focus_202609072034_raw.edf,focus,unfocus,366.0,370.0
zyf_personal,zyf personal model,lyc,20260907_lyc_focus_02,data/locked/2026-09-07/lyc_focus_202609072034_raw.edf,focus,unfocus,368.0,372.0
zyf_personal,zyf personal model,lyc,20260907_lyc_focus_02,data/locked/2026-09-07/lyc_focus_202609072034_raw.edf,focus,unfocus,370.0,374.0
zyf_personal,zyf personal model,lyc,20260907_lyc_focus_02,data/locked/2026-09-07/lyc_focus_202609072034_raw.edf,focus,unfocus,372.0,376.0
zyf_personal,zyf personal model,lyc,20260907_lyc_focus_02,data/locked/2026-09-07/lyc_focus_202609072034_raw.edf,focus,unfocus,374.0,378.0
zyf_personal,zyf personal model,lyc,20260907_lyc_focus_02,data/locked/2026-09-07/lyc_focus_202609072034_raw.edf,focus,unfocus,376.0,380.0
zyf_personal,zyf personal model,lyc,20260907_lyc_focus_02,data/locked/2026-09-07/lyc_focus_202609072034_raw.edf,focus,unfocus,378.0,382.0
zyf_personal,zyf personal model,lyc,20260907_lyc_focus_02,data/locked/2026-09-07/lyc_focus_202609072034_raw.edf,focus,unfocus,380.0,384.0
zyf_personal,zyf personal model,lyc,20260907_lyc_focus_02,data/locked/2026-09-07/lyc_focus_202609072034_raw.edf,focus,unfocus,382.0,386.0
zyf_personal,zyf personal model,lyc,20260907_lyc_focus_02,data/locked/2026-09-07/lyc_focus_202609072034_raw.edf,focus,unfocus,384.0,388.0
zyf_personal,zyf personal model,lyc,20260907_lyc_focus_02,data/locked/2026-09-07/lyc_focus_202609072034_raw.edf,focus,unfocus,386.0,390.0
zyf_personal,zyf personal model,lyc,20260907_lyc_focus_02,data/locked/2026-09-07/lyc_focus_202609072034_raw.edf,focus,unfocus,388.0,392.0
zyf_personal,zyf personal model,lyc,20260907_lyc_focus_02,data/locked/2026-09-07/lyc_focus_202609072034_raw.edf,focus,unfocus,390.0,394.0
zyf_personal,zyf personal model,lyc,20260907_lyc_focus_02,data/locked/2026-09-07/lyc_focus_202609072034_raw.edf,focus,unfocus,392.0,396.0
zyf_personal,zyf personal model,lyc,20260907_lyc_focus_02,data/locked/2026-09-07/lyc_focus_202609072034_raw.edf,focus,unfocus,394.0,398.0
zyf_personal,zyf personal model,lyc,20260907_lyc_focus_02,data/locked/2026-09-07/lyc_focus_202609072034_raw.edf,focus,unfocus,396.0,400.0
zyf_personal,zyf personal model,lyc,20260907_lyc_focus_02,data/locked/2026-09-07/lyc_focus_202609072034_raw.edf,focus,unfocus,398.0,402.0
zyf_personal,zyf personal model,lyc,20260907_lyc_focus_02,data/locked/2026-09-07/lyc_focus_202609072034_raw.edf,focus,unfocus,400.0,404.0
zyf_personal,zyf personal model,lyc,20260907_lyc_focus_02,data/locked/2026-09-07/lyc_focus_202609072034_raw.edf,focus,unfocus,402.0,406.0
zyf_personal,zyf personal model,lyc,20260907_lyc_focus_02,data/locked/2026-09-07/lyc_focus_202609072034_raw.edf,focus,unfocus,404.0,408.0
zyf_personal,zyf personal model,lyc,20260907_lyc_focus_02,data/locked/2026-09-07/lyc_focus_202609072034_raw.edf,focus,unfocus,406.0,410.0
zyf_personal,zyf personal model,lyc,20260907_lyc_focus_02,data/locked/2026-09-07/lyc_focus_202609072034_raw.edf,focus,unfocus,408.0,412.0
zyf_personal,zyf personal model,lyc,20260907_lyc_focus_02,data/locked/2026-09-07/lyc_focus_202609072034_raw.edf,focus,unfocus,410.0,414.0
zyf_personal,zyf personal model,lyc,20260907_lyc_focus_02,data/locked/2026-09-07/lyc_focus_202609072034_raw.edf,focus,unfocus,412.0,416.0
zyf_personal,zyf personal model,lyc,20260907_lyc_focus_02,data/locked/2026-09-07/lyc_focus_202609072034_raw.edf,focus,unfocus,414.0,418.0
zyf_personal,zyf personal model,lyc,20260907_lyc_focus_02,data/locked/2026-09-07/lyc_focus_202609072034_raw.edf,focus,unfocus,416.0,420.0
zyf_personal,zyf personal model,lyc,20260907_lyc_focus_02,data/locked/2026-09-07/lyc_focus_202609072034_raw.edf,focus,unfocus,418.0,422.0
zyf_personal,zyf personal model,lyc,20260907_lyc_focus_02,data/locked/2026-09-07/lyc_focus_202609072034_raw.edf,focus,unfocus,420.0,424.0
zyf_personal,zyf personal model,lyc,20260907_lyc_focus_02,data/locked/2026-09-07/lyc_focus_202609072034_raw.edf,focus,unfocus,422.0,426.0
zyf_personal,zyf personal model,lyc,20260907_lyc_focus_02,data/locked/2026-09-07/lyc_focus_202609072034_raw.edf,focus,unfocus,424.0,428.0
zyf_personal,zyf personal model,lyc,20260907_lyc_focus_02,data/locked/2026-09-07/lyc_focus_202609072034_raw.edf,focus,unfocus,426.0,430.0
zyf_personal,zyf personal model,lyc,20260907_lyc_focus_02,data/locked/2026-09-07/lyc_focus_202609072034_raw.edf,focus,unfocus,428.0,432.0
zyf_personal,zyf personal model,lyc,20260907_lyc_focus_02,data/locked/2026-09-07/lyc_focus_202609072034_raw.edf,focus,unfocus,430.0,434.0
zyf_personal,zyf personal model,lyc,20260907_lyc_focus_02,data/locked/2026-09-07/lyc_focus_202609072034_raw.edf,focus,unfocus,432.0,436.0
zyf_personal,zyf personal model,lyc,20260907_lyc_focus_02,data/locked/2026-09-07/lyc_focus_202609072034_raw.edf,focus,unfocus,434.0,438.0
zyf_personal,zyf personal model,lyc,20260907_lyc_focus_02,data/locked/2026-09-07/lyc_focus_202609072034_raw.edf,focus,unfocus,436.0,440.0
zyf_personal,zyf personal model,lyc,20260907_lyc_focus_02,data/locked/2026-09-07/lyc_focus_202609072034_raw.edf,focus,unfocus,438.0,442.0
zyf_personal,zyf personal model,lyc,20260907_lyc_focus_02,data/locked/2026-09-07/lyc_focus_202609072034_raw.edf,focus,unfocus,440.0,444.0
zyf_personal,zyf personal model,lyc,20260907_lyc_focus_02,data/locked/2026-09-07/lyc_focus_202609072034_raw.edf,focus,unfocus,442.0,446.0
zyf_personal,zyf personal model,lyc,20260907_lyc_focus_02,data/locked/2026-09-07/lyc_focus_202609072034_raw.edf,focus,unfocus,444.0,448.0
zyf_personal,zyf personal model,lyc,20260907_lyc_focus_02,data/locked/2026-09-07/lyc_focus_202609072034_raw.edf,focus,unfocus,446.0,450.0
zyf_personal,zyf personal model,lyc,20260907_lyc_focus_02,data/locked/2026-09-07/lyc_focus_202609072034_raw.edf,focus,unfocus,448.0,452.0
zyf_personal,zyf personal model,lyc,20260907_lyc_focus_02,data/locked/2026-09-07/lyc_focus_202609072034_raw.edf,focus,unfocus,450.0,454.0
zyf_personal,zyf personal model,lyc,20260907_lyc_focus_02,data/locked/2026-09-07/lyc_focus_202609072034_raw.edf,focus,unfocus,452.0,456.0
zyf_personal,zyf personal model,lyc,20260907_lyc_focus_02,data/locked/2026-09-07/lyc_focus_202609072034_raw.edf,focus,unfocus,454.0,458.0
zyf_personal,zyf personal model,lyc,20260907_lyc_focus_02,data/locked/2026-09-07/lyc_focus_202609072034_raw.edf,focus,unfocus,456.0,460.0
zyf_personal,zyf personal model,lyc,20260907_lyc_focus_02,data/locked/2026-09-07/lyc_focus_202609072034_raw.edf,focus,unfocus,458.0,462.0
zyf_personal,zyf personal model,lyc,20260907_lyc_focus_02,data/locked/2026-09-07/lyc_focus_202609072034_raw.edf,focus,unfocus,460.0,464.0
zyf_personal,zyf personal model,lyc,20260907_lyc_focus_02,data/locked/2026-09-07/lyc_focus_202609072034_raw.edf,focus,unfocus,462.0,466.0
zyf_personal,zyf personal model,lyc,20260907_lyc_focus_02,data/locked/2026-09-07/lyc_focus_202609072034_raw.edf,focus,unfocus,464.0,468.0
zyf_personal,zyf personal model,lyc,20260907_lyc_focus_02,data/locked/2026-09-07/lyc_focus_202609072034_raw.edf,focus,unfocus,466.0,470.0
zyf_personal,zyf personal model,lyc,20260907_lyc_focus_02,data/locked/2026-09-07/lyc_focus_202609072034_raw.edf,focus,unfocus,468.0,472.0
zyf_personal,zyf personal model,lyc,20260907_lyc_focus_02,data/locked/2026-09-07/lyc_focus_202609072034_raw.edf,focus,unfocus,470.0,474.0
zyf_personal,zyf personal model,lyc,20260907_lyc_focus_02,data/locked/2026-09-07/lyc_focus_202609072034_raw.edf,focus,unfocus,472.0,476.0
zyf_personal,zyf personal model,lyc,20260907_lyc_focus_02,data/locked/2026-09-07/lyc_focus_202609072034_raw.edf,focus,unfocus,474.0,478.0
zyf_personal,zyf personal model,lyc,20260907_lyc_focus_02,data/locked/2026-09-07/lyc_focus_202609072034_raw.edf,focus,unfocus,476.0,480.0
zyf_personal,zyf personal model,lyc,20260907_lyc_focus_02,data/locked/2026-09-07/lyc_focus_202609072034_raw.edf,focus,unfocus,478.0,482.0
zyf_personal,zyf personal model,lyc,20260907_lyc_focus_02,data/locked/2026-09-07/lyc_focus_202609072034_raw.edf,focus,unfocus,480.0,484.0
zyf_personal,zyf personal model,lyc,20260907_lyc_focus_02,data/locked/2026-09-07/lyc_focus_202609072034_raw.edf,focus,unfocus,482.0,486.0
zyf_personal,zyf personal model,lyc,20260907_lyc_focus_02,data/locked/2026-09-07/lyc_focus_202609072034_raw.edf,focus,unfocus,484.0,488.0
zyf_personal,zyf personal model,lyc,20260907_lyc_focus_02,data/locked/2026-09-07/lyc_focus_202609072034_raw.edf,focus,unfocus,486.0,490.0
zyf_personal,zyf personal model,lyc,20260907_lyc_focus_02,data/locked/2026-09-07/lyc_focus_202609072034_raw.edf,focus,unfocus,488.0,492.0
zyf_personal,zyf personal model,lyc,20260907_lyc_focus_02,data/locked/2026-09-07/lyc_focus_202609072034_raw.edf,focus,unfocus,490.0,494.0
zyf_personal,zyf personal model,lyc,20260907_lyc_focus_02,data/locked/2026-09-07/lyc_focus_202609072034_raw.edf,focus,unfocus,492.0,496.0
zyf_personal,zyf personal model,lyc,20260907_lyc_focus_02,data/locked/2026-09-07/lyc_focus_202609072034_raw.edf,focus,unfocus,494.0,498.0
zyf_personal,zyf personal model,lyc,20260907_lyc_focus_02,data/locked/2026-09-07/lyc_focus_202609072034_raw.edf,focus,unfocus,496.0,500.0
zyf_personal,zyf personal model,lyc,20260907_lyc_focus_02,data/locked/2026-09-07/lyc_focus_202609072034_raw.edf,focus,unfocus,498.0,502.0
zyf_personal,zyf personal model,lyc,20260907_lyc_focus_02,data/locked/2026-09-07/lyc_focus_202609072034_raw.edf,focus,unfocus,500.0,504.0
zyf_personal,zyf personal model,lyc,20260907_lyc_focus_02,data/locked/2026-09-07/lyc_focus_202609072034_raw.edf,focus,unfocus,502.0,506.0
zyf_personal,zyf personal model,lyc,20260907_lyc_focus_02,data/locked/2026-09-07/lyc_focus_202609072034_raw.edf,focus,unfocus,504.0,508.0
zyf_personal,zyf personal model,lyc,20260907_lyc_focus_02,data/locked/2026-09-07/lyc_focus_202609072034_raw.edf,focus,unfocus,506.0,510.0
zyf_personal,zyf personal model,lyc,20260907_lyc_focus_02,data/locked/2026-09-07/lyc_focus_202609072034_raw.edf,focus,unfocus,508.0,512.0
zyf_personal,zyf personal model,lyc,20260907_lyc_focus_02,data/locked/2026-09-07/lyc_focus_202609072034_raw.edf,focus,unfocus,510.0,514.0
zyf_personal,zyf personal model,lyc,20260907_lyc_focus_02,data/locked/2026-09-07/lyc_focus_202609072034_raw.edf,focus,unfocus,512.0,516.0
zyf_personal,zyf personal model,lyc,20260907_lyc_focus_02,data/locked/2026-09-07/lyc_focus_202609072034_raw.edf,focus,unfocus,514.0,518.0
zyf_personal,zyf personal model,lyc,20260907_lyc_focus_02,data/locked/2026-09-07/lyc_focus_202609072034_raw.edf,focus,unfocus,516.0,520.0
zyf_personal,zyf personal model,lyc,20260907_lyc_focus_02,data/locked/2026-09-07/lyc_focus_202609072034_raw.edf,focus,unfocus,518.0,522.0
zyf_personal,zyf personal model,lyc,20260907_lyc_focus_02,data/locked/2026-09-07/lyc_focus_202609072034_raw.edf,focus,unfocus,520.0,524.0
zyf_personal,zyf personal model,lyc,20260907_lyc_focus_02,data/locked/2026-09-07/lyc_focus_202609072034_raw.edf,focus,unfocus,522.0,526.0
zyf_personal,zyf personal model,lyc,20260907_lyc_focus_02,data/locked/2026-09-07/lyc_focus_202609072034_raw.edf,focus,unfocus,524.0,528.0
zyf_personal,zyf personal model,lyc,20260907_lyc_focus_02,data/locked/2026-09-07/lyc_focus_202609072034_raw.edf,focus,unfocus,526.0,530.0
zyf_personal,zyf personal model,lyc,20260907_lyc_focus_02,data/locked/2026-09-07/lyc_focus_202609072034_raw.edf,focus,unfocus,528.0,532.0
zyf_personal,zyf personal model,lyc,20260907_lyc_focus_02,data/locked/2026-09-07/lyc_focus_202609072034_raw.edf,focus,unfocus,530.0,534.0
zyf_personal,zyf personal model,lyc,20260907_lyc_focus_02,data/locked/2026-09-07/lyc_focus_202609072034_raw.edf,focus,unfocus,532.0,536.0
zyf_personal,zyf personal model,lyc,20260907_lyc_focus_02,data/locked/2026-09-07/lyc_focus_202609072034_raw.edf,focus,unfocus,534.0,538.0
zyf_personal,zyf personal model,lyc,20260907_lyc_focus_02,data/locked/2026-09-07/lyc_focus_202609072034_raw.edf,focus,unfocus,536.0,540.0
zyf_personal,zyf personal model,lyc,20260907_lyc_focus_02,data/locked/2026-09-07/lyc_focus_202609072034_raw.edf,focus,unfocus,538.0,542.0
zyf_personal,zyf personal model,lyc,20260907_lyc_focus_02,data/locked/2026-09-07/lyc_focus_202609072034_raw.edf,focus,unfocus,540.0,544.0
zyf_personal,zyf personal model,lyc,20260907_lyc_focus_02,data/locked/2026-09-07/lyc_focus_202609072034_raw.edf,focus,unfocus,542.0,546.0
zyf_personal,zyf personal model,lyc,20260907_lyc_focus_02,data/locked/2026-09-07/lyc_focus_202609072034_raw.edf,focus,unfocus,544.0,548.0
zyf_personal,zyf personal model,lyc,20260907_lyc_focus_02,data/locked/2026-09-07/lyc_focus_202609072034_raw.edf,focus,unfocus,546.0,550.0
zyf_personal,zyf personal model,lyc,20260907_lyc_focus_02,data/locked/2026-09-07/lyc_focus_202609072034_raw.edf,focus,unfocus,548.0,552.0
zyf_personal,zyf personal model,lyc,20260907_lyc_focus_02,data/locked/2026-09-07/lyc_focus_202609072034_raw.edf,focus,unfocus,550.0,554.0
zyf_personal,zyf personal model,lyc,20260907_lyc_focus_02,data/locked/2026-09-07/lyc_focus_202609072034_raw.edf,focus,unfocus,552.0,556.0
zyf_personal,zyf personal model,lyc,20260907_lyc_focus_02,data/locked/2026-09-07/lyc_focus_202609072034_raw.edf,focus,unfocus,554.0,558.0
zyf_personal,zyf personal model,lyc,20260907_lyc_focus_02,data/locked/2026-09-07/lyc_focus_202609072034_raw.edf,focus,unfocus,556.0,560.0
zyf_personal,zyf personal model,lyc,20260907_lyc_focus_02,data/locked/2026-09-07/lyc_focus_202609072034_raw.edf,focus,unfocus,558.0,562.0
zyf_personal,zyf personal model,lyc,20260907_lyc_focus_02,data/locked/2026-09-07/lyc_focus_202609072034_raw.edf,focus,unfocus,560.0,564.0
zyf_personal,zyf personal model,lyc,20260907_lyc_focus_02,data/locked/2026-09-07/lyc_focus_202609072034_raw.edf,focus,unfocus,562.0,566.0
zyf_personal,zyf personal model,lyc,20260907_lyc_focus_02,data/locked/2026-09-07/lyc_focus_202609072034_raw.edf,focus,unfocus,564.0,568.0
zyf_personal,zyf personal model,lyc,20260907_lyc_focus_02,data/locked/2026-09-07/lyc_focus_202609072034_raw.edf,focus,unfocus,566.0,570.0
zyf_personal,zyf personal model,lyc,20260907_lyc_focus_02,data/locked/2026-09-07/lyc_focus_202609072034_raw.edf,focus,unfocus,568.0,572.0
zyf_personal,zyf personal model,lyc,20260907_lyc_focus_02,data/locked/2026-09-07/lyc_focus_202609072034_raw.edf,focus,unfocus,570.0,574.0
zyf_personal,zyf personal model,lyc,20260907_lyc_focus_02,data/locked/2026-09-07/lyc_focus_202609072034_raw.edf,focus,unfocus,572.0,576.0
zyf_personal,zyf personal model,lyc,20260907_lyc_focus_02,data/locked/2026-09-07/lyc_focus_202609072034_raw.edf,focus,unfocus,574.0,578.0
zyf_personal,zyf personal model,lyc,20260907_lyc_focus_02,data/locked/2026-09-07/lyc_focus_202609072034_raw.edf,focus,unfocus,576.0,580.0
zyf_personal,zyf personal model,lyc,20260907_lyc_focus_02,data/locked/2026-09-07/lyc_focus_202609072034_raw.edf,focus,unfocus,578.0,582.0
zyf_personal,zyf personal model,lyc,20260907_lyc_focus_02,data/locked/2026-09-07/lyc_focus_202609072034_raw.edf,focus,unfocus,580.0,584.0
zyf_personal,zyf personal model,lyc,20260907_lyc_focus_02,data/locked/2026-09-07/lyc_focus_202609072034_raw.edf,focus,unfocus,582.0,586.0
zyf_personal,zyf personal model,lyc,20260907_lyc_focus_02,data/locked/2026-09-07/lyc_focus_202609072034_raw.edf,focus,unfocus,584.0,588.0
zyf_personal,zyf personal model,lyc,20260907_lyc_focus_02,data/locked/2026-09-07/lyc_focus_202609072034_raw.edf,focus,unfocus,586.0,590.0
zyf_personal,zyf personal model,lyc,20260907_lyc_focus_02,data/locked/2026-09-07/lyc_focus_202609072034_raw.edf,focus,unfocus,588.0,592.0
zyf_personal,zyf personal model,lyc,20260907_lyc_focus_02,data/locked/2026-09-07/lyc_focus_202609072034_raw.edf,focus,unfocus,590.0,594.0
zyf_personal,zyf personal model,lyc,20260907_lyc_focus_02,data/locked/2026-09-07/lyc_focus_202609072034_raw.edf,focus,unfocus,592.0,596.0
zyf_personal,zyf personal model,lyc,20260907_lyc_focus_02,data/locked/2026-09-07/lyc_focus_202609072034_raw.edf,focus,unfocus,594.0,598.0
pooled,Existing pooled frozen model,lyc,20260907_lyc_unfocus_01,data/locked/2026-09-07/lyc_unfocus1_20260907.edf,unfocus,focus,30.0,34.0
pooled,Existing pooled frozen model,lyc,20260907_lyc_unfocus_01,data/locked/2026-09-07/lyc_unfocus1_20260907.edf,unfocus,focus,32.0,36.0
pooled,Existing pooled frozen model,lyc,20260907_lyc_unfocus_01,data/locked/2026-09-07/lyc_unfocus1_20260907.edf,unfocus,focus,34.0,38.0
pooled,Existing pooled frozen model,lyc,20260907_lyc_unfocus_01,data/locked/2026-09-07/lyc_unfocus1_20260907.edf,unfocus,focus,36.0,40.0
pooled,Existing pooled frozen model,lyc,20260907_lyc_unfocus_01,data/locked/2026-09-07/lyc_unfocus1_20260907.edf,unfocus,unfocus,38.0,42.0
pooled,Existing pooled frozen model,lyc,20260907_lyc_unfocus_01,data/locked/2026-09-07/lyc_unfocus1_20260907.edf,unfocus,unfocus,40.0,44.0
pooled,Existing pooled frozen model,lyc,20260907_lyc_unfocus_01,data/locked/2026-09-07/lyc_unfocus1_20260907.edf,unfocus,focus,42.0,46.0
pooled,Existing pooled frozen model,lyc,20260907_lyc_unfocus_01,data/locked/2026-09-07/lyc_unfocus1_20260907.edf,unfocus,focus,44.0,48.0
pooled,Existing pooled frozen model,lyc,20260907_lyc_unfocus_01,data/locked/2026-09-07/lyc_unfocus1_20260907.edf,unfocus,unfocus,46.0,50.0
pooled,Existing pooled frozen model,lyc,20260907_lyc_unfocus_01,data/locked/2026-09-07/lyc_unfocus1_20260907.edf,unfocus,unfocus,48.0,52.0
pooled,Existing pooled frozen model,lyc,20260907_lyc_unfocus_01,data/locked/2026-09-07/lyc_unfocus1_20260907.edf,unfocus,unfocus,50.0,54.0
pooled,Existing pooled frozen model,lyc,20260907_lyc_unfocus_01,data/locked/2026-09-07/lyc_unfocus1_20260907.edf,unfocus,unfocus,52.0,56.0
pooled,Existing pooled frozen model,lyc,20260907_lyc_unfocus_01,data/locked/2026-09-07/lyc_unfocus1_20260907.edf,unfocus,unfocus,54.0,58.0
pooled,Existing pooled frozen model,lyc,20260907_lyc_unfocus_01,data/locked/2026-09-07/lyc_unfocus1_20260907.edf,unfocus,unfocus,56.0,60.0
pooled,Existing pooled frozen model,lyc,20260907_lyc_unfocus_01,data/locked/2026-09-07/lyc_unfocus1_20260907.edf,unfocus,unfocus,58.0,62.0
pooled,Existing pooled frozen model,lyc,20260907_lyc_unfocus_01,data/locked/2026-09-07/lyc_unfocus1_20260907.edf,unfocus,unfocus,60.0,64.0
pooled,Existing pooled frozen model,lyc,20260907_lyc_unfocus_01,data/locked/2026-09-07/lyc_unfocus1_20260907.edf,unfocus,focus,62.0,66.0
pooled,Existing pooled frozen model,lyc,20260907_lyc_unfocus_01,data/locked/2026-09-07/lyc_unfocus1_20260907.edf,unfocus,focus,64.0,68.0
pooled,Existing pooled frozen model,lyc,20260907_lyc_unfocus_01,data/locked/2026-09-07/lyc_unfocus1_20260907.edf,unfocus,focus,66.0,70.0
pooled,Existing pooled frozen model,lyc,20260907_lyc_unfocus_01,data/locked/2026-09-07/lyc_unfocus1_20260907.edf,unfocus,unfocus,68.0,72.0
pooled,Existing pooled frozen model,lyc,20260907_lyc_unfocus_01,data/locked/2026-09-07/lyc_unfocus1_20260907.edf,unfocus,unfocus,70.0,74.0
pooled,Existing pooled frozen model,lyc,20260907_lyc_unfocus_01,data/locked/2026-09-07/lyc_unfocus1_20260907.edf,unfocus,unfocus,72.0,76.0
pooled,Existing pooled frozen model,lyc,20260907_lyc_unfocus_01,data/locked/2026-09-07/lyc_unfocus1_20260907.edf,unfocus,unfocus,74.0,78.0
pooled,Existing pooled frozen model,lyc,20260907_lyc_unfocus_01,data/locked/2026-09-07/lyc_unfocus1_20260907.edf,unfocus,focus,76.0,80.0
pooled,Existing pooled frozen model,lyc,20260907_lyc_unfocus_01,data/locked/2026-09-07/lyc_unfocus1_20260907.edf,unfocus,focus,78.0,82.0
pooled,Existing pooled frozen model,lyc,20260907_lyc_unfocus_01,data/locked/2026-09-07/lyc_unfocus1_20260907.edf,unfocus,unfocus,80.0,84.0
pooled,Existing pooled frozen model,lyc,20260907_lyc_unfocus_01,data/locked/2026-09-07/lyc_unfocus1_20260907.edf,unfocus,focus,82.0,86.0
pooled,Existing pooled frozen model,lyc,20260907_lyc_unfocus_01,data/locked/2026-09-07/lyc_unfocus1_20260907.edf,unfocus,unfocus,84.0,88.0
pooled,Existing pooled frozen model,lyc,20260907_lyc_unfocus_01,data/locked/2026-09-07/lyc_unfocus1_20260907.edf,unfocus,unfocus,86.0,90.0
pooled,Existing pooled frozen model,lyc,20260907_lyc_unfocus_01,data/locked/2026-09-07/lyc_unfocus1_20260907.edf,unfocus,focus,88.0,92.0
pooled,Existing pooled frozen model,lyc,20260907_lyc_unfocus_01,data/locked/2026-09-07/lyc_unfocus1_20260907.edf,unfocus,unfocus,90.0,94.0
pooled,Existing pooled frozen model,lyc,20260907_lyc_unfocus_01,data/locked/2026-09-07/lyc_unfocus1_20260907.edf,unfocus,focus,92.0,96.0
pooled,Existing pooled frozen model,lyc,20260907_lyc_unfocus_01,data/locked/2026-09-07/lyc_unfocus1_20260907.edf,unfocus,unfocus,94.0,98.0
pooled,Existing pooled frozen model,lyc,20260907_lyc_unfocus_01,data/locked/2026-09-07/lyc_unfocus1_20260907.edf,unfocus,unfocus,96.0,100.0
pooled,Existing pooled frozen model,lyc,20260907_lyc_unfocus_01,data/locked/2026-09-07/lyc_unfocus1_20260907.edf,unfocus,unfocus,98.0,102.0
pooled,Existing pooled frozen model,lyc,20260907_lyc_unfocus_01,data/locked/2026-09-07/lyc_unfocus1_20260907.edf,unfocus,focus,100.0,104.0
pooled,Existing pooled frozen model,lyc,20260907_lyc_unfocus_01,data/locked/2026-09-07/lyc_unfocus1_20260907.edf,unfocus,focus,102.0,106.0
pooled,Existing pooled frozen model,lyc,20260907_lyc_unfocus_01,data/locked/2026-09-07/lyc_unfocus1_20260907.edf,unfocus,unfocus,104.0,108.0
pooled,Existing pooled frozen model,lyc,20260907_lyc_unfocus_01,data/locked/2026-09-07/lyc_unfocus1_20260907.edf,unfocus,unfocus,106.0,110.0
pooled,Existing pooled frozen model,lyc,20260907_lyc_unfocus_01,data/locked/2026-09-07/lyc_unfocus1_20260907.edf,unfocus,focus,108.0,112.0
pooled,Existing pooled frozen model,lyc,20260907_lyc_unfocus_01,data/locked/2026-09-07/lyc_unfocus1_20260907.edf,unfocus,focus,110.0,114.0
pooled,Existing pooled frozen model,lyc,20260907_lyc_unfocus_01,data/locked/2026-09-07/lyc_unfocus1_20260907.edf,unfocus,focus,112.0,116.0
pooled,Existing pooled frozen model,lyc,20260907_lyc_unfocus_01,data/locked/2026-09-07/lyc_unfocus1_20260907.edf,unfocus,focus,114.0,118.0
pooled,Existing pooled frozen model,lyc,20260907_lyc_unfocus_01,data/locked/2026-09-07/lyc_unfocus1_20260907.edf,unfocus,focus,116.0,120.0
pooled,Existing pooled frozen model,lyc,20260907_lyc_unfocus_01,data/locked/2026-09-07/lyc_unfocus1_20260907.edf,unfocus,focus,118.0,122.0
pooled,Existing pooled frozen model,lyc,20260907_lyc_unfocus_01,data/locked/2026-09-07/lyc_unfocus1_20260907.edf,unfocus,unfocus,120.0,124.0
pooled,Existing pooled frozen model,lyc,20260907_lyc_unfocus_01,data/locked/2026-09-07/lyc_unfocus1_20260907.edf,unfocus,unfocus,122.0,126.0
pooled,Existing pooled frozen model,lyc,20260907_lyc_unfocus_01,data/locked/2026-09-07/lyc_unfocus1_20260907.edf,unfocus,unfocus,124.0,128.0
pooled,Existing pooled frozen model,lyc,20260907_lyc_unfocus_01,data/locked/2026-09-07/lyc_unfocus1_20260907.edf,unfocus,unfocus,126.0,130.0
pooled,Existing pooled frozen model,lyc,20260907_lyc_unfocus_01,data/locked/2026-09-07/lyc_unfocus1_20260907.edf,unfocus,unfocus,128.0,132.0
pooled,Existing pooled frozen model,lyc,20260907_lyc_unfocus_01,data/locked/2026-09-07/lyc_unfocus1_20260907.edf,unfocus,unfocus,130.0,134.0
pooled,Existing pooled frozen model,lyc,20260907_lyc_unfocus_01,data/locked/2026-09-07/lyc_unfocus1_20260907.edf,unfocus,unfocus,132.0,136.0
pooled,Existing pooled frozen model,lyc,20260907_lyc_unfocus_01,data/locked/2026-09-07/lyc_unfocus1_20260907.edf,unfocus,unfocus,134.0,138.0
pooled,Existing pooled frozen model,lyc,20260907_lyc_unfocus_01,data/locked/2026-09-07/lyc_unfocus1_20260907.edf,unfocus,unfocus,136.0,140.0
pooled,Existing pooled frozen model,lyc,20260907_lyc_unfocus_01,data/locked/2026-09-07/lyc_unfocus1_20260907.edf,unfocus,focus,138.0,142.0
pooled,Existing pooled frozen model,lyc,20260907_lyc_unfocus_01,data/locked/2026-09-07/lyc_unfocus1_20260907.edf,unfocus,unfocus,140.0,144.0
pooled,Existing pooled frozen model,lyc,20260907_lyc_unfocus_01,data/locked/2026-09-07/lyc_unfocus1_20260907.edf,unfocus,focus,142.0,146.0
pooled,Existing pooled frozen model,lyc,20260907_lyc_unfocus_01,data/locked/2026-09-07/lyc_unfocus1_20260907.edf,unfocus,focus,144.0,148.0
pooled,Existing pooled frozen model,lyc,20260907_lyc_unfocus_01,data/locked/2026-09-07/lyc_unfocus1_20260907.edf,unfocus,focus,146.0,150.0
pooled,Existing pooled frozen model,lyc,20260907_lyc_unfocus_01,data/locked/2026-09-07/lyc_unfocus1_20260907.edf,unfocus,unfocus,148.0,152.0
pooled,Existing pooled frozen model,lyc,20260907_lyc_unfocus_01,data/locked/2026-09-07/lyc_unfocus1_20260907.edf,unfocus,unfocus,150.0,154.0
pooled,Existing pooled frozen model,lyc,20260907_lyc_unfocus_01,data/locked/2026-09-07/lyc_unfocus1_20260907.edf,unfocus,focus,152.0,156.0
pooled,Existing pooled frozen model,lyc,20260907_lyc_unfocus_01,data/locked/2026-09-07/lyc_unfocus1_20260907.edf,unfocus,unfocus,154.0,158.0
pooled,Existing pooled frozen model,lyc,20260907_lyc_unfocus_01,data/locked/2026-09-07/lyc_unfocus1_20260907.edf,unfocus,unfocus,156.0,160.0
pooled,Existing pooled frozen model,lyc,20260907_lyc_unfocus_01,data/locked/2026-09-07/lyc_unfocus1_20260907.edf,unfocus,focus,158.0,162.0
pooled,Existing pooled frozen model,lyc,20260907_lyc_unfocus_01,data/locked/2026-09-07/lyc_unfocus1_20260907.edf,unfocus,focus,160.0,164.0
pooled,Existing pooled frozen model,lyc,20260907_lyc_unfocus_01,data/locked/2026-09-07/lyc_unfocus1_20260907.edf,unfocus,unfocus,162.0,166.0
pooled,Existing pooled frozen model,lyc,20260907_lyc_unfocus_01,data/locked/2026-09-07/lyc_unfocus1_20260907.edf,unfocus,focus,164.0,168.0
pooled,Existing pooled frozen model,lyc,20260907_lyc_unfocus_01,data/locked/2026-09-07/lyc_unfocus1_20260907.edf,unfocus,unfocus,166.0,170.0
pooled,Existing pooled frozen model,lyc,20260907_lyc_unfocus_01,data/locked/2026-09-07/lyc_unfocus1_20260907.edf,unfocus,unfocus,168.0,172.0
pooled,Existing pooled frozen model,lyc,20260907_lyc_unfocus_01,data/locked/2026-09-07/lyc_unfocus1_20260907.edf,unfocus,focus,170.0,174.0
pooled,Existing pooled frozen model,lyc,20260907_lyc_unfocus_01,data/locked/2026-09-07/lyc_unfocus1_20260907.edf,unfocus,unfocus,172.0,176.0
pooled,Existing pooled frozen model,lyc,20260907_lyc_unfocus_01,data/locked/2026-09-07/lyc_unfocus1_20260907.edf,unfocus,unfocus,174.0,178.0
pooled,Existing pooled frozen model,lyc,20260907_lyc_unfocus_01,data/locked/2026-09-07/lyc_unfocus1_20260907.edf,unfocus,unfocus,176.0,180.0
pooled,Existing pooled frozen model,lyc,20260907_lyc_unfocus_01,data/locked/2026-09-07/lyc_unfocus1_20260907.edf,unfocus,focus,178.0,182.0
pooled,Existing pooled frozen model,lyc,20260907_lyc_unfocus_01,data/locked/2026-09-07/lyc_unfocus1_20260907.edf,unfocus,focus,180.0,184.0
pooled,Existing pooled frozen model,lyc,20260907_lyc_unfocus_01,data/locked/2026-09-07/lyc_unfocus1_20260907.edf,unfocus,focus,182.0,186.0
pooled,Existing pooled frozen model,lyc,20260907_lyc_unfocus_01,data/locked/2026-09-07/lyc_unfocus1_20260907.edf,unfocus,unfocus,184.0,188.0
pooled,Existing pooled frozen model,lyc,20260907_lyc_unfocus_01,data/locked/2026-09-07/lyc_unfocus1_20260907.edf,unfocus,focus,186.0,190.0
pooled,Existing pooled frozen model,lyc,20260907_lyc_unfocus_01,data/locked/2026-09-07/lyc_unfocus1_20260907.edf,unfocus,focus,188.0,192.0
pooled,Existing pooled frozen model,lyc,20260907_lyc_unfocus_01,data/locked/2026-09-07/lyc_unfocus1_20260907.edf,unfocus,focus,190.0,194.0
pooled,Existing pooled frozen model,lyc,20260907_lyc_unfocus_01,data/locked/2026-09-07/lyc_unfocus1_20260907.edf,unfocus,focus,192.0,196.0
pooled,Existing pooled frozen model,lyc,20260907_lyc_unfocus_01,data/locked/2026-09-07/lyc_unfocus1_20260907.edf,unfocus,unfocus,194.0,198.0
pooled,Existing pooled frozen model,lyc,20260907_lyc_unfocus_01,data/locked/2026-09-07/lyc_unfocus1_20260907.edf,unfocus,unfocus,196.0,200.0
pooled,Existing pooled frozen model,lyc,20260907_lyc_unfocus_01,data/locked/2026-09-07/lyc_unfocus1_20260907.edf,unfocus,focus,198.0,202.0
pooled,Existing pooled frozen model,lyc,20260907_lyc_unfocus_01,data/locked/2026-09-07/lyc_unfocus1_20260907.edf,unfocus,unfocus,200.0,204.0
pooled,Existing pooled frozen model,lyc,20260907_lyc_unfocus_01,data/locked/2026-09-07/lyc_unfocus1_20260907.edf,unfocus,unfocus,202.0,206.0
pooled,Existing pooled frozen model,lyc,20260907_lyc_unfocus_01,data/locked/2026-09-07/lyc_unfocus1_20260907.edf,unfocus,unfocus,204.0,208.0
pooled,Existing pooled frozen model,lyc,20260907_lyc_unfocus_01,data/locked/2026-09-07/lyc_unfocus1_20260907.edf,unfocus,unfocus,206.0,210.0
pooled,Existing pooled frozen model,lyc,20260907_lyc_unfocus_01,data/locked/2026-09-07/lyc_unfocus1_20260907.edf,unfocus,focus,208.0,212.0
pooled,Existing pooled frozen model,lyc,20260907_lyc_unfocus_01,data/locked/2026-09-07/lyc_unfocus1_20260907.edf,unfocus,focus,210.0,214.0
pooled,Existing pooled frozen model,lyc,20260907_lyc_unfocus_01,data/locked/2026-09-07/lyc_unfocus1_20260907.edf,unfocus,focus,212.0,216.0
pooled,Existing pooled frozen model,lyc,20260907_lyc_unfocus_01,data/locked/2026-09-07/lyc_unfocus1_20260907.edf,unfocus,focus,214.0,218.0
pooled,Existing pooled frozen model,lyc,20260907_lyc_unfocus_01,data/locked/2026-09-07/lyc_unfocus1_20260907.edf,unfocus,focus,216.0,220.0
pooled,Existing pooled frozen model,lyc,20260907_lyc_unfocus_01,data/locked/2026-09-07/lyc_unfocus1_20260907.edf,unfocus,unfocus,218.0,222.0
pooled,Existing pooled frozen model,lyc,20260907_lyc_unfocus_01,data/locked/2026-09-07/lyc_unfocus1_20260907.edf,unfocus,unfocus,220.0,224.0
pooled,Existing pooled frozen model,lyc,20260907_lyc_unfocus_01,data/locked/2026-09-07/lyc_unfocus1_20260907.edf,unfocus,focus,222.0,226.0
pooled,Existing pooled frozen model,lyc,20260907_lyc_unfocus_01,data/locked/2026-09-07/lyc_unfocus1_20260907.edf,unfocus,focus,224.0,228.0
pooled,Existing pooled frozen model,lyc,20260907_lyc_unfocus_01,data/locked/2026-09-07/lyc_unfocus1_20260907.edf,unfocus,focus,226.0,230.0
pooled,Existing pooled frozen model,lyc,20260907_lyc_unfocus_01,data/locked/2026-09-07/lyc_unfocus1_20260907.edf,unfocus,unfocus,228.0,232.0
pooled,Existing pooled frozen model,lyc,20260907_lyc_unfocus_01,data/locked/2026-09-07/lyc_unfocus1_20260907.edf,unfocus,focus,230.0,234.0
pooled,Existing pooled frozen model,lyc,20260907_lyc_unfocus_01,data/locked/2026-09-07/lyc_unfocus1_20260907.edf,unfocus,focus,232.0,236.0
pooled,Existing pooled frozen model,lyc,20260907_lyc_unfocus_01,data/locked/2026-09-07/lyc_unfocus1_20260907.edf,unfocus,focus,234.0,238.0
pooled,Existing pooled frozen model,lyc,20260907_lyc_unfocus_01,data/locked/2026-09-07/lyc_unfocus1_20260907.edf,unfocus,focus,236.0,240.0
pooled,Existing pooled frozen model,lyc,20260907_lyc_unfocus_01,data/locked/2026-09-07/lyc_unfocus1_20260907.edf,unfocus,focus,238.0,242.0
pooled,Existing pooled frozen model,lyc,20260907_lyc_unfocus_01,data/locked/2026-09-07/lyc_unfocus1_20260907.edf,unfocus,focus,240.0,244.0
pooled,Existing pooled frozen model,lyc,20260907_lyc_unfocus_01,data/locked/2026-09-07/lyc_unfocus1_20260907.edf,unfocus,focus,242.0,246.0
pooled,Existing pooled frozen model,lyc,20260907_lyc_unfocus_01,data/locked/2026-09-07/lyc_unfocus1_20260907.edf,unfocus,focus,244.0,248.0
pooled,Existing pooled frozen model,lyc,20260907_lyc_unfocus_01,data/locked/2026-09-07/lyc_unfocus1_20260907.edf,unfocus,focus,246.0,250.0
pooled,Existing pooled frozen model,lyc,20260907_lyc_unfocus_01,data/locked/2026-09-07/lyc_unfocus1_20260907.edf,unfocus,unfocus,248.0,252.0
pooled,Existing pooled frozen model,lyc,20260907_lyc_unfocus_01,data/locked/2026-09-07/lyc_unfocus1_20260907.edf,unfocus,unfocus,250.0,254.0
pooled,Existing pooled frozen model,lyc,20260907_lyc_unfocus_01,data/locked/2026-09-07/lyc_unfocus1_20260907.edf,unfocus,focus,252.0,256.0
pooled,Existing pooled frozen model,lyc,20260907_lyc_unfocus_01,data/locked/2026-09-07/lyc_unfocus1_20260907.edf,unfocus,unfocus,254.0,258.0
pooled,Existing pooled frozen model,lyc,20260907_lyc_unfocus_01,data/locked/2026-09-07/lyc_unfocus1_20260907.edf,unfocus,unfocus,256.0,260.0
pooled,Existing pooled frozen model,lyc,20260907_lyc_unfocus_01,data/locked/2026-09-07/lyc_unfocus1_20260907.edf,unfocus,unfocus,258.0,262.0
pooled,Existing pooled frozen model,lyc,20260907_lyc_unfocus_01,data/locked/2026-09-07/lyc_unfocus1_20260907.edf,unfocus,focus,260.0,264.0
pooled,Existing pooled frozen model,lyc,20260907_lyc_unfocus_01,data/locked/2026-09-07/lyc_unfocus1_20260907.edf,unfocus,focus,262.0,266.0
pooled,Existing pooled frozen model,lyc,20260907_lyc_unfocus_01,data/locked/2026-09-07/lyc_unfocus1_20260907.edf,unfocus,unfocus,264.0,268.0
pooled,Existing pooled frozen model,lyc,20260907_lyc_unfocus_01,data/locked/2026-09-07/lyc_unfocus1_20260907.edf,unfocus,focus,266.0,270.0
pooled,Existing pooled frozen model,lyc,20260907_lyc_unfocus_01,data/locked/2026-09-07/lyc_unfocus1_20260907.edf,unfocus,focus,268.0,272.0
pooled,Existing pooled frozen model,lyc,20260907_lyc_unfocus_01,data/locked/2026-09-07/lyc_unfocus1_20260907.edf,unfocus,unfocus,270.0,274.0
pooled,Existing pooled frozen model,lyc,20260907_lyc_unfocus_01,data/locked/2026-09-07/lyc_unfocus1_20260907.edf,unfocus,unfocus,272.0,276.0
pooled,Existing pooled frozen model,lyc,20260907_lyc_unfocus_01,data/locked/2026-09-07/lyc_unfocus1_20260907.edf,unfocus,unfocus,274.0,278.0
pooled,Existing pooled frozen model,lyc,20260907_lyc_unfocus_01,data/locked/2026-09-07/lyc_unfocus1_20260907.edf,unfocus,focus,276.0,280.0
pooled,Existing pooled frozen model,lyc,20260907_lyc_unfocus_01,data/locked/2026-09-07/lyc_unfocus1_20260907.edf,unfocus,focus,278.0,282.0
pooled,Existing pooled frozen model,lyc,20260907_lyc_unfocus_01,data/locked/2026-09-07/lyc_unfocus1_20260907.edf,unfocus,unfocus,280.0,284.0
pooled,Existing pooled frozen model,lyc,20260907_lyc_unfocus_01,data/locked/2026-09-07/lyc_unfocus1_20260907.edf,unfocus,unfocus,282.0,286.0
pooled,Existing pooled frozen model,lyc,20260907_lyc_unfocus_01,data/locked/2026-09-07/lyc_unfocus1_20260907.edf,unfocus,focus,284.0,288.0
pooled,Existing pooled frozen model,lyc,20260907_lyc_unfocus_01,data/locked/2026-09-07/lyc_unfocus1_20260907.edf,unfocus,focus,286.0,290.0
pooled,Existing pooled frozen model,lyc,20260907_lyc_unfocus_01,data/locked/2026-09-07/lyc_unfocus1_20260907.edf,unfocus,unfocus,288.0,292.0
pooled,Existing pooled frozen model,lyc,20260907_lyc_unfocus_01,data/locked/2026-09-07/lyc_unfocus1_20260907.edf,unfocus,focus,290.0,294.0
pooled,Existing pooled frozen model,lyc,20260907_lyc_unfocus_01,data/locked/2026-09-07/lyc_unfocus1_20260907.edf,unfocus,focus,292.0,296.0
pooled,Existing pooled frozen model,lyc,20260907_lyc_unfocus_01,data/locked/2026-09-07/lyc_unfocus1_20260907.edf,unfocus,focus,294.0,298.0
pooled,Existing pooled frozen model,lyc,20260907_lyc_unfocus_01,data/locked/2026-09-07/lyc_unfocus1_20260907.edf,unfocus,focus,296.0,300.0
pooled,Existing pooled frozen model,lyc,20260907_lyc_unfocus_01,data/locked/2026-09-07/lyc_unfocus1_20260907.edf,unfocus,unfocus,298.0,302.0
pooled,Existing pooled frozen model,lyc,20260907_lyc_unfocus_01,data/locked/2026-09-07/lyc_unfocus1_20260907.edf,unfocus,unfocus,300.0,304.0
pooled,Existing pooled frozen model,lyc,20260907_lyc_unfocus_01,data/locked/2026-09-07/lyc_unfocus1_20260907.edf,unfocus,focus,302.0,306.0
pooled,Existing pooled frozen model,lyc,20260907_lyc_unfocus_01,data/locked/2026-09-07/lyc_unfocus1_20260907.edf,unfocus,focus,304.0,308.0
pooled,Existing pooled frozen model,lyc,20260907_lyc_unfocus_01,data/locked/2026-09-07/lyc_unfocus1_20260907.edf,unfocus,focus,306.0,310.0
pooled,Existing pooled frozen model,lyc,20260907_lyc_unfocus_01,data/locked/2026-09-07/lyc_unfocus1_20260907.edf,unfocus,unfocus,308.0,312.0
pooled,Existing pooled frozen model,lyc,20260907_lyc_unfocus_01,data/locked/2026-09-07/lyc_unfocus1_20260907.edf,unfocus,unfocus,310.0,314.0
pooled,Existing pooled frozen model,lyc,20260907_lyc_unfocus_01,data/locked/2026-09-07/lyc_unfocus1_20260907.edf,unfocus,focus,312.0,316.0
pooled,Existing pooled frozen model,lyc,20260907_lyc_unfocus_01,data/locked/2026-09-07/lyc_unfocus1_20260907.edf,unfocus,focus,314.0,318.0
pooled,Existing pooled frozen model,lyc,20260907_lyc_unfocus_01,data/locked/2026-09-07/lyc_unfocus1_20260907.edf,unfocus,unfocus,316.0,320.0
pooled,Existing pooled frozen model,lyc,20260907_lyc_unfocus_01,data/locked/2026-09-07/lyc_unfocus1_20260907.edf,unfocus,unfocus,318.0,322.0
pooled,Existing pooled frozen model,lyc,20260907_lyc_unfocus_01,data/locked/2026-09-07/lyc_unfocus1_20260907.edf,unfocus,unfocus,320.0,324.0
pooled,Existing pooled frozen model,lyc,20260907_lyc_unfocus_01,data/locked/2026-09-07/lyc_unfocus1_20260907.edf,unfocus,focus,322.0,326.0
pooled,Existing pooled frozen model,lyc,20260907_lyc_unfocus_01,data/locked/2026-09-07/lyc_unfocus1_20260907.edf,unfocus,focus,324.0,328.0
pooled,Existing pooled frozen model,lyc,20260907_lyc_unfocus_01,data/locked/2026-09-07/lyc_unfocus1_20260907.edf,unfocus,unfocus,326.0,330.0
pooled,Existing pooled frozen model,lyc,20260907_lyc_unfocus_01,data/locked/2026-09-07/lyc_unfocus1_20260907.edf,unfocus,unfocus,328.0,332.0
pooled,Existing pooled frozen model,lyc,20260907_lyc_unfocus_01,data/locked/2026-09-07/lyc_unfocus1_20260907.edf,unfocus,unfocus,330.0,334.0
pooled,Existing pooled frozen model,lyc,20260907_lyc_unfocus_01,data/locked/2026-09-07/lyc_unfocus1_20260907.edf,unfocus,unfocus,332.0,336.0
pooled,Existing pooled frozen model,lyc,20260907_lyc_unfocus_01,data/locked/2026-09-07/lyc_unfocus1_20260907.edf,unfocus,unfocus,334.0,338.0
pooled,Existing pooled frozen model,lyc,20260907_lyc_unfocus_01,data/locked/2026-09-07/lyc_unfocus1_20260907.edf,unfocus,focus,336.0,340.0
pooled,Existing pooled frozen model,lyc,20260907_lyc_unfocus_01,data/locked/2026-09-07/lyc_unfocus1_20260907.edf,unfocus,focus,338.0,342.0
pooled,Existing pooled frozen model,lyc,20260907_lyc_unfocus_01,data/locked/2026-09-07/lyc_unfocus1_20260907.edf,unfocus,unfocus,340.0,344.0
pooled,Existing pooled frozen model,lyc,20260907_lyc_unfocus_01,data/locked/2026-09-07/lyc_unfocus1_20260907.edf,unfocus,unfocus,342.0,346.0
pooled,Existing pooled frozen model,lyc,20260907_lyc_unfocus_01,data/locked/2026-09-07/lyc_unfocus1_20260907.edf,unfocus,unfocus,344.0,348.0
pooled,Existing pooled frozen model,lyc,20260907_lyc_unfocus_01,data/locked/2026-09-07/lyc_unfocus1_20260907.edf,unfocus,unfocus,346.0,350.0
pooled,Existing pooled frozen model,lyc,20260907_lyc_unfocus_01,data/locked/2026-09-07/lyc_unfocus1_20260907.edf,unfocus,unfocus,348.0,352.0
pooled,Existing pooled frozen model,lyc,20260907_lyc_unfocus_01,data/locked/2026-09-07/lyc_unfocus1_20260907.edf,unfocus,unfocus,350.0,354.0
pooled,Existing pooled frozen model,lyc,20260907_lyc_unfocus_01,data/locked/2026-09-07/lyc_unfocus1_20260907.edf,unfocus,unfocus,352.0,356.0
pooled,Existing pooled frozen model,lyc,20260907_lyc_unfocus_01,data/locked/2026-09-07/lyc_unfocus1_20260907.edf,unfocus,unfocus,354.0,358.0
pooled,Existing pooled frozen model,lyc,20260907_lyc_unfocus_01,data/locked/2026-09-07/lyc_unfocus1_20260907.edf,unfocus,unfocus,356.0,360.0
pooled,Existing pooled frozen model,lyc,20260907_lyc_unfocus_01,data/locked/2026-09-07/lyc_unfocus1_20260907.edf,unfocus,unfocus,358.0,362.0
pooled,Existing pooled frozen model,lyc,20260907_lyc_unfocus_01,data/locked/2026-09-07/lyc_unfocus1_20260907.edf,unfocus,unfocus,360.0,364.0
pooled,Existing pooled frozen model,lyc,20260907_lyc_unfocus_01,data/locked/2026-09-07/lyc_unfocus1_20260907.edf,unfocus,unfocus,362.0,366.0
pooled,Existing pooled frozen model,lyc,20260907_lyc_unfocus_01,data/locked/2026-09-07/lyc_unfocus1_20260907.edf,unfocus,unfocus,364.0,368.0
pooled,Existing pooled frozen model,lyc,20260907_lyc_unfocus_01,data/locked/2026-09-07/lyc_unfocus1_20260907.edf,unfocus,unfocus,366.0,370.0
pooled,Existing pooled frozen model,lyc,20260907_lyc_unfocus_01,data/locked/2026-09-07/lyc_unfocus1_20260907.edf,unfocus,unfocus,368.0,372.0
pooled,Existing pooled frozen model,lyc,20260907_lyc_unfocus_01,data/locked/2026-09-07/lyc_unfocus1_20260907.edf,unfocus,focus,370.0,374.0
pooled,Existing pooled frozen model,lyc,20260907_lyc_unfocus_01,data/locked/2026-09-07/lyc_unfocus1_20260907.edf,unfocus,unfocus,372.0,376.0
pooled,Existing pooled frozen model,lyc,20260907_lyc_unfocus_01,data/locked/2026-09-07/lyc_unfocus1_20260907.edf,unfocus,unfocus,374.0,378.0
pooled,Existing pooled frozen model,lyc,20260907_lyc_unfocus_01,data/locked/2026-09-07/lyc_unfocus1_20260907.edf,unfocus,unfocus,376.0,380.0
pooled,Existing pooled frozen model,lyc,20260907_lyc_unfocus_01,data/locked/2026-09-07/lyc_unfocus1_20260907.edf,unfocus,focus,378.0,382.0
pooled,Existing pooled frozen model,lyc,20260907_lyc_unfocus_01,data/locked/2026-09-07/lyc_unfocus1_20260907.edf,unfocus,focus,380.0,384.0
pooled,Existing pooled frozen model,lyc,20260907_lyc_unfocus_01,data/locked/2026-09-07/lyc_unfocus1_20260907.edf,unfocus,focus,382.0,386.0
pooled,Existing pooled frozen model,lyc,20260907_lyc_unfocus_01,data/locked/2026-09-07/lyc_unfocus1_20260907.edf,unfocus,focus,384.0,388.0
pooled,Existing pooled frozen model,lyc,20260907_lyc_unfocus_01,data/locked/2026-09-07/lyc_unfocus1_20260907.edf,unfocus,unfocus,386.0,390.0
pooled,Existing pooled frozen model,lyc,20260907_lyc_unfocus_01,data/locked/2026-09-07/lyc_unfocus1_20260907.edf,unfocus,unfocus,388.0,392.0
pooled,Existing pooled frozen model,lyc,20260907_lyc_unfocus_01,data/locked/2026-09-07/lyc_unfocus1_20260907.edf,unfocus,focus,390.0,394.0
pooled,Existing pooled frozen model,lyc,20260907_lyc_unfocus_01,data/locked/2026-09-07/lyc_unfocus1_20260907.edf,unfocus,focus,392.0,396.0
pooled,Existing pooled frozen model,lyc,20260907_lyc_unfocus_01,data/locked/2026-09-07/lyc_unfocus1_20260907.edf,unfocus,unfocus,394.0,398.0
pooled,Existing pooled frozen model,lyc,20260907_lyc_unfocus_01,data/locked/2026-09-07/lyc_unfocus1_20260907.edf,unfocus,unfocus,396.0,400.0
pooled,Existing pooled frozen model,lyc,20260907_lyc_unfocus_01,data/locked/2026-09-07/lyc_unfocus1_20260907.edf,unfocus,focus,398.0,402.0
pooled,Existing pooled frozen model,lyc,20260907_lyc_unfocus_01,data/locked/2026-09-07/lyc_unfocus1_20260907.edf,unfocus,unfocus,400.0,404.0
pooled,Existing pooled frozen model,lyc,20260907_lyc_unfocus_01,data/locked/2026-09-07/lyc_unfocus1_20260907.edf,unfocus,focus,402.0,406.0
pooled,Existing pooled frozen model,lyc,20260907_lyc_unfocus_01,data/locked/2026-09-07/lyc_unfocus1_20260907.edf,unfocus,unfocus,404.0,408.0
pooled,Existing pooled frozen model,lyc,20260907_lyc_unfocus_01,data/locked/2026-09-07/lyc_unfocus1_20260907.edf,unfocus,unfocus,406.0,410.0
pooled,Existing pooled frozen model,lyc,20260907_lyc_unfocus_01,data/locked/2026-09-07/lyc_unfocus1_20260907.edf,unfocus,unfocus,408.0,412.0
pooled,Existing pooled frozen model,lyc,20260907_lyc_unfocus_01,data/locked/2026-09-07/lyc_unfocus1_20260907.edf,unfocus,unfocus,410.0,414.0
pooled,Existing pooled frozen model,lyc,20260907_lyc_unfocus_01,data/locked/2026-09-07/lyc_unfocus1_20260907.edf,unfocus,unfocus,412.0,416.0
pooled,Existing pooled frozen model,lyc,20260907_lyc_unfocus_01,data/locked/2026-09-07/lyc_unfocus1_20260907.edf,unfocus,unfocus,414.0,418.0
pooled,Existing pooled frozen model,lyc,20260907_lyc_unfocus_01,data/locked/2026-09-07/lyc_unfocus1_20260907.edf,unfocus,unfocus,416.0,420.0
pooled,Existing pooled frozen model,lyc,20260907_lyc_unfocus_01,data/locked/2026-09-07/lyc_unfocus1_20260907.edf,unfocus,unfocus,418.0,422.0
pooled,Existing pooled frozen model,lyc,20260907_lyc_unfocus_01,data/locked/2026-09-07/lyc_unfocus1_20260907.edf,unfocus,unfocus,420.0,424.0
pooled,Existing pooled frozen model,lyc,20260907_lyc_unfocus_01,data/locked/2026-09-07/lyc_unfocus1_20260907.edf,unfocus,unfocus,422.0,426.0
pooled,Existing pooled frozen model,lyc,20260907_lyc_unfocus_01,data/locked/2026-09-07/lyc_unfocus1_20260907.edf,unfocus,unfocus,424.0,428.0
pooled,Existing pooled frozen model,lyc,20260907_lyc_unfocus_01,data/locked/2026-09-07/lyc_unfocus1_20260907.edf,unfocus,unfocus,426.0,430.0
pooled,Existing pooled frozen model,lyc,20260907_lyc_unfocus_01,data/locked/2026-09-07/lyc_unfocus1_20260907.edf,unfocus,unfocus,428.0,432.0
pooled,Existing pooled frozen model,lyc,20260907_lyc_unfocus_01,data/locked/2026-09-07/lyc_unfocus1_20260907.edf,unfocus,unfocus,430.0,434.0
pooled,Existing pooled frozen model,lyc,20260907_lyc_unfocus_01,data/locked/2026-09-07/lyc_unfocus1_20260907.edf,unfocus,unfocus,432.0,436.0
pooled,Existing pooled frozen model,lyc,20260907_lyc_unfocus_01,data/locked/2026-09-07/lyc_unfocus1_20260907.edf,unfocus,unfocus,434.0,438.0
pooled,Existing pooled frozen model,lyc,20260907_lyc_unfocus_01,data/locked/2026-09-07/lyc_unfocus1_20260907.edf,unfocus,unfocus,436.0,440.0
pooled,Existing pooled frozen model,lyc,20260907_lyc_unfocus_01,data/locked/2026-09-07/lyc_unfocus1_20260907.edf,unfocus,focus,438.0,442.0
pooled,Existing pooled frozen model,lyc,20260907_lyc_unfocus_01,data/locked/2026-09-07/lyc_unfocus1_20260907.edf,unfocus,unfocus,440.0,444.0
pooled,Existing pooled frozen model,lyc,20260907_lyc_unfocus_01,data/locked/2026-09-07/lyc_unfocus1_20260907.edf,unfocus,unfocus,442.0,446.0
pooled,Existing pooled frozen model,lyc,20260907_lyc_unfocus_01,data/locked/2026-09-07/lyc_unfocus1_20260907.edf,unfocus,unfocus,444.0,448.0
pooled,Existing pooled frozen model,lyc,20260907_lyc_unfocus_01,data/locked/2026-09-07/lyc_unfocus1_20260907.edf,unfocus,focus,446.0,450.0
pooled,Existing pooled frozen model,lyc,20260907_lyc_unfocus_01,data/locked/2026-09-07/lyc_unfocus1_20260907.edf,unfocus,unfocus,448.0,452.0
pooled,Existing pooled frozen model,lyc,20260907_lyc_unfocus_01,data/locked/2026-09-07/lyc_unfocus1_20260907.edf,unfocus,unfocus,450.0,454.0
pooled,Existing pooled frozen model,lyc,20260907_lyc_unfocus_01,data/locked/2026-09-07/lyc_unfocus1_20260907.edf,unfocus,unfocus,452.0,456.0
pooled,Existing pooled frozen model,lyc,20260907_lyc_unfocus_01,data/locked/2026-09-07/lyc_unfocus1_20260907.edf,unfocus,unfocus,454.0,458.0
pooled,Existing pooled frozen model,lyc,20260907_lyc_unfocus_01,data/locked/2026-09-07/lyc_unfocus1_20260907.edf,unfocus,focus,456.0,460.0
pooled,Existing pooled frozen model,lyc,20260907_lyc_unfocus_01,data/locked/2026-09-07/lyc_unfocus1_20260907.edf,unfocus,unfocus,458.0,462.0
pooled,Existing pooled frozen model,lyc,20260907_lyc_unfocus_01,data/locked/2026-09-07/lyc_unfocus1_20260907.edf,unfocus,unfocus,460.0,464.0
pooled,Existing pooled frozen model,lyc,20260907_lyc_unfocus_01,data/locked/2026-09-07/lyc_unfocus1_20260907.edf,unfocus,unfocus,462.0,466.0
pooled,Existing pooled frozen model,lyc,20260907_lyc_unfocus_01,data/locked/2026-09-07/lyc_unfocus1_20260907.edf,unfocus,unfocus,464.0,468.0
pooled,Existing pooled frozen model,lyc,20260907_lyc_unfocus_01,data/locked/2026-09-07/lyc_unfocus1_20260907.edf,unfocus,focus,466.0,470.0
pooled,Existing pooled frozen model,lyc,20260907_lyc_unfocus_01,data/locked/2026-09-07/lyc_unfocus1_20260907.edf,unfocus,unfocus,468.0,472.0
pooled,Existing pooled frozen model,lyc,20260907_lyc_unfocus_01,data/locked/2026-09-07/lyc_unfocus1_20260907.edf,unfocus,unfocus,470.0,474.0
pooled,Existing pooled frozen model,lyc,20260907_lyc_unfocus_01,data/locked/2026-09-07/lyc_unfocus1_20260907.edf,unfocus,unfocus,472.0,476.0
pooled,Existing pooled frozen model,lyc,20260907_lyc_unfocus_01,data/locked/2026-09-07/lyc_unfocus1_20260907.edf,unfocus,unfocus,474.0,478.0
pooled,Existing pooled frozen model,lyc,20260907_lyc_unfocus_01,data/locked/2026-09-07/lyc_unfocus1_20260907.edf,unfocus,focus,476.0,480.0
pooled,Existing pooled frozen model,lyc,20260907_lyc_unfocus_01,data/locked/2026-09-07/lyc_unfocus1_20260907.edf,unfocus,unfocus,478.0,482.0
pooled,Existing pooled frozen model,lyc,20260907_lyc_unfocus_01,data/locked/2026-09-07/lyc_unfocus1_20260907.edf,unfocus,unfocus,480.0,484.0
pooled,Existing pooled frozen model,lyc,20260907_lyc_unfocus_01,data/locked/2026-09-07/lyc_unfocus1_20260907.edf,unfocus,unfocus,482.0,486.0
pooled,Existing pooled frozen model,lyc,20260907_lyc_unfocus_01,data/locked/2026-09-07/lyc_unfocus1_20260907.edf,unfocus,unfocus,484.0,488.0
pooled,Existing pooled frozen model,lyc,20260907_lyc_unfocus_01,data/locked/2026-09-07/lyc_unfocus1_20260907.edf,unfocus,unfocus,486.0,490.0
pooled,Existing pooled frozen model,lyc,20260907_lyc_unfocus_01,data/locked/2026-09-07/lyc_unfocus1_20260907.edf,unfocus,unfocus,488.0,492.0
pooled,Existing pooled frozen model,lyc,20260907_lyc_unfocus_01,data/locked/2026-09-07/lyc_unfocus1_20260907.edf,unfocus,unfocus,490.0,494.0
pooled,Existing pooled frozen model,lyc,20260907_lyc_unfocus_01,data/locked/2026-09-07/lyc_unfocus1_20260907.edf,unfocus,unfocus,492.0,496.0
pooled,Existing pooled frozen model,lyc,20260907_lyc_unfocus_01,data/locked/2026-09-07/lyc_unfocus1_20260907.edf,unfocus,unfocus,494.0,498.0
pooled,Existing pooled frozen model,lyc,20260907_lyc_unfocus_01,data/locked/2026-09-07/lyc_unfocus1_20260907.edf,unfocus,unfocus,496.0,500.0
pooled,Existing pooled frozen model,lyc,20260907_lyc_unfocus_01,data/locked/2026-09-07/lyc_unfocus1_20260907.edf,unfocus,focus,498.0,502.0
pooled,Existing pooled frozen model,lyc,20260907_lyc_unfocus_01,data/locked/2026-09-07/lyc_unfocus1_20260907.edf,unfocus,focus,500.0,504.0
pooled,Existing pooled frozen model,lyc,20260907_lyc_unfocus_01,data/locked/2026-09-07/lyc_unfocus1_20260907.edf,unfocus,unfocus,502.0,506.0
pooled,Existing pooled frozen model,lyc,20260907_lyc_unfocus_01,data/locked/2026-09-07/lyc_unfocus1_20260907.edf,unfocus,unfocus,504.0,508.0
pooled,Existing pooled frozen model,lyc,20260907_lyc_unfocus_01,data/locked/2026-09-07/lyc_unfocus1_20260907.edf,unfocus,unfocus,506.0,510.0
pooled,Existing pooled frozen model,lyc,20260907_lyc_unfocus_01,data/locked/2026-09-07/lyc_unfocus1_20260907.edf,unfocus,unfocus,508.0,512.0
pooled,Existing pooled frozen model,lyc,20260907_lyc_unfocus_01,data/locked/2026-09-07/lyc_unfocus1_20260907.edf,unfocus,focus,510.0,514.0
pooled,Existing pooled frozen model,lyc,20260907_lyc_unfocus_01,data/locked/2026-09-07/lyc_unfocus1_20260907.edf,unfocus,unfocus,512.0,516.0
pooled,Existing pooled frozen model,lyc,20260907_lyc_unfocus_01,data/locked/2026-09-07/lyc_unfocus1_20260907.edf,unfocus,focus,514.0,518.0
pooled,Existing pooled frozen model,lyc,20260907_lyc_unfocus_01,data/locked/2026-09-07/lyc_unfocus1_20260907.edf,unfocus,unfocus,516.0,520.0
pooled,Existing pooled frozen model,lyc,20260907_lyc_unfocus_01,data/locked/2026-09-07/lyc_unfocus1_20260907.edf,unfocus,unfocus,518.0,522.0
pooled,Existing pooled frozen model,lyc,20260907_lyc_unfocus_01,data/locked/2026-09-07/lyc_unfocus1_20260907.edf,unfocus,unfocus,520.0,524.0
pooled,Existing pooled frozen model,lyc,20260907_lyc_unfocus_01,data/locked/2026-09-07/lyc_unfocus1_20260907.edf,unfocus,unfocus,522.0,526.0
pooled,Existing pooled frozen model,lyc,20260907_lyc_unfocus_01,data/locked/2026-09-07/lyc_unfocus1_20260907.edf,unfocus,unfocus,524.0,528.0
pooled,Existing pooled frozen model,lyc,20260907_lyc_unfocus_01,data/locked/2026-09-07/lyc_unfocus1_20260907.edf,unfocus,unfocus,526.0,530.0
pooled,Existing pooled frozen model,lyc,20260907_lyc_unfocus_01,data/locked/2026-09-07/lyc_unfocus1_20260907.edf,unfocus,unfocus,528.0,532.0
pooled,Existing pooled frozen model,lyc,20260907_lyc_unfocus_01,data/locked/2026-09-07/lyc_unfocus1_20260907.edf,unfocus,unfocus,530.0,534.0
pooled,Existing pooled frozen model,lyc,20260907_lyc_unfocus_01,data/locked/2026-09-07/lyc_unfocus1_20260907.edf,unfocus,unfocus,532.0,536.0
pooled,Existing pooled frozen model,lyc,20260907_lyc_unfocus_01,data/locked/2026-09-07/lyc_unfocus1_20260907.edf,unfocus,unfocus,534.0,538.0
pooled,Existing pooled frozen model,lyc,20260907_lyc_unfocus_01,data/locked/2026-09-07/lyc_unfocus1_20260907.edf,unfocus,unfocus,536.0,540.0
pooled,Existing pooled frozen model,lyc,20260907_lyc_unfocus_01,data/locked/2026-09-07/lyc_unfocus1_20260907.edf,unfocus,focus,538.0,542.0
pooled,Existing pooled frozen model,lyc,20260907_lyc_unfocus_01,data/locked/2026-09-07/lyc_unfocus1_20260907.edf,unfocus,focus,540.0,544.0
pooled,Existing pooled frozen model,lyc,20260907_lyc_unfocus_01,data/locked/2026-09-07/lyc_unfocus1_20260907.edf,unfocus,unfocus,542.0,546.0
pooled,Existing pooled frozen model,lyc,20260907_lyc_unfocus_01,data/locked/2026-09-07/lyc_unfocus1_20260907.edf,unfocus,focus,544.0,548.0
pooled,Existing pooled frozen model,lyc,20260907_lyc_unfocus_01,data/locked/2026-09-07/lyc_unfocus1_20260907.edf,unfocus,focus,546.0,550.0
pooled,Existing pooled frozen model,lyc,20260907_lyc_unfocus_01,data/locked/2026-09-07/lyc_unfocus1_20260907.edf,unfocus,unfocus,548.0,552.0
pooled,Existing pooled frozen model,lyc,20260907_lyc_unfocus_01,data/locked/2026-09-07/lyc_unfocus1_20260907.edf,unfocus,unfocus,550.0,554.0
pooled,Existing pooled frozen model,lyc,20260907_lyc_unfocus_01,data/locked/2026-09-07/lyc_unfocus1_20260907.edf,unfocus,unfocus,552.0,556.0
pooled,Existing pooled frozen model,lyc,20260907_lyc_unfocus_01,data/locked/2026-09-07/lyc_unfocus1_20260907.edf,unfocus,unfocus,554.0,558.0
pooled,Existing pooled frozen model,lyc,20260907_lyc_unfocus_01,data/locked/2026-09-07/lyc_unfocus1_20260907.edf,unfocus,unfocus,556.0,560.0
pooled,Existing pooled frozen model,lyc,20260907_lyc_unfocus_01,data/locked/2026-09-07/lyc_unfocus1_20260907.edf,unfocus,unfocus,558.0,562.0
pooled,Existing pooled frozen model,lyc,20260907_lyc_unfocus_01,data/locked/2026-09-07/lyc_unfocus1_20260907.edf,unfocus,unfocus,560.0,564.0
pooled,Existing pooled frozen model,lyc,20260907_lyc_unfocus_01,data/locked/2026-09-07/lyc_unfocus1_20260907.edf,unfocus,unfocus,562.0,566.0
pooled,Existing pooled frozen model,lyc,20260907_lyc_unfocus_01,data/locked/2026-09-07/lyc_unfocus1_20260907.edf,unfocus,focus,564.0,568.0
pooled,Existing pooled frozen model,lyc,20260907_lyc_unfocus_01,data/locked/2026-09-07/lyc_unfocus1_20260907.edf,unfocus,focus,566.0,570.0
pooled,Existing pooled frozen model,lyc,20260907_lyc_unfocus_01,data/locked/2026-09-07/lyc_unfocus1_20260907.edf,unfocus,unfocus,568.0,572.0
pooled,Existing pooled frozen model,lyc,20260907_lyc_unfocus_01,data/locked/2026-09-07/lyc_unfocus1_20260907.edf,unfocus,unfocus,570.0,574.0
pooled,Existing pooled frozen model,lyc,20260907_lyc_unfocus_01,data/locked/2026-09-07/lyc_unfocus1_20260907.edf,unfocus,unfocus,572.0,576.0
pooled,Existing pooled frozen model,lyc,20260907_lyc_unfocus_01,data/locked/2026-09-07/lyc_unfocus1_20260907.edf,unfocus,focus,574.0,578.0
pooled,Existing pooled frozen model,lyc,20260907_lyc_unfocus_01,data/locked/2026-09-07/lyc_unfocus1_20260907.edf,unfocus,focus,576.0,580.0
pooled,Existing pooled frozen model,lyc,20260907_lyc_unfocus_01,data/locked/2026-09-07/lyc_unfocus1_20260907.edf,unfocus,focus,578.0,582.0
pooled,Existing pooled frozen model,lyc,20260907_lyc_unfocus_01,data/locked/2026-09-07/lyc_unfocus1_20260907.edf,unfocus,focus,580.0,584.0
pooled,Existing pooled frozen model,lyc,20260907_lyc_unfocus_01,data/locked/2026-09-07/lyc_unfocus1_20260907.edf,unfocus,unfocus,582.0,586.0
pooled,Existing pooled frozen model,lyc,20260907_lyc_unfocus_01,data/locked/2026-09-07/lyc_unfocus1_20260907.edf,unfocus,unfocus,584.0,588.0
pooled,Existing pooled frozen model,lyc,20260907_lyc_unfocus_01,data/locked/2026-09-07/lyc_unfocus1_20260907.edf,unfocus,unfocus,586.0,590.0
pooled,Existing pooled frozen model,lyc,20260907_lyc_unfocus_01,data/locked/2026-09-07/lyc_unfocus1_20260907.edf,unfocus,unfocus,588.0,592.0
pooled,Existing pooled frozen model,lyc,20260907_lyc_unfocus_01,data/locked/2026-09-07/lyc_unfocus1_20260907.edf,unfocus,unfocus,590.0,594.0
pooled,Existing pooled frozen model,lyc,20260907_lyc_unfocus_01,data/locked/2026-09-07/lyc_unfocus1_20260907.edf,unfocus,focus,592.0,596.0
pooled,Existing pooled frozen model,lyc,20260907_lyc_unfocus_01,data/locked/2026-09-07/lyc_unfocus1_20260907.edf,unfocus,focus,594.0,598.0
pooled,Existing pooled frozen model,lyc,20260907_lyc_unfocus_01,data/locked/2026-09-07/lyc_unfocus1_20260907.edf,unfocus,unfocus,596.0,600.0
pooled,Existing pooled frozen model,lyc,20260907_lyc_unfocus_01,data/locked/2026-09-07/lyc_unfocus1_20260907.edf,unfocus,unfocus,598.0,602.0
pooled,Existing pooled frozen model,lyc,20260907_lyc_unfocus_01,data/locked/2026-09-07/lyc_unfocus1_20260907.edf,unfocus,unfocus,600.0,604.0
pooled,Existing pooled frozen model,lyc,20260907_lyc_unfocus_01,data/locked/2026-09-07/lyc_unfocus1_20260907.edf,unfocus,focus,602.0,606.0
pooled,Existing pooled frozen model,lyc,20260907_lyc_unfocus_01,data/locked/2026-09-07/lyc_unfocus1_20260907.edf,unfocus,unfocus,604.0,608.0
pooled,Existing pooled frozen model,lyc,20260907_lyc_unfocus_01,data/locked/2026-09-07/lyc_unfocus1_20260907.edf,unfocus,unfocus,606.0,610.0
pooled,Existing pooled frozen model,lyc,20260907_lyc_unfocus_01,data/locked/2026-09-07/lyc_unfocus1_20260907.edf,unfocus,unfocus,608.0,612.0
pooled,Existing pooled frozen model,lyc,20260907_lyc_unfocus_01,data/locked/2026-09-07/lyc_unfocus1_20260907.edf,unfocus,focus,610.0,614.0
pooled,Existing pooled frozen model,lyc,20260907_lyc_unfocus_01,data/locked/2026-09-07/lyc_unfocus1_20260907.edf,unfocus,focus,612.0,616.0
pooled,Existing pooled frozen model,lyc,20260907_lyc_unfocus_01,data/locked/2026-09-07/lyc_unfocus1_20260907.edf,unfocus,focus,614.0,618.0
pooled,Existing pooled frozen model,lyc,20260907_lyc_unfocus_01,data/locked/2026-09-07/lyc_unfocus1_20260907.edf,unfocus,unfocus,616.0,620.0
pooled,Existing pooled frozen model,lyc,20260907_lyc_unfocus_01,data/locked/2026-09-07/lyc_unfocus1_20260907.edf,unfocus,focus,618.0,622.0
pooled,Existing pooled frozen model,lyc,20260907_lyc_unfocus_01,data/locked/2026-09-07/lyc_unfocus1_20260907.edf,unfocus,unfocus,620.0,624.0
pooled,Existing pooled frozen model,lyc,20260907_lyc_unfocus_01,data/locked/2026-09-07/lyc_unfocus1_20260907.edf,unfocus,unfocus,622.0,626.0
pooled,Existing pooled frozen model,lyc,20260907_lyc_unfocus_01,data/locked/2026-09-07/lyc_unfocus1_20260907.edf,unfocus,unfocus,624.0,628.0
pooled,Existing pooled frozen model,lyc,20260907_lyc_unfocus_01,data/locked/2026-09-07/lyc_unfocus1_20260907.edf,unfocus,unfocus,626.0,630.0
pooled,Existing pooled frozen model,lyc,20260907_lyc_unfocus_01,data/locked/2026-09-07/lyc_unfocus1_20260907.edf,unfocus,unfocus,628.0,632.0
pooled,Existing pooled frozen model,lyc,20260907_lyc_unfocus_01,data/locked/2026-09-07/lyc_unfocus1_20260907.edf,unfocus,unfocus,630.0,634.0
pooled,Existing pooled frozen model,lyc,20260907_lyc_unfocus_01,data/locked/2026-09-07/lyc_unfocus1_20260907.edf,unfocus,unfocus,632.0,636.0
pooled,Existing pooled frozen model,lyc,20260907_lyc_unfocus_01,data/locked/2026-09-07/lyc_unfocus1_20260907.edf,unfocus,unfocus,634.0,638.0
pooled,Existing pooled frozen model,lyc,20260907_lyc_unfocus_01,data/locked/2026-09-07/lyc_unfocus1_20260907.edf,unfocus,focus,636.0,640.0
pooled,Existing pooled frozen model,lyc,20260907_lyc_unfocus_01,data/locked/2026-09-07/lyc_unfocus1_20260907.edf,unfocus,focus,638.0,642.0
pooled,Existing pooled frozen model,lyc,20260907_lyc_unfocus_01,data/locked/2026-09-07/lyc_unfocus1_20260907.edf,unfocus,unfocus,640.0,644.0
pooled,Existing pooled frozen model,lyc,20260907_lyc_unfocus_01,data/locked/2026-09-07/lyc_unfocus1_20260907.edf,unfocus,focus,642.0,646.0
pooled,Existing pooled frozen model,lyc,20260907_lyc_unfocus_01,data/locked/2026-09-07/lyc_unfocus1_20260907.edf,unfocus,unfocus,644.0,648.0
pooled,Existing pooled frozen model,lyc,20260907_lyc_unfocus_01,data/locked/2026-09-07/lyc_unfocus1_20260907.edf,unfocus,focus,646.0,650.0
pooled,Existing pooled frozen model,lyc,20260907_lyc_unfocus_01,data/locked/2026-09-07/lyc_unfocus1_20260907.edf,unfocus,unfocus,648.0,652.0
pooled,Existing pooled frozen model,lyc,20260907_lyc_unfocus_01,data/locked/2026-09-07/lyc_unfocus1_20260907.edf,unfocus,unfocus,650.0,654.0
pooled,Existing pooled frozen model,lyc,20260907_lyc_unfocus_01,data/locked/2026-09-07/lyc_unfocus1_20260907.edf,unfocus,unfocus,652.0,656.0
pooled,Existing pooled frozen model,lyc,20260907_lyc_unfocus_01,data/locked/2026-09-07/lyc_unfocus1_20260907.edf,unfocus,unfocus,654.0,658.0
pooled,Existing pooled frozen model,lyc,20260907_lyc_unfocus_01,data/locked/2026-09-07/lyc_unfocus1_20260907.edf,unfocus,unfocus,656.0,660.0
pooled,Existing pooled frozen model,lyc,20260907_lyc_unfocus_01,data/locked/2026-09-07/lyc_unfocus1_20260907.edf,unfocus,focus,658.0,662.0
pooled,Existing pooled frozen model,lyc,20260907_lyc_unfocus_01,data/locked/2026-09-07/lyc_unfocus1_20260907.edf,unfocus,unfocus,660.0,664.0
pooled,Existing pooled frozen model,lyc,20260907_lyc_unfocus_01,data/locked/2026-09-07/lyc_unfocus1_20260907.edf,unfocus,unfocus,662.0,666.0
pooled,Existing pooled frozen model,lyc,20260907_lyc_unfocus_01,data/locked/2026-09-07/lyc_unfocus1_20260907.edf,unfocus,unfocus,664.0,668.0
pooled,Existing pooled frozen model,lyc,20260907_lyc_unfocus_01,data/locked/2026-09-07/lyc_unfocus1_20260907.edf,unfocus,focus,666.0,670.0
pooled,Existing pooled frozen model,lyc,20260907_lyc_unfocus_01,data/locked/2026-09-07/lyc_unfocus1_20260907.edf,unfocus,focus,668.0,672.0
pooled,Existing pooled frozen model,lyc,20260907_lyc_unfocus_01,data/locked/2026-09-07/lyc_unfocus1_20260907.edf,unfocus,focus,670.0,674.0
pooled,Existing pooled frozen model,lyc,20260907_lyc_unfocus_01,data/locked/2026-09-07/lyc_unfocus1_20260907.edf,unfocus,focus,672.0,676.0
pooled,Existing pooled frozen model,lyc,20260907_lyc_unfocus_01,data/locked/2026-09-07/lyc_unfocus1_20260907.edf,unfocus,unfocus,674.0,678.0
pooled,Existing pooled frozen model,lyc,20260907_lyc_unfocus_01,data/locked/2026-09-07/lyc_unfocus1_20260907.edf,unfocus,focus,676.0,680.0
pooled,Existing pooled frozen model,lyc,20260907_lyc_unfocus_01,data/locked/2026-09-07/lyc_unfocus1_20260907.edf,unfocus,unfocus,678.0,682.0
pooled,Existing pooled frozen model,lyc,20260907_lyc_unfocus_01,data/locked/2026-09-07/lyc_unfocus1_20260907.edf,unfocus,unfocus,680.0,684.0
pooled,Existing pooled frozen model,lyc,20260907_lyc_unfocus_01,data/locked/2026-09-07/lyc_unfocus1_20260907.edf,unfocus,unfocus,682.0,686.0
pooled,Existing pooled frozen model,lyc,20260907_lyc_unfocus_01,data/locked/2026-09-07/lyc_unfocus1_20260907.edf,unfocus,unfocus,684.0,688.0
pooled,Existing pooled frozen model,lyc,20260907_lyc_unfocus_01,data/locked/2026-09-07/lyc_unfocus1_20260907.edf,unfocus,unfocus,686.0,690.0
pooled,Existing pooled frozen model,lyc,20260907_lyc_unfocus_01,data/locked/2026-09-07/lyc_unfocus1_20260907.edf,unfocus,unfocus,688.0,692.0
pooled,Existing pooled frozen model,lyc,20260907_lyc_unfocus_01,data/locked/2026-09-07/lyc_unfocus1_20260907.edf,unfocus,focus,690.0,694.0
pooled,Existing pooled frozen model,lyc,20260907_lyc_unfocus_01,data/locked/2026-09-07/lyc_unfocus1_20260907.edf,unfocus,focus,692.0,696.0
pooled,Existing pooled frozen model,lyc,20260907_lyc_unfocus_01,data/locked/2026-09-07/lyc_unfocus1_20260907.edf,unfocus,focus,694.0,698.0
pooled,Existing pooled frozen model,lyc,20260907_lyc_unfocus_01,data/locked/2026-09-07/lyc_unfocus1_20260907.edf,unfocus,unfocus,696.0,700.0
pooled,Existing pooled frozen model,lyc,20260907_lyc_unfocus_01,data/locked/2026-09-07/lyc_unfocus1_20260907.edf,unfocus,focus,698.0,702.0
pooled,Existing pooled frozen model,lyc,20260907_lyc_unfocus_01,data/locked/2026-09-07/lyc_unfocus1_20260907.edf,unfocus,unfocus,700.0,704.0
pooled,Existing pooled frozen model,lyc,20260907_lyc_unfocus_01,data/locked/2026-09-07/lyc_unfocus1_20260907.edf,unfocus,focus,702.0,706.0
pooled,Existing pooled frozen model,lyc,20260907_lyc_unfocus_01,data/locked/2026-09-07/lyc_unfocus1_20260907.edf,unfocus,focus,704.0,708.0
pooled,Existing pooled frozen model,lyc,20260907_lyc_unfocus_01,data/locked/2026-09-07/lyc_unfocus1_20260907.edf,unfocus,focus,706.0,710.0
pooled,Existing pooled frozen model,lyc,20260907_lyc_unfocus_01,data/locked/2026-09-07/lyc_unfocus1_20260907.edf,unfocus,focus,708.0,712.0
pooled,Existing pooled frozen model,lyc,20260907_lyc_unfocus_01,data/locked/2026-09-07/lyc_unfocus1_20260907.edf,unfocus,focus,710.0,714.0
pooled,Existing pooled frozen model,lyc,20260907_lyc_unfocus_01,data/locked/2026-09-07/lyc_unfocus1_20260907.edf,unfocus,unfocus,712.0,716.0
pooled,Existing pooled frozen model,lyc,20260907_lyc_unfocus_01,data/locked/2026-09-07/lyc_unfocus1_20260907.edf,unfocus,unfocus,714.0,718.0
pooled,Existing pooled frozen model,lyc,20260907_lyc_unfocus_01,data/locked/2026-09-07/lyc_unfocus1_20260907.edf,unfocus,unfocus,716.0,720.0
pooled,Existing pooled frozen model,lyc,20260907_lyc_unfocus_01,data/locked/2026-09-07/lyc_unfocus1_20260907.edf,unfocus,focus,718.0,722.0
pooled,Existing pooled frozen model,lyc,20260907_lyc_unfocus_01,data/locked/2026-09-07/lyc_unfocus1_20260907.edf,unfocus,focus,720.0,724.0
pooled,Existing pooled frozen model,lyc,20260907_lyc_unfocus_01,data/locked/2026-09-07/lyc_unfocus1_20260907.edf,unfocus,focus,722.0,726.0
pooled,Existing pooled frozen model,lyc,20260907_lyc_unfocus_01,data/locked/2026-09-07/lyc_unfocus1_20260907.edf,unfocus,focus,724.0,728.0
pooled,Existing pooled frozen model,lyc,20260907_lyc_unfocus_01,data/locked/2026-09-07/lyc_unfocus1_20260907.edf,unfocus,unfocus,726.0,730.0
pooled,Existing pooled frozen model,lyc,20260907_lyc_unfocus_01,data/locked/2026-09-07/lyc_unfocus1_20260907.edf,unfocus,unfocus,728.0,732.0
pooled,Existing pooled frozen model,lyc,20260907_lyc_unfocus_01,data/locked/2026-09-07/lyc_unfocus1_20260907.edf,unfocus,unfocus,730.0,734.0
pooled,Existing pooled frozen model,lyc,20260907_lyc_unfocus_01,data/locked/2026-09-07/lyc_unfocus1_20260907.edf,unfocus,unfocus,732.0,736.0
pooled,Existing pooled frozen model,lyc,20260907_lyc_unfocus_01,data/locked/2026-09-07/lyc_unfocus1_20260907.edf,unfocus,unfocus,734.0,738.0
pooled,Existing pooled frozen model,lyc,20260907_lyc_unfocus_01,data/locked/2026-09-07/lyc_unfocus1_20260907.edf,unfocus,unfocus,736.0,740.0
pooled,Existing pooled frozen model,lyc,20260907_lyc_unfocus_01,data/locked/2026-09-07/lyc_unfocus1_20260907.edf,unfocus,focus,738.0,742.0
pooled,Existing pooled frozen model,lyc,20260907_lyc_unfocus_01,data/locked/2026-09-07/lyc_unfocus1_20260907.edf,unfocus,focus,740.0,744.0
pooled,Existing pooled frozen model,lyc,20260907_lyc_unfocus_01,data/locked/2026-09-07/lyc_unfocus1_20260907.edf,unfocus,unfocus,742.0,746.0
pooled,Existing pooled frozen model,lyc,20260907_lyc_unfocus_01,data/locked/2026-09-07/lyc_unfocus1_20260907.edf,unfocus,focus,744.0,748.0
pooled,Existing pooled frozen model,lyc,20260907_lyc_unfocus_01,data/locked/2026-09-07/lyc_unfocus1_20260907.edf,unfocus,unfocus,746.0,750.0
pooled,Existing pooled frozen model,lyc,20260907_lyc_unfocus_01,data/locked/2026-09-07/lyc_unfocus1_20260907.edf,unfocus,focus,748.0,752.0
pooled,Existing pooled frozen model,lyc,20260907_lyc_unfocus_01,data/locked/2026-09-07/lyc_unfocus1_20260907.edf,unfocus,unfocus,750.0,754.0
pooled,Existing pooled frozen model,lyc,20260907_lyc_unfocus_01,data/locked/2026-09-07/lyc_unfocus1_20260907.edf,unfocus,unfocus,752.0,756.0
pooled,Existing pooled frozen model,lyc,20260907_lyc_unfocus_01,data/locked/2026-09-07/lyc_unfocus1_20260907.edf,unfocus,focus,754.0,758.0
pooled,Existing pooled frozen model,lyc,20260907_lyc_unfocus_01,data/locked/2026-09-07/lyc_unfocus1_20260907.edf,unfocus,focus,756.0,760.0
pooled,Existing pooled frozen model,lyc,20260907_lyc_unfocus_01,data/locked/2026-09-07/lyc_unfocus1_20260907.edf,unfocus,focus,758.0,762.0
pooled,Existing pooled frozen model,lyc,20260907_lyc_unfocus_01,data/locked/2026-09-07/lyc_unfocus1_20260907.edf,unfocus,focus,760.0,764.0
pooled,Existing pooled frozen model,lyc,20260907_lyc_unfocus_01,data/locked/2026-09-07/lyc_unfocus1_20260907.edf,unfocus,focus,762.0,766.0
pooled,Existing pooled frozen model,lyc,20260907_lyc_unfocus_01,data/locked/2026-09-07/lyc_unfocus1_20260907.edf,unfocus,focus,764.0,768.0
pooled,Existing pooled frozen model,lyc,20260907_lyc_unfocus_01,data/locked/2026-09-07/lyc_unfocus1_20260907.edf,unfocus,focus,766.0,770.0
pooled,Existing pooled frozen model,lyc,20260907_lyc_unfocus_01,data/locked/2026-09-07/lyc_unfocus1_20260907.edf,unfocus,focus,768.0,772.0
pooled,Existing pooled frozen model,lyc,20260907_lyc_unfocus_01,data/locked/2026-09-07/lyc_unfocus1_20260907.edf,unfocus,unfocus,770.0,774.0
pooled,Existing pooled frozen model,lyc,20260907_lyc_unfocus_01,data/locked/2026-09-07/lyc_unfocus1_20260907.edf,unfocus,unfocus,772.0,776.0
pooled,Existing pooled frozen model,lyc,20260907_lyc_unfocus_01,data/locked/2026-09-07/lyc_unfocus1_20260907.edf,unfocus,unfocus,774.0,778.0
pooled,Existing pooled frozen model,lyc,20260907_lyc_unfocus_01,data/locked/2026-09-07/lyc_unfocus1_20260907.edf,unfocus,unfocus,776.0,780.0
pooled,Existing pooled frozen model,lyc,20260907_lyc_unfocus_01,data/locked/2026-09-07/lyc_unfocus1_20260907.edf,unfocus,focus,778.0,782.0
pooled,Existing pooled frozen model,lyc,20260907_lyc_unfocus_01,data/locked/2026-09-07/lyc_unfocus1_20260907.edf,unfocus,focus,780.0,784.0
pooled,Existing pooled frozen model,lyc,20260907_lyc_unfocus_01,data/locked/2026-09-07/lyc_unfocus1_20260907.edf,unfocus,focus,782.0,786.0
pooled,Existing pooled frozen model,lyc,20260907_lyc_unfocus_01,data/locked/2026-09-07/lyc_unfocus1_20260907.edf,unfocus,focus,784.0,788.0
pooled,Existing pooled frozen model,lyc,20260907_lyc_unfocus_01,data/locked/2026-09-07/lyc_unfocus1_20260907.edf,unfocus,focus,786.0,790.0
pooled,Existing pooled frozen model,lyc,20260907_lyc_unfocus_01,data/locked/2026-09-07/lyc_unfocus1_20260907.edf,unfocus,focus,788.0,792.0
pooled,Existing pooled frozen model,lyc,20260907_lyc_unfocus_01,data/locked/2026-09-07/lyc_unfocus1_20260907.edf,unfocus,unfocus,790.0,794.0
pooled,Existing pooled frozen model,lyc,20260907_lyc_unfocus_01,data/locked/2026-09-07/lyc_unfocus1_20260907.edf,unfocus,unfocus,792.0,796.0
pooled,Existing pooled frozen model,lyc,20260907_lyc_unfocus_01,data/locked/2026-09-07/lyc_unfocus1_20260907.edf,unfocus,focus,794.0,798.0
pooled,Existing pooled frozen model,lyc,20260907_lyc_unfocus_01,data/locked/2026-09-07/lyc_unfocus1_20260907.edf,unfocus,unfocus,796.0,800.0
pooled,Existing pooled frozen model,lyc,20260907_lyc_unfocus_01,data/locked/2026-09-07/lyc_unfocus1_20260907.edf,unfocus,focus,798.0,802.0
pooled,Existing pooled frozen model,lyc,20260907_lyc_unfocus_01,data/locked/2026-09-07/lyc_unfocus1_20260907.edf,unfocus,focus,800.0,804.0
pooled,Existing pooled frozen model,lyc,20260907_lyc_unfocus_01,data/locked/2026-09-07/lyc_unfocus1_20260907.edf,unfocus,focus,802.0,806.0
pooled,Existing pooled frozen model,lyc,20260907_lyc_unfocus_01,data/locked/2026-09-07/lyc_unfocus1_20260907.edf,unfocus,focus,804.0,808.0
pooled,Existing pooled frozen model,lyc,20260907_lyc_unfocus_01,data/locked/2026-09-07/lyc_unfocus1_20260907.edf,unfocus,unfocus,806.0,810.0
pooled,Existing pooled frozen model,lyc,20260907_lyc_unfocus_01,data/locked/2026-09-07/lyc_unfocus1_20260907.edf,unfocus,unfocus,808.0,812.0
pooled,Existing pooled frozen model,lyc,20260907_lyc_unfocus_01,data/locked/2026-09-07/lyc_unfocus1_20260907.edf,unfocus,unfocus,810.0,814.0
pooled,Existing pooled frozen model,lyc,20260907_lyc_unfocus_01,data/locked/2026-09-07/lyc_unfocus1_20260907.edf,unfocus,focus,812.0,816.0
pooled,Existing pooled frozen model,lyc,20260907_lyc_unfocus_01,data/locked/2026-09-07/lyc_unfocus1_20260907.edf,unfocus,focus,814.0,818.0
pooled,Existing pooled frozen model,lyc,20260907_lyc_unfocus_01,data/locked/2026-09-07/lyc_unfocus1_20260907.edf,unfocus,unfocus,816.0,820.0
pooled,Existing pooled frozen model,lyc,20260907_lyc_unfocus_01,data/locked/2026-09-07/lyc_unfocus1_20260907.edf,unfocus,unfocus,818.0,822.0
pooled,Existing pooled frozen model,lyc,20260907_lyc_unfocus_01,data/locked/2026-09-07/lyc_unfocus1_20260907.edf,unfocus,unfocus,820.0,824.0
pooled,Existing pooled frozen model,lyc,20260907_lyc_unfocus_01,data/locked/2026-09-07/lyc_unfocus1_20260907.edf,unfocus,unfocus,822.0,826.0
pooled,Existing pooled frozen model,lyc,20260907_lyc_unfocus_01,data/locked/2026-09-07/lyc_unfocus1_20260907.edf,unfocus,unfocus,824.0,828.0
pooled,Existing pooled frozen model,lyc,20260907_lyc_unfocus_01,data/locked/2026-09-07/lyc_unfocus1_20260907.edf,unfocus,focus,826.0,830.0
pooled,Existing pooled frozen model,lyc,20260907_lyc_unfocus_01,data/locked/2026-09-07/lyc_unfocus1_20260907.edf,unfocus,unfocus,828.0,832.0
pooled,Existing pooled frozen model,lyc,20260907_lyc_unfocus_01,data/locked/2026-09-07/lyc_unfocus1_20260907.edf,unfocus,focus,830.0,834.0
pooled,Existing pooled frozen model,lyc,20260907_lyc_unfocus_01,data/locked/2026-09-07/lyc_unfocus1_20260907.edf,unfocus,unfocus,832.0,836.0
pooled,Existing pooled frozen model,lyc,20260907_lyc_unfocus_01,data/locked/2026-09-07/lyc_unfocus1_20260907.edf,unfocus,unfocus,834.0,838.0
pooled,Existing pooled frozen model,lyc,20260907_lyc_unfocus_01,data/locked/2026-09-07/lyc_unfocus1_20260907.edf,unfocus,focus,836.0,840.0
pooled,Existing pooled frozen model,lyc,20260907_lyc_unfocus_01,data/locked/2026-09-07/lyc_unfocus1_20260907.edf,unfocus,focus,838.0,842.0
pooled,Existing pooled frozen model,lyc,20260907_lyc_unfocus_01,data/locked/2026-09-07/lyc_unfocus1_20260907.edf,unfocus,unfocus,840.0,844.0
pooled,Existing pooled frozen model,lyc,20260907_lyc_unfocus_01,data/locked/2026-09-07/lyc_unfocus1_20260907.edf,unfocus,focus,842.0,846.0
pooled,Existing pooled frozen model,lyc,20260907_lyc_unfocus_01,data/locked/2026-09-07/lyc_unfocus1_20260907.edf,unfocus,unfocus,844.0,848.0
pooled,Existing pooled frozen model,lyc,20260907_lyc_unfocus_01,data/locked/2026-09-07/lyc_unfocus1_20260907.edf,unfocus,unfocus,846.0,850.0
pooled,Existing pooled frozen model,lyc,20260907_lyc_unfocus_01,data/locked/2026-09-07/lyc_unfocus1_20260907.edf,unfocus,unfocus,848.0,852.0
pooled,Existing pooled frozen model,lyc,20260907_lyc_unfocus_01,data/locked/2026-09-07/lyc_unfocus1_20260907.edf,unfocus,unfocus,850.0,854.0
pooled,Existing pooled frozen model,lyc,20260907_lyc_unfocus_01,data/locked/2026-09-07/lyc_unfocus1_20260907.edf,unfocus,focus,852.0,856.0
pooled,Existing pooled frozen model,lyc,20260907_lyc_unfocus_01,data/locked/2026-09-07/lyc_unfocus1_20260907.edf,unfocus,unfocus,854.0,858.0
pooled,Existing pooled frozen model,lyc,20260907_lyc_unfocus_01,data/locked/2026-09-07/lyc_unfocus1_20260907.edf,unfocus,unfocus,856.0,860.0
pooled,Existing pooled frozen model,lyc,20260907_lyc_unfocus_01,data/locked/2026-09-07/lyc_unfocus1_20260907.edf,unfocus,focus,858.0,862.0
pooled,Existing pooled frozen model,lyc,20260907_lyc_unfocus_01,data/locked/2026-09-07/lyc_unfocus1_20260907.edf,unfocus,focus,860.0,864.0
pooled,Existing pooled frozen model,lyc,20260907_lyc_unfocus_01,data/locked/2026-09-07/lyc_unfocus1_20260907.edf,unfocus,focus,862.0,866.0
pooled,Existing pooled frozen model,lyc,20260907_lyc_unfocus_01,data/locked/2026-09-07/lyc_unfocus1_20260907.edf,unfocus,focus,864.0,868.0
pooled,Existing pooled frozen model,lyc,20260907_lyc_unfocus_01,data/locked/2026-09-07/lyc_unfocus1_20260907.edf,unfocus,unfocus,866.0,870.0
pooled,Existing pooled frozen model,lyc,20260907_lyc_unfocus_01,data/locked/2026-09-07/lyc_unfocus1_20260907.edf,unfocus,unfocus,868.0,872.0
pooled,Existing pooled frozen model,lyc,20260907_lyc_unfocus_01,data/locked/2026-09-07/lyc_unfocus1_20260907.edf,unfocus,unfocus,870.0,874.0
pooled,Existing pooled frozen model,lyc,20260907_lyc_unfocus_01,data/locked/2026-09-07/lyc_unfocus1_20260907.edf,unfocus,focus,872.0,876.0
pooled,Existing pooled frozen model,lyc,20260907_lyc_unfocus_01,data/locked/2026-09-07/lyc_unfocus1_20260907.edf,unfocus,unfocus,874.0,878.0
pooled,Existing pooled frozen model,lyc,20260907_lyc_unfocus_01,data/locked/2026-09-07/lyc_unfocus1_20260907.edf,unfocus,focus,876.0,880.0
lyc_personal,lyc personal model,lyc,20260907_lyc_unfocus_01,data/locked/2026-09-07/lyc_unfocus1_20260907.edf,unfocus,focus,30.0,34.0
lyc_personal,lyc personal model,lyc,20260907_lyc_unfocus_01,data/locked/2026-09-07/lyc_unfocus1_20260907.edf,unfocus,unfocus,32.0,36.0
lyc_personal,lyc personal model,lyc,20260907_lyc_unfocus_01,data/locked/2026-09-07/lyc_unfocus1_20260907.edf,unfocus,unfocus,34.0,38.0
lyc_personal,lyc personal model,lyc,20260907_lyc_unfocus_01,data/locked/2026-09-07/lyc_unfocus1_20260907.edf,unfocus,focus,36.0,40.0
lyc_personal,lyc personal model,lyc,20260907_lyc_unfocus_01,data/locked/2026-09-07/lyc_unfocus1_20260907.edf,unfocus,unfocus,38.0,42.0
lyc_personal,lyc personal model,lyc,20260907_lyc_unfocus_01,data/locked/2026-09-07/lyc_unfocus1_20260907.edf,unfocus,unfocus,40.0,44.0
lyc_personal,lyc personal model,lyc,20260907_lyc_unfocus_01,data/locked/2026-09-07/lyc_unfocus1_20260907.edf,unfocus,focus,42.0,46.0
lyc_personal,lyc personal model,lyc,20260907_lyc_unfocus_01,data/locked/2026-09-07/lyc_unfocus1_20260907.edf,unfocus,focus,44.0,48.0
lyc_personal,lyc personal model,lyc,20260907_lyc_unfocus_01,data/locked/2026-09-07/lyc_unfocus1_20260907.edf,unfocus,unfocus,46.0,50.0
lyc_personal,lyc personal model,lyc,20260907_lyc_unfocus_01,data/locked/2026-09-07/lyc_unfocus1_20260907.edf,unfocus,unfocus,48.0,52.0
lyc_personal,lyc personal model,lyc,20260907_lyc_unfocus_01,data/locked/2026-09-07/lyc_unfocus1_20260907.edf,unfocus,unfocus,50.0,54.0
lyc_personal,lyc personal model,lyc,20260907_lyc_unfocus_01,data/locked/2026-09-07/lyc_unfocus1_20260907.edf,unfocus,unfocus,52.0,56.0
lyc_personal,lyc personal model,lyc,20260907_lyc_unfocus_01,data/locked/2026-09-07/lyc_unfocus1_20260907.edf,unfocus,unfocus,54.0,58.0
lyc_personal,lyc personal model,lyc,20260907_lyc_unfocus_01,data/locked/2026-09-07/lyc_unfocus1_20260907.edf,unfocus,unfocus,56.0,60.0
lyc_personal,lyc personal model,lyc,20260907_lyc_unfocus_01,data/locked/2026-09-07/lyc_unfocus1_20260907.edf,unfocus,unfocus,58.0,62.0
lyc_personal,lyc personal model,lyc,20260907_lyc_unfocus_01,data/locked/2026-09-07/lyc_unfocus1_20260907.edf,unfocus,unfocus,60.0,64.0
lyc_personal,lyc personal model,lyc,20260907_lyc_unfocus_01,data/locked/2026-09-07/lyc_unfocus1_20260907.edf,unfocus,focus,62.0,66.0
lyc_personal,lyc personal model,lyc,20260907_lyc_unfocus_01,data/locked/2026-09-07/lyc_unfocus1_20260907.edf,unfocus,focus,64.0,68.0
lyc_personal,lyc personal model,lyc,20260907_lyc_unfocus_01,data/locked/2026-09-07/lyc_unfocus1_20260907.edf,unfocus,unfocus,66.0,70.0
lyc_personal,lyc personal model,lyc,20260907_lyc_unfocus_01,data/locked/2026-09-07/lyc_unfocus1_20260907.edf,unfocus,unfocus,68.0,72.0
lyc_personal,lyc personal model,lyc,20260907_lyc_unfocus_01,data/locked/2026-09-07/lyc_unfocus1_20260907.edf,unfocus,unfocus,70.0,74.0
lyc_personal,lyc personal model,lyc,20260907_lyc_unfocus_01,data/locked/2026-09-07/lyc_unfocus1_20260907.edf,unfocus,unfocus,72.0,76.0
lyc_personal,lyc personal model,lyc,20260907_lyc_unfocus_01,data/locked/2026-09-07/lyc_unfocus1_20260907.edf,unfocus,unfocus,74.0,78.0
lyc_personal,lyc personal model,lyc,20260907_lyc_unfocus_01,data/locked/2026-09-07/lyc_unfocus1_20260907.edf,unfocus,focus,76.0,80.0
lyc_personal,lyc personal model,lyc,20260907_lyc_unfocus_01,data/locked/2026-09-07/lyc_unfocus1_20260907.edf,unfocus,unfocus,78.0,82.0
lyc_personal,lyc personal model,lyc,20260907_lyc_unfocus_01,data/locked/2026-09-07/lyc_unfocus1_20260907.edf,unfocus,focus,80.0,84.0
lyc_personal,lyc personal model,lyc,20260907_lyc_unfocus_01,data/locked/2026-09-07/lyc_unfocus1_20260907.edf,unfocus,unfocus,82.0,86.0
lyc_personal,lyc personal model,lyc,20260907_lyc_unfocus_01,data/locked/2026-09-07/lyc_unfocus1_20260907.edf,unfocus,unfocus,84.0,88.0
lyc_personal,lyc personal model,lyc,20260907_lyc_unfocus_01,data/locked/2026-09-07/lyc_unfocus1_20260907.edf,unfocus,unfocus,86.0,90.0
lyc_personal,lyc personal model,lyc,20260907_lyc_unfocus_01,data/locked/2026-09-07/lyc_unfocus1_20260907.edf,unfocus,unfocus,88.0,92.0
lyc_personal,lyc personal model,lyc,20260907_lyc_unfocus_01,data/locked/2026-09-07/lyc_unfocus1_20260907.edf,unfocus,unfocus,90.0,94.0
lyc_personal,lyc personal model,lyc,20260907_lyc_unfocus_01,data/locked/2026-09-07/lyc_unfocus1_20260907.edf,unfocus,unfocus,92.0,96.0
lyc_personal,lyc personal model,lyc,20260907_lyc_unfocus_01,data/locked/2026-09-07/lyc_unfocus1_20260907.edf,unfocus,unfocus,94.0,98.0
lyc_personal,lyc personal model,lyc,20260907_lyc_unfocus_01,data/locked/2026-09-07/lyc_unfocus1_20260907.edf,unfocus,unfocus,96.0,100.0
lyc_personal,lyc personal model,lyc,20260907_lyc_unfocus_01,data/locked/2026-09-07/lyc_unfocus1_20260907.edf,unfocus,unfocus,98.0,102.0
lyc_personal,lyc personal model,lyc,20260907_lyc_unfocus_01,data/locked/2026-09-07/lyc_unfocus1_20260907.edf,unfocus,focus,100.0,104.0
lyc_personal,lyc personal model,lyc,20260907_lyc_unfocus_01,data/locked/2026-09-07/lyc_unfocus1_20260907.edf,unfocus,focus,102.0,106.0
lyc_personal,lyc personal model,lyc,20260907_lyc_unfocus_01,data/locked/2026-09-07/lyc_unfocus1_20260907.edf,unfocus,unfocus,104.0,108.0
lyc_personal,lyc personal model,lyc,20260907_lyc_unfocus_01,data/locked/2026-09-07/lyc_unfocus1_20260907.edf,unfocus,unfocus,106.0,110.0
lyc_personal,lyc personal model,lyc,20260907_lyc_unfocus_01,data/locked/2026-09-07/lyc_unfocus1_20260907.edf,unfocus,focus,108.0,112.0
lyc_personal,lyc personal model,lyc,20260907_lyc_unfocus_01,data/locked/2026-09-07/lyc_unfocus1_20260907.edf,unfocus,focus,110.0,114.0
lyc_personal,lyc personal model,lyc,20260907_lyc_unfocus_01,data/locked/2026-09-07/lyc_unfocus1_20260907.edf,unfocus,focus,112.0,116.0
lyc_personal,lyc personal model,lyc,20260907_lyc_unfocus_01,data/locked/2026-09-07/lyc_unfocus1_20260907.edf,unfocus,unfocus,114.0,118.0
lyc_personal,lyc personal model,lyc,20260907_lyc_unfocus_01,data/locked/2026-09-07/lyc_unfocus1_20260907.edf,unfocus,unfocus,116.0,120.0
lyc_personal,lyc personal model,lyc,20260907_lyc_unfocus_01,data/locked/2026-09-07/lyc_unfocus1_20260907.edf,unfocus,unfocus,118.0,122.0
lyc_personal,lyc personal model,lyc,20260907_lyc_unfocus_01,data/locked/2026-09-07/lyc_unfocus1_20260907.edf,unfocus,unfocus,120.0,124.0
lyc_personal,lyc personal model,lyc,20260907_lyc_unfocus_01,data/locked/2026-09-07/lyc_unfocus1_20260907.edf,unfocus,unfocus,122.0,126.0
lyc_personal,lyc personal model,lyc,20260907_lyc_unfocus_01,data/locked/2026-09-07/lyc_unfocus1_20260907.edf,unfocus,focus,124.0,128.0
lyc_personal,lyc personal model,lyc,20260907_lyc_unfocus_01,data/locked/2026-09-07/lyc_unfocus1_20260907.edf,unfocus,unfocus,126.0,130.0
lyc_personal,lyc personal model,lyc,20260907_lyc_unfocus_01,data/locked/2026-09-07/lyc_unfocus1_20260907.edf,unfocus,unfocus,128.0,132.0
lyc_personal,lyc personal model,lyc,20260907_lyc_unfocus_01,data/locked/2026-09-07/lyc_unfocus1_20260907.edf,unfocus,unfocus,130.0,134.0
lyc_personal,lyc personal model,lyc,20260907_lyc_unfocus_01,data/locked/2026-09-07/lyc_unfocus1_20260907.edf,unfocus,unfocus,132.0,136.0
lyc_personal,lyc personal model,lyc,20260907_lyc_unfocus_01,data/locked/2026-09-07/lyc_unfocus1_20260907.edf,unfocus,focus,134.0,138.0
lyc_personal,lyc personal model,lyc,20260907_lyc_unfocus_01,data/locked/2026-09-07/lyc_unfocus1_20260907.edf,unfocus,unfocus,136.0,140.0
lyc_personal,lyc personal model,lyc,20260907_lyc_unfocus_01,data/locked/2026-09-07/lyc_unfocus1_20260907.edf,unfocus,focus,138.0,142.0
lyc_personal,lyc personal model,lyc,20260907_lyc_unfocus_01,data/locked/2026-09-07/lyc_unfocus1_20260907.edf,unfocus,focus,140.0,144.0
lyc_personal,lyc personal model,lyc,20260907_lyc_unfocus_01,data/locked/2026-09-07/lyc_unfocus1_20260907.edf,unfocus,unfocus,142.0,146.0
lyc_personal,lyc personal model,lyc,20260907_lyc_unfocus_01,data/locked/2026-09-07/lyc_unfocus1_20260907.edf,unfocus,focus,144.0,148.0
lyc_personal,lyc personal model,lyc,20260907_lyc_unfocus_01,data/locked/2026-09-07/lyc_unfocus1_20260907.edf,unfocus,focus,146.0,150.0
lyc_personal,lyc personal model,lyc,20260907_lyc_unfocus_01,data/locked/2026-09-07/lyc_unfocus1_20260907.edf,unfocus,unfocus,148.0,152.0
lyc_personal,lyc personal model,lyc,20260907_lyc_unfocus_01,data/locked/2026-09-07/lyc_unfocus1_20260907.edf,unfocus,focus,150.0,154.0
lyc_personal,lyc personal model,lyc,20260907_lyc_unfocus_01,data/locked/2026-09-07/lyc_unfocus1_20260907.edf,unfocus,focus,152.0,156.0
lyc_personal,lyc personal model,lyc,20260907_lyc_unfocus_01,data/locked/2026-09-07/lyc_unfocus1_20260907.edf,unfocus,unfocus,154.0,158.0
lyc_personal,lyc personal model,lyc,20260907_lyc_unfocus_01,data/locked/2026-09-07/lyc_unfocus1_20260907.edf,unfocus,unfocus,156.0,160.0
lyc_personal,lyc personal model,lyc,20260907_lyc_unfocus_01,data/locked/2026-09-07/lyc_unfocus1_20260907.edf,unfocus,unfocus,158.0,162.0
lyc_personal,lyc personal model,lyc,20260907_lyc_unfocus_01,data/locked/2026-09-07/lyc_unfocus1_20260907.edf,unfocus,unfocus,160.0,164.0
lyc_personal,lyc personal model,lyc,20260907_lyc_unfocus_01,data/locked/2026-09-07/lyc_unfocus1_20260907.edf,unfocus,unfocus,162.0,166.0
lyc_personal,lyc personal model,lyc,20260907_lyc_unfocus_01,data/locked/2026-09-07/lyc_unfocus1_20260907.edf,unfocus,focus,164.0,168.0
lyc_personal,lyc personal model,lyc,20260907_lyc_unfocus_01,data/locked/2026-09-07/lyc_unfocus1_20260907.edf,unfocus,focus,166.0,170.0
lyc_personal,lyc personal model,lyc,20260907_lyc_unfocus_01,data/locked/2026-09-07/lyc_unfocus1_20260907.edf,unfocus,unfocus,168.0,172.0
lyc_personal,lyc personal model,lyc,20260907_lyc_unfocus_01,data/locked/2026-09-07/lyc_unfocus1_20260907.edf,unfocus,unfocus,170.0,174.0
lyc_personal,lyc personal model,lyc,20260907_lyc_unfocus_01,data/locked/2026-09-07/lyc_unfocus1_20260907.edf,unfocus,focus,172.0,176.0
lyc_personal,lyc personal model,lyc,20260907_lyc_unfocus_01,data/locked/2026-09-07/lyc_unfocus1_20260907.edf,unfocus,focus,174.0,178.0
lyc_personal,lyc personal model,lyc,20260907_lyc_unfocus_01,data/locked/2026-09-07/lyc_unfocus1_20260907.edf,unfocus,focus,176.0,180.0
lyc_personal,lyc personal model,lyc,20260907_lyc_unfocus_01,data/locked/2026-09-07/lyc_unfocus1_20260907.edf,unfocus,focus,178.0,182.0
lyc_personal,lyc personal model,lyc,20260907_lyc_unfocus_01,data/locked/2026-09-07/lyc_unfocus1_20260907.edf,unfocus,focus,180.0,184.0
lyc_personal,lyc personal model,lyc,20260907_lyc_unfocus_01,data/locked/2026-09-07/lyc_unfocus1_20260907.edf,unfocus,focus,182.0,186.0
lyc_personal,lyc personal model,lyc,20260907_lyc_unfocus_01,data/locked/2026-09-07/lyc_unfocus1_20260907.edf,unfocus,focus,184.0,188.0
lyc_personal,lyc personal model,lyc,20260907_lyc_unfocus_01,data/locked/2026-09-07/lyc_unfocus1_20260907.edf,unfocus,focus,186.0,190.0
lyc_personal,lyc personal model,lyc,20260907_lyc_unfocus_01,data/locked/2026-09-07/lyc_unfocus1_20260907.edf,unfocus,focus,188.0,192.0
lyc_personal,lyc personal model,lyc,20260907_lyc_unfocus_01,data/locked/2026-09-07/lyc_unfocus1_20260907.edf,unfocus,focus,190.0,194.0
lyc_personal,lyc personal model,lyc,20260907_lyc_unfocus_01,data/locked/2026-09-07/lyc_unfocus1_20260907.edf,unfocus,focus,192.0,196.0
lyc_personal,lyc personal model,lyc,20260907_lyc_unfocus_01,data/locked/2026-09-07/lyc_unfocus1_20260907.edf,unfocus,focus,194.0,198.0
lyc_personal,lyc personal model,lyc,20260907_lyc_unfocus_01,data/locked/2026-09-07/lyc_unfocus1_20260907.edf,unfocus,focus,196.0,200.0
lyc_personal,lyc personal model,lyc,20260907_lyc_unfocus_01,data/locked/2026-09-07/lyc_unfocus1_20260907.edf,unfocus,focus,198.0,202.0
lyc_personal,lyc personal model,lyc,20260907_lyc_unfocus_01,data/locked/2026-09-07/lyc_unfocus1_20260907.edf,unfocus,unfocus,200.0,204.0
lyc_personal,lyc personal model,lyc,20260907_lyc_unfocus_01,data/locked/2026-09-07/lyc_unfocus1_20260907.edf,unfocus,unfocus,202.0,206.0
lyc_personal,lyc personal model,lyc,20260907_lyc_unfocus_01,data/locked/2026-09-07/lyc_unfocus1_20260907.edf,unfocus,unfocus,204.0,208.0
lyc_personal,lyc personal model,lyc,20260907_lyc_unfocus_01,data/locked/2026-09-07/lyc_unfocus1_20260907.edf,unfocus,unfocus,206.0,210.0
lyc_personal,lyc personal model,lyc,20260907_lyc_unfocus_01,data/locked/2026-09-07/lyc_unfocus1_20260907.edf,unfocus,focus,208.0,212.0
lyc_personal,lyc personal model,lyc,20260907_lyc_unfocus_01,data/locked/2026-09-07/lyc_unfocus1_20260907.edf,unfocus,unfocus,210.0,214.0
lyc_personal,lyc personal model,lyc,20260907_lyc_unfocus_01,data/locked/2026-09-07/lyc_unfocus1_20260907.edf,unfocus,unfocus,212.0,216.0
lyc_personal,lyc personal model,lyc,20260907_lyc_unfocus_01,data/locked/2026-09-07/lyc_unfocus1_20260907.edf,unfocus,unfocus,214.0,218.0
lyc_personal,lyc personal model,lyc,20260907_lyc_unfocus_01,data/locked/2026-09-07/lyc_unfocus1_20260907.edf,unfocus,unfocus,216.0,220.0
lyc_personal,lyc personal model,lyc,20260907_lyc_unfocus_01,data/locked/2026-09-07/lyc_unfocus1_20260907.edf,unfocus,unfocus,218.0,222.0
lyc_personal,lyc personal model,lyc,20260907_lyc_unfocus_01,data/locked/2026-09-07/lyc_unfocus1_20260907.edf,unfocus,unfocus,220.0,224.0
lyc_personal,lyc personal model,lyc,20260907_lyc_unfocus_01,data/locked/2026-09-07/lyc_unfocus1_20260907.edf,unfocus,unfocus,222.0,226.0
lyc_personal,lyc personal model,lyc,20260907_lyc_unfocus_01,data/locked/2026-09-07/lyc_unfocus1_20260907.edf,unfocus,focus,224.0,228.0
lyc_personal,lyc personal model,lyc,20260907_lyc_unfocus_01,data/locked/2026-09-07/lyc_unfocus1_20260907.edf,unfocus,focus,226.0,230.0
lyc_personal,lyc personal model,lyc,20260907_lyc_unfocus_01,data/locked/2026-09-07/lyc_unfocus1_20260907.edf,unfocus,unfocus,228.0,232.0
lyc_personal,lyc personal model,lyc,20260907_lyc_unfocus_01,data/locked/2026-09-07/lyc_unfocus1_20260907.edf,unfocus,unfocus,230.0,234.0
lyc_personal,lyc personal model,lyc,20260907_lyc_unfocus_01,data/locked/2026-09-07/lyc_unfocus1_20260907.edf,unfocus,unfocus,232.0,236.0
lyc_personal,lyc personal model,lyc,20260907_lyc_unfocus_01,data/locked/2026-09-07/lyc_unfocus1_20260907.edf,unfocus,unfocus,234.0,238.0
lyc_personal,lyc personal model,lyc,20260907_lyc_unfocus_01,data/locked/2026-09-07/lyc_unfocus1_20260907.edf,unfocus,focus,236.0,240.0
lyc_personal,lyc personal model,lyc,20260907_lyc_unfocus_01,data/locked/2026-09-07/lyc_unfocus1_20260907.edf,unfocus,focus,238.0,242.0
lyc_personal,lyc personal model,lyc,20260907_lyc_unfocus_01,data/locked/2026-09-07/lyc_unfocus1_20260907.edf,unfocus,unfocus,240.0,244.0
lyc_personal,lyc personal model,lyc,20260907_lyc_unfocus_01,data/locked/2026-09-07/lyc_unfocus1_20260907.edf,unfocus,unfocus,242.0,246.0
lyc_personal,lyc personal model,lyc,20260907_lyc_unfocus_01,data/locked/2026-09-07/lyc_unfocus1_20260907.edf,unfocus,unfocus,244.0,248.0
lyc_personal,lyc personal model,lyc,20260907_lyc_unfocus_01,data/locked/2026-09-07/lyc_unfocus1_20260907.edf,unfocus,unfocus,246.0,250.0
lyc_personal,lyc personal model,lyc,20260907_lyc_unfocus_01,data/locked/2026-09-07/lyc_unfocus1_20260907.edf,unfocus,unfocus,248.0,252.0
lyc_personal,lyc personal model,lyc,20260907_lyc_unfocus_01,data/locked/2026-09-07/lyc_unfocus1_20260907.edf,unfocus,unfocus,250.0,254.0
lyc_personal,lyc personal model,lyc,20260907_lyc_unfocus_01,data/locked/2026-09-07/lyc_unfocus1_20260907.edf,unfocus,focus,252.0,256.0
lyc_personal,lyc personal model,lyc,20260907_lyc_unfocus_01,data/locked/2026-09-07/lyc_unfocus1_20260907.edf,unfocus,unfocus,254.0,258.0
lyc_personal,lyc personal model,lyc,20260907_lyc_unfocus_01,data/locked/2026-09-07/lyc_unfocus1_20260907.edf,unfocus,unfocus,256.0,260.0
lyc_personal,lyc personal model,lyc,20260907_lyc_unfocus_01,data/locked/2026-09-07/lyc_unfocus1_20260907.edf,unfocus,unfocus,258.0,262.0
lyc_personal,lyc personal model,lyc,20260907_lyc_unfocus_01,data/locked/2026-09-07/lyc_unfocus1_20260907.edf,unfocus,unfocus,260.0,264.0
lyc_personal,lyc personal model,lyc,20260907_lyc_unfocus_01,data/locked/2026-09-07/lyc_unfocus1_20260907.edf,unfocus,focus,262.0,266.0
lyc_personal,lyc personal model,lyc,20260907_lyc_unfocus_01,data/locked/2026-09-07/lyc_unfocus1_20260907.edf,unfocus,unfocus,264.0,268.0
lyc_personal,lyc personal model,lyc,20260907_lyc_unfocus_01,data/locked/2026-09-07/lyc_unfocus1_20260907.edf,unfocus,focus,266.0,270.0
lyc_personal,lyc personal model,lyc,20260907_lyc_unfocus_01,data/locked/2026-09-07/lyc_unfocus1_20260907.edf,unfocus,unfocus,268.0,272.0
lyc_personal,lyc personal model,lyc,20260907_lyc_unfocus_01,data/locked/2026-09-07/lyc_unfocus1_20260907.edf,unfocus,unfocus,270.0,274.0
lyc_personal,lyc personal model,lyc,20260907_lyc_unfocus_01,data/locked/2026-09-07/lyc_unfocus1_20260907.edf,unfocus,unfocus,272.0,276.0
lyc_personal,lyc personal model,lyc,20260907_lyc_unfocus_01,data/locked/2026-09-07/lyc_unfocus1_20260907.edf,unfocus,focus,274.0,278.0
lyc_personal,lyc personal model,lyc,20260907_lyc_unfocus_01,data/locked/2026-09-07/lyc_unfocus1_20260907.edf,unfocus,focus,276.0,280.0
lyc_personal,lyc personal model,lyc,20260907_lyc_unfocus_01,data/locked/2026-09-07/lyc_unfocus1_20260907.edf,unfocus,focus,278.0,282.0
lyc_personal,lyc personal model,lyc,20260907_lyc_unfocus_01,data/locked/2026-09-07/lyc_unfocus1_20260907.edf,unfocus,unfocus,280.0,284.0
lyc_personal,lyc personal model,lyc,20260907_lyc_unfocus_01,data/locked/2026-09-07/lyc_unfocus1_20260907.edf,unfocus,unfocus,282.0,286.0
lyc_personal,lyc personal model,lyc,20260907_lyc_unfocus_01,data/locked/2026-09-07/lyc_unfocus1_20260907.edf,unfocus,focus,284.0,288.0
lyc_personal,lyc personal model,lyc,20260907_lyc_unfocus_01,data/locked/2026-09-07/lyc_unfocus1_20260907.edf,unfocus,focus,286.0,290.0
lyc_personal,lyc personal model,lyc,20260907_lyc_unfocus_01,data/locked/2026-09-07/lyc_unfocus1_20260907.edf,unfocus,unfocus,288.0,292.0
lyc_personal,lyc personal model,lyc,20260907_lyc_unfocus_01,data/locked/2026-09-07/lyc_unfocus1_20260907.edf,unfocus,focus,290.0,294.0
lyc_personal,lyc personal model,lyc,20260907_lyc_unfocus_01,data/locked/2026-09-07/lyc_unfocus1_20260907.edf,unfocus,unfocus,292.0,296.0
lyc_personal,lyc personal model,lyc,20260907_lyc_unfocus_01,data/locked/2026-09-07/lyc_unfocus1_20260907.edf,unfocus,unfocus,294.0,298.0
lyc_personal,lyc personal model,lyc,20260907_lyc_unfocus_01,data/locked/2026-09-07/lyc_unfocus1_20260907.edf,unfocus,focus,296.0,300.0
lyc_personal,lyc personal model,lyc,20260907_lyc_unfocus_01,data/locked/2026-09-07/lyc_unfocus1_20260907.edf,unfocus,unfocus,298.0,302.0
lyc_personal,lyc personal model,lyc,20260907_lyc_unfocus_01,data/locked/2026-09-07/lyc_unfocus1_20260907.edf,unfocus,unfocus,300.0,304.0
lyc_personal,lyc personal model,lyc,20260907_lyc_unfocus_01,data/locked/2026-09-07/lyc_unfocus1_20260907.edf,unfocus,focus,302.0,306.0
lyc_personal,lyc personal model,lyc,20260907_lyc_unfocus_01,data/locked/2026-09-07/lyc_unfocus1_20260907.edf,unfocus,unfocus,304.0,308.0
lyc_personal,lyc personal model,lyc,20260907_lyc_unfocus_01,data/locked/2026-09-07/lyc_unfocus1_20260907.edf,unfocus,focus,306.0,310.0
lyc_personal,lyc personal model,lyc,20260907_lyc_unfocus_01,data/locked/2026-09-07/lyc_unfocus1_20260907.edf,unfocus,focus,308.0,312.0
lyc_personal,lyc personal model,lyc,20260907_lyc_unfocus_01,data/locked/2026-09-07/lyc_unfocus1_20260907.edf,unfocus,focus,310.0,314.0
lyc_personal,lyc personal model,lyc,20260907_lyc_unfocus_01,data/locked/2026-09-07/lyc_unfocus1_20260907.edf,unfocus,unfocus,312.0,316.0
lyc_personal,lyc personal model,lyc,20260907_lyc_unfocus_01,data/locked/2026-09-07/lyc_unfocus1_20260907.edf,unfocus,unfocus,314.0,318.0
lyc_personal,lyc personal model,lyc,20260907_lyc_unfocus_01,data/locked/2026-09-07/lyc_unfocus1_20260907.edf,unfocus,focus,316.0,320.0
lyc_personal,lyc personal model,lyc,20260907_lyc_unfocus_01,data/locked/2026-09-07/lyc_unfocus1_20260907.edf,unfocus,focus,318.0,322.0
lyc_personal,lyc personal model,lyc,20260907_lyc_unfocus_01,data/locked/2026-09-07/lyc_unfocus1_20260907.edf,unfocus,focus,320.0,324.0
lyc_personal,lyc personal model,lyc,20260907_lyc_unfocus_01,data/locked/2026-09-07/lyc_unfocus1_20260907.edf,unfocus,unfocus,322.0,326.0
lyc_personal,lyc personal model,lyc,20260907_lyc_unfocus_01,data/locked/2026-09-07/lyc_unfocus1_20260907.edf,unfocus,unfocus,324.0,328.0
lyc_personal,lyc personal model,lyc,20260907_lyc_unfocus_01,data/locked/2026-09-07/lyc_unfocus1_20260907.edf,unfocus,unfocus,326.0,330.0
lyc_personal,lyc personal model,lyc,20260907_lyc_unfocus_01,data/locked/2026-09-07/lyc_unfocus1_20260907.edf,unfocus,unfocus,328.0,332.0
lyc_personal,lyc personal model,lyc,20260907_lyc_unfocus_01,data/locked/2026-09-07/lyc_unfocus1_20260907.edf,unfocus,unfocus,330.0,334.0
lyc_personal,lyc personal model,lyc,20260907_lyc_unfocus_01,data/locked/2026-09-07/lyc_unfocus1_20260907.edf,unfocus,unfocus,332.0,336.0
lyc_personal,lyc personal model,lyc,20260907_lyc_unfocus_01,data/locked/2026-09-07/lyc_unfocus1_20260907.edf,unfocus,unfocus,334.0,338.0
lyc_personal,lyc personal model,lyc,20260907_lyc_unfocus_01,data/locked/2026-09-07/lyc_unfocus1_20260907.edf,unfocus,focus,336.0,340.0
lyc_personal,lyc personal model,lyc,20260907_lyc_unfocus_01,data/locked/2026-09-07/lyc_unfocus1_20260907.edf,unfocus,focus,338.0,342.0
lyc_personal,lyc personal model,lyc,20260907_lyc_unfocus_01,data/locked/2026-09-07/lyc_unfocus1_20260907.edf,unfocus,unfocus,340.0,344.0
lyc_personal,lyc personal model,lyc,20260907_lyc_unfocus_01,data/locked/2026-09-07/lyc_unfocus1_20260907.edf,unfocus,unfocus,342.0,346.0
lyc_personal,lyc personal model,lyc,20260907_lyc_unfocus_01,data/locked/2026-09-07/lyc_unfocus1_20260907.edf,unfocus,unfocus,344.0,348.0
lyc_personal,lyc personal model,lyc,20260907_lyc_unfocus_01,data/locked/2026-09-07/lyc_unfocus1_20260907.edf,unfocus,unfocus,346.0,350.0
lyc_personal,lyc personal model,lyc,20260907_lyc_unfocus_01,data/locked/2026-09-07/lyc_unfocus1_20260907.edf,unfocus,focus,348.0,352.0
lyc_personal,lyc personal model,lyc,20260907_lyc_unfocus_01,data/locked/2026-09-07/lyc_unfocus1_20260907.edf,unfocus,unfocus,350.0,354.0
lyc_personal,lyc personal model,lyc,20260907_lyc_unfocus_01,data/locked/2026-09-07/lyc_unfocus1_20260907.edf,unfocus,unfocus,352.0,356.0
lyc_personal,lyc personal model,lyc,20260907_lyc_unfocus_01,data/locked/2026-09-07/lyc_unfocus1_20260907.edf,unfocus,unfocus,354.0,358.0
lyc_personal,lyc personal model,lyc,20260907_lyc_unfocus_01,data/locked/2026-09-07/lyc_unfocus1_20260907.edf,unfocus,unfocus,356.0,360.0
lyc_personal,lyc personal model,lyc,20260907_lyc_unfocus_01,data/locked/2026-09-07/lyc_unfocus1_20260907.edf,unfocus,unfocus,358.0,362.0
lyc_personal,lyc personal model,lyc,20260907_lyc_unfocus_01,data/locked/2026-09-07/lyc_unfocus1_20260907.edf,unfocus,unfocus,360.0,364.0
lyc_personal,lyc personal model,lyc,20260907_lyc_unfocus_01,data/locked/2026-09-07/lyc_unfocus1_20260907.edf,unfocus,unfocus,362.0,366.0
lyc_personal,lyc personal model,lyc,20260907_lyc_unfocus_01,data/locked/2026-09-07/lyc_unfocus1_20260907.edf,unfocus,unfocus,364.0,368.0
lyc_personal,lyc personal model,lyc,20260907_lyc_unfocus_01,data/locked/2026-09-07/lyc_unfocus1_20260907.edf,unfocus,unfocus,366.0,370.0
lyc_personal,lyc personal model,lyc,20260907_lyc_unfocus_01,data/locked/2026-09-07/lyc_unfocus1_20260907.edf,unfocus,unfocus,368.0,372.0
lyc_personal,lyc personal model,lyc,20260907_lyc_unfocus_01,data/locked/2026-09-07/lyc_unfocus1_20260907.edf,unfocus,unfocus,370.0,374.0
lyc_personal,lyc personal model,lyc,20260907_lyc_unfocus_01,data/locked/2026-09-07/lyc_unfocus1_20260907.edf,unfocus,unfocus,372.0,376.0
lyc_personal,lyc personal model,lyc,20260907_lyc_unfocus_01,data/locked/2026-09-07/lyc_unfocus1_20260907.edf,unfocus,focus,374.0,378.0
lyc_personal,lyc personal model,lyc,20260907_lyc_unfocus_01,data/locked/2026-09-07/lyc_unfocus1_20260907.edf,unfocus,focus,376.0,380.0
lyc_personal,lyc personal model,lyc,20260907_lyc_unfocus_01,data/locked/2026-09-07/lyc_unfocus1_20260907.edf,unfocus,focus,378.0,382.0
lyc_personal,lyc personal model,lyc,20260907_lyc_unfocus_01,data/locked/2026-09-07/lyc_unfocus1_20260907.edf,unfocus,focus,380.0,384.0
lyc_personal,lyc personal model,lyc,20260907_lyc_unfocus_01,data/locked/2026-09-07/lyc_unfocus1_20260907.edf,unfocus,focus,382.0,386.0
lyc_personal,lyc personal model,lyc,20260907_lyc_unfocus_01,data/locked/2026-09-07/lyc_unfocus1_20260907.edf,unfocus,focus,384.0,388.0
lyc_personal,lyc personal model,lyc,20260907_lyc_unfocus_01,data/locked/2026-09-07/lyc_unfocus1_20260907.edf,unfocus,unfocus,386.0,390.0
lyc_personal,lyc personal model,lyc,20260907_lyc_unfocus_01,data/locked/2026-09-07/lyc_unfocus1_20260907.edf,unfocus,focus,388.0,392.0
lyc_personal,lyc personal model,lyc,20260907_lyc_unfocus_01,data/locked/2026-09-07/lyc_unfocus1_20260907.edf,unfocus,focus,390.0,394.0
lyc_personal,lyc personal model,lyc,20260907_lyc_unfocus_01,data/locked/2026-09-07/lyc_unfocus1_20260907.edf,unfocus,focus,392.0,396.0
lyc_personal,lyc personal model,lyc,20260907_lyc_unfocus_01,data/locked/2026-09-07/lyc_unfocus1_20260907.edf,unfocus,focus,394.0,398.0
lyc_personal,lyc personal model,lyc,20260907_lyc_unfocus_01,data/locked/2026-09-07/lyc_unfocus1_20260907.edf,unfocus,focus,396.0,400.0
lyc_personal,lyc personal model,lyc,20260907_lyc_unfocus_01,data/locked/2026-09-07/lyc_unfocus1_20260907.edf,unfocus,focus,398.0,402.0
lyc_personal,lyc personal model,lyc,20260907_lyc_unfocus_01,data/locked/2026-09-07/lyc_unfocus1_20260907.edf,unfocus,focus,400.0,404.0
lyc_personal,lyc personal model,lyc,20260907_lyc_unfocus_01,data/locked/2026-09-07/lyc_unfocus1_20260907.edf,unfocus,focus,402.0,406.0
lyc_personal,lyc personal model,lyc,20260907_lyc_unfocus_01,data/locked/2026-09-07/lyc_unfocus1_20260907.edf,unfocus,unfocus,404.0,408.0
lyc_personal,lyc personal model,lyc,20260907_lyc_unfocus_01,data/locked/2026-09-07/lyc_unfocus1_20260907.edf,unfocus,unfocus,406.0,410.0
lyc_personal,lyc personal model,lyc,20260907_lyc_unfocus_01,data/locked/2026-09-07/lyc_unfocus1_20260907.edf,unfocus,unfocus,408.0,412.0
lyc_personal,lyc personal model,lyc,20260907_lyc_unfocus_01,data/locked/2026-09-07/lyc_unfocus1_20260907.edf,unfocus,focus,410.0,414.0
lyc_personal,lyc personal model,lyc,20260907_lyc_unfocus_01,data/locked/2026-09-07/lyc_unfocus1_20260907.edf,unfocus,focus,412.0,416.0
lyc_personal,lyc personal model,lyc,20260907_lyc_unfocus_01,data/locked/2026-09-07/lyc_unfocus1_20260907.edf,unfocus,focus,414.0,418.0
lyc_personal,lyc personal model,lyc,20260907_lyc_unfocus_01,data/locked/2026-09-07/lyc_unfocus1_20260907.edf,unfocus,unfocus,416.0,420.0
lyc_personal,lyc personal model,lyc,20260907_lyc_unfocus_01,data/locked/2026-09-07/lyc_unfocus1_20260907.edf,unfocus,focus,418.0,422.0
lyc_personal,lyc personal model,lyc,20260907_lyc_unfocus_01,data/locked/2026-09-07/lyc_unfocus1_20260907.edf,unfocus,focus,420.0,424.0
lyc_personal,lyc personal model,lyc,20260907_lyc_unfocus_01,data/locked/2026-09-07/lyc_unfocus1_20260907.edf,unfocus,focus,422.0,426.0
lyc_personal,lyc personal model,lyc,20260907_lyc_unfocus_01,data/locked/2026-09-07/lyc_unfocus1_20260907.edf,unfocus,unfocus,424.0,428.0
lyc_personal,lyc personal model,lyc,20260907_lyc_unfocus_01,data/locked/2026-09-07/lyc_unfocus1_20260907.edf,unfocus,unfocus,426.0,430.0
lyc_personal,lyc personal model,lyc,20260907_lyc_unfocus_01,data/locked/2026-09-07/lyc_unfocus1_20260907.edf,unfocus,unfocus,428.0,432.0
lyc_personal,lyc personal model,lyc,20260907_lyc_unfocus_01,data/locked/2026-09-07/lyc_unfocus1_20260907.edf,unfocus,unfocus,430.0,434.0
lyc_personal,lyc personal model,lyc,20260907_lyc_unfocus_01,data/locked/2026-09-07/lyc_unfocus1_20260907.edf,unfocus,unfocus,432.0,436.0
lyc_personal,lyc personal model,lyc,20260907_lyc_unfocus_01,data/locked/2026-09-07/lyc_unfocus1_20260907.edf,unfocus,focus,434.0,438.0
lyc_personal,lyc personal model,lyc,20260907_lyc_unfocus_01,data/locked/2026-09-07/lyc_unfocus1_20260907.edf,unfocus,focus,436.0,440.0
lyc_personal,lyc personal model,lyc,20260907_lyc_unfocus_01,data/locked/2026-09-07/lyc_unfocus1_20260907.edf,unfocus,unfocus,438.0,442.0
lyc_personal,lyc personal model,lyc,20260907_lyc_unfocus_01,data/locked/2026-09-07/lyc_unfocus1_20260907.edf,unfocus,focus,440.0,444.0
lyc_personal,lyc personal model,lyc,20260907_lyc_unfocus_01,data/locked/2026-09-07/lyc_unfocus1_20260907.edf,unfocus,focus,442.0,446.0
lyc_personal,lyc personal model,lyc,20260907_lyc_unfocus_01,data/locked/2026-09-07/lyc_unfocus1_20260907.edf,unfocus,focus,444.0,448.0
lyc_personal,lyc personal model,lyc,20260907_lyc_unfocus_01,data/locked/2026-09-07/lyc_unfocus1_20260907.edf,unfocus,focus,446.0,450.0
lyc_personal,lyc personal model,lyc,20260907_lyc_unfocus_01,data/locked/2026-09-07/lyc_unfocus1_20260907.edf,unfocus,unfocus,448.0,452.0
lyc_personal,lyc personal model,lyc,20260907_lyc_unfocus_01,data/locked/2026-09-07/lyc_unfocus1_20260907.edf,unfocus,focus,450.0,454.0
lyc_personal,lyc personal model,lyc,20260907_lyc_unfocus_01,data/locked/2026-09-07/lyc_unfocus1_20260907.edf,unfocus,focus,452.0,456.0
lyc_personal,lyc personal model,lyc,20260907_lyc_unfocus_01,data/locked/2026-09-07/lyc_unfocus1_20260907.edf,unfocus,unfocus,454.0,458.0
lyc_personal,lyc personal model,lyc,20260907_lyc_unfocus_01,data/locked/2026-09-07/lyc_unfocus1_20260907.edf,unfocus,focus,456.0,460.0
lyc_personal,lyc personal model,lyc,20260907_lyc_unfocus_01,data/locked/2026-09-07/lyc_unfocus1_20260907.edf,unfocus,focus,458.0,462.0
lyc_personal,lyc personal model,lyc,20260907_lyc_unfocus_01,data/locked/2026-09-07/lyc_unfocus1_20260907.edf,unfocus,unfocus,460.0,464.0
lyc_personal,lyc personal model,lyc,20260907_lyc_unfocus_01,data/locked/2026-09-07/lyc_unfocus1_20260907.edf,unfocus,unfocus,462.0,466.0
lyc_personal,lyc personal model,lyc,20260907_lyc_unfocus_01,data/locked/2026-09-07/lyc_unfocus1_20260907.edf,unfocus,focus,464.0,468.0
lyc_personal,lyc personal model,lyc,20260907_lyc_unfocus_01,data/locked/2026-09-07/lyc_unfocus1_20260907.edf,unfocus,focus,466.0,470.0
lyc_personal,lyc personal model,lyc,20260907_lyc_unfocus_01,data/locked/2026-09-07/lyc_unfocus1_20260907.edf,unfocus,unfocus,468.0,472.0
lyc_personal,lyc personal model,lyc,20260907_lyc_unfocus_01,data/locked/2026-09-07/lyc_unfocus1_20260907.edf,unfocus,focus,470.0,474.0
lyc_personal,lyc personal model,lyc,20260907_lyc_unfocus_01,data/locked/2026-09-07/lyc_unfocus1_20260907.edf,unfocus,unfocus,472.0,476.0
lyc_personal,lyc personal model,lyc,20260907_lyc_unfocus_01,data/locked/2026-09-07/lyc_unfocus1_20260907.edf,unfocus,unfocus,474.0,478.0
lyc_personal,lyc personal model,lyc,20260907_lyc_unfocus_01,data/locked/2026-09-07/lyc_unfocus1_20260907.edf,unfocus,focus,476.0,480.0
lyc_personal,lyc personal model,lyc,20260907_lyc_unfocus_01,data/locked/2026-09-07/lyc_unfocus1_20260907.edf,unfocus,unfocus,478.0,482.0
lyc_personal,lyc personal model,lyc,20260907_lyc_unfocus_01,data/locked/2026-09-07/lyc_unfocus1_20260907.edf,unfocus,unfocus,480.0,484.0
lyc_personal,lyc personal model,lyc,20260907_lyc_unfocus_01,data/locked/2026-09-07/lyc_unfocus1_20260907.edf,unfocus,focus,482.0,486.0
lyc_personal,lyc personal model,lyc,20260907_lyc_unfocus_01,data/locked/2026-09-07/lyc_unfocus1_20260907.edf,unfocus,focus,484.0,488.0
lyc_personal,lyc personal model,lyc,20260907_lyc_unfocus_01,data/locked/2026-09-07/lyc_unfocus1_20260907.edf,unfocus,unfocus,486.0,490.0
lyc_personal,lyc personal model,lyc,20260907_lyc_unfocus_01,data/locked/2026-09-07/lyc_unfocus1_20260907.edf,unfocus,focus,488.0,492.0
lyc_personal,lyc personal model,lyc,20260907_lyc_unfocus_01,data/locked/2026-09-07/lyc_unfocus1_20260907.edf,unfocus,unfocus,490.0,494.0
lyc_personal,lyc personal model,lyc,20260907_lyc_unfocus_01,data/locked/2026-09-07/lyc_unfocus1_20260907.edf,unfocus,unfocus,492.0,496.0
lyc_personal,lyc personal model,lyc,20260907_lyc_unfocus_01,data/locked/2026-09-07/lyc_unfocus1_20260907.edf,unfocus,unfocus,494.0,498.0
lyc_personal,lyc personal model,lyc,20260907_lyc_unfocus_01,data/locked/2026-09-07/lyc_unfocus1_20260907.edf,unfocus,focus,496.0,500.0
lyc_personal,lyc personal model,lyc,20260907_lyc_unfocus_01,data/locked/2026-09-07/lyc_unfocus1_20260907.edf,unfocus,unfocus,498.0,502.0
lyc_personal,lyc personal model,lyc,20260907_lyc_unfocus_01,data/locked/2026-09-07/lyc_unfocus1_20260907.edf,unfocus,unfocus,500.0,504.0
lyc_personal,lyc personal model,lyc,20260907_lyc_unfocus_01,data/locked/2026-09-07/lyc_unfocus1_20260907.edf,unfocus,unfocus,502.0,506.0
lyc_personal,lyc personal model,lyc,20260907_lyc_unfocus_01,data/locked/2026-09-07/lyc_unfocus1_20260907.edf,unfocus,unfocus,504.0,508.0
lyc_personal,lyc personal model,lyc,20260907_lyc_unfocus_01,data/locked/2026-09-07/lyc_unfocus1_20260907.edf,unfocus,focus,506.0,510.0
lyc_personal,lyc personal model,lyc,20260907_lyc_unfocus_01,data/locked/2026-09-07/lyc_unfocus1_20260907.edf,unfocus,unfocus,508.0,512.0
lyc_personal,lyc personal model,lyc,20260907_lyc_unfocus_01,data/locked/2026-09-07/lyc_unfocus1_20260907.edf,unfocus,focus,510.0,514.0
lyc_personal,lyc personal model,lyc,20260907_lyc_unfocus_01,data/locked/2026-09-07/lyc_unfocus1_20260907.edf,unfocus,unfocus,512.0,516.0
lyc_personal,lyc personal model,lyc,20260907_lyc_unfocus_01,data/locked/2026-09-07/lyc_unfocus1_20260907.edf,unfocus,unfocus,514.0,518.0
lyc_personal,lyc personal model,lyc,20260907_lyc_unfocus_01,data/locked/2026-09-07/lyc_unfocus1_20260907.edf,unfocus,focus,516.0,520.0
lyc_personal,lyc personal model,lyc,20260907_lyc_unfocus_01,data/locked/2026-09-07/lyc_unfocus1_20260907.edf,unfocus,unfocus,518.0,522.0
lyc_personal,lyc personal model,lyc,20260907_lyc_unfocus_01,data/locked/2026-09-07/lyc_unfocus1_20260907.edf,unfocus,unfocus,520.0,524.0
lyc_personal,lyc personal model,lyc,20260907_lyc_unfocus_01,data/locked/2026-09-07/lyc_unfocus1_20260907.edf,unfocus,unfocus,522.0,526.0
lyc_personal,lyc personal model,lyc,20260907_lyc_unfocus_01,data/locked/2026-09-07/lyc_unfocus1_20260907.edf,unfocus,unfocus,524.0,528.0
lyc_personal,lyc personal model,lyc,20260907_lyc_unfocus_01,data/locked/2026-09-07/lyc_unfocus1_20260907.edf,unfocus,unfocus,526.0,530.0
lyc_personal,lyc personal model,lyc,20260907_lyc_unfocus_01,data/locked/2026-09-07/lyc_unfocus1_20260907.edf,unfocus,unfocus,528.0,532.0
lyc_personal,lyc personal model,lyc,20260907_lyc_unfocus_01,data/locked/2026-09-07/lyc_unfocus1_20260907.edf,unfocus,focus,530.0,534.0
lyc_personal,lyc personal model,lyc,20260907_lyc_unfocus_01,data/locked/2026-09-07/lyc_unfocus1_20260907.edf,unfocus,focus,532.0,536.0
lyc_personal,lyc personal model,lyc,20260907_lyc_unfocus_01,data/locked/2026-09-07/lyc_unfocus1_20260907.edf,unfocus,focus,534.0,538.0
lyc_personal,lyc personal model,lyc,20260907_lyc_unfocus_01,data/locked/2026-09-07/lyc_unfocus1_20260907.edf,unfocus,focus,536.0,540.0
lyc_personal,lyc personal model,lyc,20260907_lyc_unfocus_01,data/locked/2026-09-07/lyc_unfocus1_20260907.edf,unfocus,focus,538.0,542.0
lyc_personal,lyc personal model,lyc,20260907_lyc_unfocus_01,data/locked/2026-09-07/lyc_unfocus1_20260907.edf,unfocus,focus,540.0,544.0
lyc_personal,lyc personal model,lyc,20260907_lyc_unfocus_01,data/locked/2026-09-07/lyc_unfocus1_20260907.edf,unfocus,unfocus,542.0,546.0
lyc_personal,lyc personal model,lyc,20260907_lyc_unfocus_01,data/locked/2026-09-07/lyc_unfocus1_20260907.edf,unfocus,focus,544.0,548.0
lyc_personal,lyc personal model,lyc,20260907_lyc_unfocus_01,data/locked/2026-09-07/lyc_unfocus1_20260907.edf,unfocus,focus,546.0,550.0
lyc_personal,lyc personal model,lyc,20260907_lyc_unfocus_01,data/locked/2026-09-07/lyc_unfocus1_20260907.edf,unfocus,focus,548.0,552.0
lyc_personal,lyc personal model,lyc,20260907_lyc_unfocus_01,data/locked/2026-09-07/lyc_unfocus1_20260907.edf,unfocus,unfocus,550.0,554.0
lyc_personal,lyc personal model,lyc,20260907_lyc_unfocus_01,data/locked/2026-09-07/lyc_unfocus1_20260907.edf,unfocus,unfocus,552.0,556.0
lyc_personal,lyc personal model,lyc,20260907_lyc_unfocus_01,data/locked/2026-09-07/lyc_unfocus1_20260907.edf,unfocus,unfocus,554.0,558.0
lyc_personal,lyc personal model,lyc,20260907_lyc_unfocus_01,data/locked/2026-09-07/lyc_unfocus1_20260907.edf,unfocus,unfocus,556.0,560.0
lyc_personal,lyc personal model,lyc,20260907_lyc_unfocus_01,data/locked/2026-09-07/lyc_unfocus1_20260907.edf,unfocus,focus,558.0,562.0
lyc_personal,lyc personal model,lyc,20260907_lyc_unfocus_01,data/locked/2026-09-07/lyc_unfocus1_20260907.edf,unfocus,focus,560.0,564.0
lyc_personal,lyc personal model,lyc,20260907_lyc_unfocus_01,data/locked/2026-09-07/lyc_unfocus1_20260907.edf,unfocus,unfocus,562.0,566.0
lyc_personal,lyc personal model,lyc,20260907_lyc_unfocus_01,data/locked/2026-09-07/lyc_unfocus1_20260907.edf,unfocus,focus,564.0,568.0
lyc_personal,lyc personal model,lyc,20260907_lyc_unfocus_01,data/locked/2026-09-07/lyc_unfocus1_20260907.edf,unfocus,focus,566.0,570.0
lyc_personal,lyc personal model,lyc,20260907_lyc_unfocus_01,data/locked/2026-09-07/lyc_unfocus1_20260907.edf,unfocus,unfocus,568.0,572.0
lyc_personal,lyc personal model,lyc,20260907_lyc_unfocus_01,data/locked/2026-09-07/lyc_unfocus1_20260907.edf,unfocus,unfocus,570.0,574.0
lyc_personal,lyc personal model,lyc,20260907_lyc_unfocus_01,data/locked/2026-09-07/lyc_unfocus1_20260907.edf,unfocus,unfocus,572.0,576.0
lyc_personal,lyc personal model,lyc,20260907_lyc_unfocus_01,data/locked/2026-09-07/lyc_unfocus1_20260907.edf,unfocus,unfocus,574.0,578.0
lyc_personal,lyc personal model,lyc,20260907_lyc_unfocus_01,data/locked/2026-09-07/lyc_unfocus1_20260907.edf,unfocus,unfocus,576.0,580.0
lyc_personal,lyc personal model,lyc,20260907_lyc_unfocus_01,data/locked/2026-09-07/lyc_unfocus1_20260907.edf,unfocus,unfocus,578.0,582.0
lyc_personal,lyc personal model,lyc,20260907_lyc_unfocus_01,data/locked/2026-09-07/lyc_unfocus1_20260907.edf,unfocus,unfocus,580.0,584.0
lyc_personal,lyc personal model,lyc,20260907_lyc_unfocus_01,data/locked/2026-09-07/lyc_unfocus1_20260907.edf,unfocus,unfocus,582.0,586.0
lyc_personal,lyc personal model,lyc,20260907_lyc_unfocus_01,data/locked/2026-09-07/lyc_unfocus1_20260907.edf,unfocus,unfocus,584.0,588.0
lyc_personal,lyc personal model,lyc,20260907_lyc_unfocus_01,data/locked/2026-09-07/lyc_unfocus1_20260907.edf,unfocus,focus,586.0,590.0
lyc_personal,lyc personal model,lyc,20260907_lyc_unfocus_01,data/locked/2026-09-07/lyc_unfocus1_20260907.edf,unfocus,unfocus,588.0,592.0
lyc_personal,lyc personal model,lyc,20260907_lyc_unfocus_01,data/locked/2026-09-07/lyc_unfocus1_20260907.edf,unfocus,unfocus,590.0,594.0
lyc_personal,lyc personal model,lyc,20260907_lyc_unfocus_01,data/locked/2026-09-07/lyc_unfocus1_20260907.edf,unfocus,focus,592.0,596.0
lyc_personal,lyc personal model,lyc,20260907_lyc_unfocus_01,data/locked/2026-09-07/lyc_unfocus1_20260907.edf,unfocus,focus,594.0,598.0
lyc_personal,lyc personal model,lyc,20260907_lyc_unfocus_01,data/locked/2026-09-07/lyc_unfocus1_20260907.edf,unfocus,unfocus,596.0,600.0
lyc_personal,lyc personal model,lyc,20260907_lyc_unfocus_01,data/locked/2026-09-07/lyc_unfocus1_20260907.edf,unfocus,focus,598.0,602.0
lyc_personal,lyc personal model,lyc,20260907_lyc_unfocus_01,data/locked/2026-09-07/lyc_unfocus1_20260907.edf,unfocus,focus,600.0,604.0
lyc_personal,lyc personal model,lyc,20260907_lyc_unfocus_01,data/locked/2026-09-07/lyc_unfocus1_20260907.edf,unfocus,unfocus,602.0,606.0
lyc_personal,lyc personal model,lyc,20260907_lyc_unfocus_01,data/locked/2026-09-07/lyc_unfocus1_20260907.edf,unfocus,unfocus,604.0,608.0
lyc_personal,lyc personal model,lyc,20260907_lyc_unfocus_01,data/locked/2026-09-07/lyc_unfocus1_20260907.edf,unfocus,unfocus,606.0,610.0
lyc_personal,lyc personal model,lyc,20260907_lyc_unfocus_01,data/locked/2026-09-07/lyc_unfocus1_20260907.edf,unfocus,unfocus,608.0,612.0
lyc_personal,lyc personal model,lyc,20260907_lyc_unfocus_01,data/locked/2026-09-07/lyc_unfocus1_20260907.edf,unfocus,focus,610.0,614.0
lyc_personal,lyc personal model,lyc,20260907_lyc_unfocus_01,data/locked/2026-09-07/lyc_unfocus1_20260907.edf,unfocus,focus,612.0,616.0
lyc_personal,lyc personal model,lyc,20260907_lyc_unfocus_01,data/locked/2026-09-07/lyc_unfocus1_20260907.edf,unfocus,focus,614.0,618.0
lyc_personal,lyc personal model,lyc,20260907_lyc_unfocus_01,data/locked/2026-09-07/lyc_unfocus1_20260907.edf,unfocus,focus,616.0,620.0
lyc_personal,lyc personal model,lyc,20260907_lyc_unfocus_01,data/locked/2026-09-07/lyc_unfocus1_20260907.edf,unfocus,unfocus,618.0,622.0
lyc_personal,lyc personal model,lyc,20260907_lyc_unfocus_01,data/locked/2026-09-07/lyc_unfocus1_20260907.edf,unfocus,unfocus,620.0,624.0
lyc_personal,lyc personal model,lyc,20260907_lyc_unfocus_01,data/locked/2026-09-07/lyc_unfocus1_20260907.edf,unfocus,unfocus,622.0,626.0
lyc_personal,lyc personal model,lyc,20260907_lyc_unfocus_01,data/locked/2026-09-07/lyc_unfocus1_20260907.edf,unfocus,unfocus,624.0,628.0
lyc_personal,lyc personal model,lyc,20260907_lyc_unfocus_01,data/locked/2026-09-07/lyc_unfocus1_20260907.edf,unfocus,focus,626.0,630.0
lyc_personal,lyc personal model,lyc,20260907_lyc_unfocus_01,data/locked/2026-09-07/lyc_unfocus1_20260907.edf,unfocus,unfocus,628.0,632.0
lyc_personal,lyc personal model,lyc,20260907_lyc_unfocus_01,data/locked/2026-09-07/lyc_unfocus1_20260907.edf,unfocus,unfocus,630.0,634.0
lyc_personal,lyc personal model,lyc,20260907_lyc_unfocus_01,data/locked/2026-09-07/lyc_unfocus1_20260907.edf,unfocus,unfocus,632.0,636.0
lyc_personal,lyc personal model,lyc,20260907_lyc_unfocus_01,data/locked/2026-09-07/lyc_unfocus1_20260907.edf,unfocus,unfocus,634.0,638.0
lyc_personal,lyc personal model,lyc,20260907_lyc_unfocus_01,data/locked/2026-09-07/lyc_unfocus1_20260907.edf,unfocus,focus,636.0,640.0
lyc_personal,lyc personal model,lyc,20260907_lyc_unfocus_01,data/locked/2026-09-07/lyc_unfocus1_20260907.edf,unfocus,focus,638.0,642.0
lyc_personal,lyc personal model,lyc,20260907_lyc_unfocus_01,data/locked/2026-09-07/lyc_unfocus1_20260907.edf,unfocus,focus,640.0,644.0
lyc_personal,lyc personal model,lyc,20260907_lyc_unfocus_01,data/locked/2026-09-07/lyc_unfocus1_20260907.edf,unfocus,focus,642.0,646.0
lyc_personal,lyc personal model,lyc,20260907_lyc_unfocus_01,data/locked/2026-09-07/lyc_unfocus1_20260907.edf,unfocus,unfocus,644.0,648.0
lyc_personal,lyc personal model,lyc,20260907_lyc_unfocus_01,data/locked/2026-09-07/lyc_unfocus1_20260907.edf,unfocus,unfocus,646.0,650.0
lyc_personal,lyc personal model,lyc,20260907_lyc_unfocus_01,data/locked/2026-09-07/lyc_unfocus1_20260907.edf,unfocus,unfocus,648.0,652.0
lyc_personal,lyc personal model,lyc,20260907_lyc_unfocus_01,data/locked/2026-09-07/lyc_unfocus1_20260907.edf,unfocus,unfocus,650.0,654.0
lyc_personal,lyc personal model,lyc,20260907_lyc_unfocus_01,data/locked/2026-09-07/lyc_unfocus1_20260907.edf,unfocus,unfocus,652.0,656.0
lyc_personal,lyc personal model,lyc,20260907_lyc_unfocus_01,data/locked/2026-09-07/lyc_unfocus1_20260907.edf,unfocus,focus,654.0,658.0
lyc_personal,lyc personal model,lyc,20260907_lyc_unfocus_01,data/locked/2026-09-07/lyc_unfocus1_20260907.edf,unfocus,focus,656.0,660.0
lyc_personal,lyc personal model,lyc,20260907_lyc_unfocus_01,data/locked/2026-09-07/lyc_unfocus1_20260907.edf,unfocus,focus,658.0,662.0
lyc_personal,lyc personal model,lyc,20260907_lyc_unfocus_01,data/locked/2026-09-07/lyc_unfocus1_20260907.edf,unfocus,focus,660.0,664.0
lyc_personal,lyc personal model,lyc,20260907_lyc_unfocus_01,data/locked/2026-09-07/lyc_unfocus1_20260907.edf,unfocus,focus,662.0,666.0
lyc_personal,lyc personal model,lyc,20260907_lyc_unfocus_01,data/locked/2026-09-07/lyc_unfocus1_20260907.edf,unfocus,unfocus,664.0,668.0
lyc_personal,lyc personal model,lyc,20260907_lyc_unfocus_01,data/locked/2026-09-07/lyc_unfocus1_20260907.edf,unfocus,focus,666.0,670.0
lyc_personal,lyc personal model,lyc,20260907_lyc_unfocus_01,data/locked/2026-09-07/lyc_unfocus1_20260907.edf,unfocus,focus,668.0,672.0
lyc_personal,lyc personal model,lyc,20260907_lyc_unfocus_01,data/locked/2026-09-07/lyc_unfocus1_20260907.edf,unfocus,focus,670.0,674.0
lyc_personal,lyc personal model,lyc,20260907_lyc_unfocus_01,data/locked/2026-09-07/lyc_unfocus1_20260907.edf,unfocus,focus,672.0,676.0
lyc_personal,lyc personal model,lyc,20260907_lyc_unfocus_01,data/locked/2026-09-07/lyc_unfocus1_20260907.edf,unfocus,focus,674.0,678.0
lyc_personal,lyc personal model,lyc,20260907_lyc_unfocus_01,data/locked/2026-09-07/lyc_unfocus1_20260907.edf,unfocus,focus,676.0,680.0
lyc_personal,lyc personal model,lyc,20260907_lyc_unfocus_01,data/locked/2026-09-07/lyc_unfocus1_20260907.edf,unfocus,focus,678.0,682.0
lyc_personal,lyc personal model,lyc,20260907_lyc_unfocus_01,data/locked/2026-09-07/lyc_unfocus1_20260907.edf,unfocus,unfocus,680.0,684.0
lyc_personal,lyc personal model,lyc,20260907_lyc_unfocus_01,data/locked/2026-09-07/lyc_unfocus1_20260907.edf,unfocus,unfocus,682.0,686.0
lyc_personal,lyc personal model,lyc,20260907_lyc_unfocus_01,data/locked/2026-09-07/lyc_unfocus1_20260907.edf,unfocus,unfocus,684.0,688.0
lyc_personal,lyc personal model,lyc,20260907_lyc_unfocus_01,data/locked/2026-09-07/lyc_unfocus1_20260907.edf,unfocus,unfocus,686.0,690.0
lyc_personal,lyc personal model,lyc,20260907_lyc_unfocus_01,data/locked/2026-09-07/lyc_unfocus1_20260907.edf,unfocus,focus,688.0,692.0
lyc_personal,lyc personal model,lyc,20260907_lyc_unfocus_01,data/locked/2026-09-07/lyc_unfocus1_20260907.edf,unfocus,focus,690.0,694.0
lyc_personal,lyc personal model,lyc,20260907_lyc_unfocus_01,data/locked/2026-09-07/lyc_unfocus1_20260907.edf,unfocus,focus,692.0,696.0
lyc_personal,lyc personal model,lyc,20260907_lyc_unfocus_01,data/locked/2026-09-07/lyc_unfocus1_20260907.edf,unfocus,focus,694.0,698.0
lyc_personal,lyc personal model,lyc,20260907_lyc_unfocus_01,data/locked/2026-09-07/lyc_unfocus1_20260907.edf,unfocus,unfocus,696.0,700.0
lyc_personal,lyc personal model,lyc,20260907_lyc_unfocus_01,data/locked/2026-09-07/lyc_unfocus1_20260907.edf,unfocus,focus,698.0,702.0
lyc_personal,lyc personal model,lyc,20260907_lyc_unfocus_01,data/locked/2026-09-07/lyc_unfocus1_20260907.edf,unfocus,unfocus,700.0,704.0
lyc_personal,lyc personal model,lyc,20260907_lyc_unfocus_01,data/locked/2026-09-07/lyc_unfocus1_20260907.edf,unfocus,focus,702.0,706.0
lyc_personal,lyc personal model,lyc,20260907_lyc_unfocus_01,data/locked/2026-09-07/lyc_unfocus1_20260907.edf,unfocus,focus,704.0,708.0
lyc_personal,lyc personal model,lyc,20260907_lyc_unfocus_01,data/locked/2026-09-07/lyc_unfocus1_20260907.edf,unfocus,focus,706.0,710.0
lyc_personal,lyc personal model,lyc,20260907_lyc_unfocus_01,data/locked/2026-09-07/lyc_unfocus1_20260907.edf,unfocus,focus,708.0,712.0
lyc_personal,lyc personal model,lyc,20260907_lyc_unfocus_01,data/locked/2026-09-07/lyc_unfocus1_20260907.edf,unfocus,focus,710.0,714.0
lyc_personal,lyc personal model,lyc,20260907_lyc_unfocus_01,data/locked/2026-09-07/lyc_unfocus1_20260907.edf,unfocus,focus,712.0,716.0
lyc_personal,lyc personal model,lyc,20260907_lyc_unfocus_01,data/locked/2026-09-07/lyc_unfocus1_20260907.edf,unfocus,unfocus,714.0,718.0
lyc_personal,lyc personal model,lyc,20260907_lyc_unfocus_01,data/locked/2026-09-07/lyc_unfocus1_20260907.edf,unfocus,unfocus,716.0,720.0
lyc_personal,lyc personal model,lyc,20260907_lyc_unfocus_01,data/locked/2026-09-07/lyc_unfocus1_20260907.edf,unfocus,focus,718.0,722.0
lyc_personal,lyc personal model,lyc,20260907_lyc_unfocus_01,data/locked/2026-09-07/lyc_unfocus1_20260907.edf,unfocus,unfocus,720.0,724.0
lyc_personal,lyc personal model,lyc,20260907_lyc_unfocus_01,data/locked/2026-09-07/lyc_unfocus1_20260907.edf,unfocus,unfocus,722.0,726.0
lyc_personal,lyc personal model,lyc,20260907_lyc_unfocus_01,data/locked/2026-09-07/lyc_unfocus1_20260907.edf,unfocus,focus,724.0,728.0
lyc_personal,lyc personal model,lyc,20260907_lyc_unfocus_01,data/locked/2026-09-07/lyc_unfocus1_20260907.edf,unfocus,unfocus,726.0,730.0
lyc_personal,lyc personal model,lyc,20260907_lyc_unfocus_01,data/locked/2026-09-07/lyc_unfocus1_20260907.edf,unfocus,unfocus,728.0,732.0
lyc_personal,lyc personal model,lyc,20260907_lyc_unfocus_01,data/locked/2026-09-07/lyc_unfocus1_20260907.edf,unfocus,unfocus,730.0,734.0
lyc_personal,lyc personal model,lyc,20260907_lyc_unfocus_01,data/locked/2026-09-07/lyc_unfocus1_20260907.edf,unfocus,unfocus,732.0,736.0
lyc_personal,lyc personal model,lyc,20260907_lyc_unfocus_01,data/locked/2026-09-07/lyc_unfocus1_20260907.edf,unfocus,unfocus,734.0,738.0
lyc_personal,lyc personal model,lyc,20260907_lyc_unfocus_01,data/locked/2026-09-07/lyc_unfocus1_20260907.edf,unfocus,unfocus,736.0,740.0
lyc_personal,lyc personal model,lyc,20260907_lyc_unfocus_01,data/locked/2026-09-07/lyc_unfocus1_20260907.edf,unfocus,focus,738.0,742.0
lyc_personal,lyc personal model,lyc,20260907_lyc_unfocus_01,data/locked/2026-09-07/lyc_unfocus1_20260907.edf,unfocus,focus,740.0,744.0
lyc_personal,lyc personal model,lyc,20260907_lyc_unfocus_01,data/locked/2026-09-07/lyc_unfocus1_20260907.edf,unfocus,unfocus,742.0,746.0
lyc_personal,lyc personal model,lyc,20260907_lyc_unfocus_01,data/locked/2026-09-07/lyc_unfocus1_20260907.edf,unfocus,focus,744.0,748.0
lyc_personal,lyc personal model,lyc,20260907_lyc_unfocus_01,data/locked/2026-09-07/lyc_unfocus1_20260907.edf,unfocus,unfocus,746.0,750.0
lyc_personal,lyc personal model,lyc,20260907_lyc_unfocus_01,data/locked/2026-09-07/lyc_unfocus1_20260907.edf,unfocus,focus,748.0,752.0
lyc_personal,lyc personal model,lyc,20260907_lyc_unfocus_01,data/locked/2026-09-07/lyc_unfocus1_20260907.edf,unfocus,focus,750.0,754.0
lyc_personal,lyc personal model,lyc,20260907_lyc_unfocus_01,data/locked/2026-09-07/lyc_unfocus1_20260907.edf,unfocus,unfocus,752.0,756.0
lyc_personal,lyc personal model,lyc,20260907_lyc_unfocus_01,data/locked/2026-09-07/lyc_unfocus1_20260907.edf,unfocus,focus,754.0,758.0
lyc_personal,lyc personal model,lyc,20260907_lyc_unfocus_01,data/locked/2026-09-07/lyc_unfocus1_20260907.edf,unfocus,focus,756.0,760.0
lyc_personal,lyc personal model,lyc,20260907_lyc_unfocus_01,data/locked/2026-09-07/lyc_unfocus1_20260907.edf,unfocus,focus,758.0,762.0
lyc_personal,lyc personal model,lyc,20260907_lyc_unfocus_01,data/locked/2026-09-07/lyc_unfocus1_20260907.edf,unfocus,focus,760.0,764.0
lyc_personal,lyc personal model,lyc,20260907_lyc_unfocus_01,data/locked/2026-09-07/lyc_unfocus1_20260907.edf,unfocus,focus,762.0,766.0
lyc_personal,lyc personal model,lyc,20260907_lyc_unfocus_01,data/locked/2026-09-07/lyc_unfocus1_20260907.edf,unfocus,focus,764.0,768.0
lyc_personal,lyc personal model,lyc,20260907_lyc_unfocus_01,data/locked/2026-09-07/lyc_unfocus1_20260907.edf,unfocus,focus,766.0,770.0
lyc_personal,lyc personal model,lyc,20260907_lyc_unfocus_01,data/locked/2026-09-07/lyc_unfocus1_20260907.edf,unfocus,unfocus,768.0,772.0
lyc_personal,lyc personal model,lyc,20260907_lyc_unfocus_01,data/locked/2026-09-07/lyc_unfocus1_20260907.edf,unfocus,unfocus,770.0,774.0
lyc_personal,lyc personal model,lyc,20260907_lyc_unfocus_01,data/locked/2026-09-07/lyc_unfocus1_20260907.edf,unfocus,unfocus,772.0,776.0
lyc_personal,lyc personal model,lyc,20260907_lyc_unfocus_01,data/locked/2026-09-07/lyc_unfocus1_20260907.edf,unfocus,unfocus,774.0,778.0
lyc_personal,lyc personal model,lyc,20260907_lyc_unfocus_01,data/locked/2026-09-07/lyc_unfocus1_20260907.edf,unfocus,unfocus,776.0,780.0
lyc_personal,lyc personal model,lyc,20260907_lyc_unfocus_01,data/locked/2026-09-07/lyc_unfocus1_20260907.edf,unfocus,unfocus,778.0,782.0
lyc_personal,lyc personal model,lyc,20260907_lyc_unfocus_01,data/locked/2026-09-07/lyc_unfocus1_20260907.edf,unfocus,unfocus,780.0,784.0
lyc_personal,lyc personal model,lyc,20260907_lyc_unfocus_01,data/locked/2026-09-07/lyc_unfocus1_20260907.edf,unfocus,unfocus,782.0,786.0
lyc_personal,lyc personal model,lyc,20260907_lyc_unfocus_01,data/locked/2026-09-07/lyc_unfocus1_20260907.edf,unfocus,focus,784.0,788.0
lyc_personal,lyc personal model,lyc,20260907_lyc_unfocus_01,data/locked/2026-09-07/lyc_unfocus1_20260907.edf,unfocus,focus,786.0,790.0
lyc_personal,lyc personal model,lyc,20260907_lyc_unfocus_01,data/locked/2026-09-07/lyc_unfocus1_20260907.edf,unfocus,focus,788.0,792.0
lyc_personal,lyc personal model,lyc,20260907_lyc_unfocus_01,data/locked/2026-09-07/lyc_unfocus1_20260907.edf,unfocus,focus,790.0,794.0
lyc_personal,lyc personal model,lyc,20260907_lyc_unfocus_01,data/locked/2026-09-07/lyc_unfocus1_20260907.edf,unfocus,focus,792.0,796.0
lyc_personal,lyc personal model,lyc,20260907_lyc_unfocus_01,data/locked/2026-09-07/lyc_unfocus1_20260907.edf,unfocus,focus,794.0,798.0
lyc_personal,lyc personal model,lyc,20260907_lyc_unfocus_01,data/locked/2026-09-07/lyc_unfocus1_20260907.edf,unfocus,focus,796.0,800.0
lyc_personal,lyc personal model,lyc,20260907_lyc_unfocus_01,data/locked/2026-09-07/lyc_unfocus1_20260907.edf,unfocus,focus,798.0,802.0
lyc_personal,lyc personal model,lyc,20260907_lyc_unfocus_01,data/locked/2026-09-07/lyc_unfocus1_20260907.edf,unfocus,focus,800.0,804.0
lyc_personal,lyc personal model,lyc,20260907_lyc_unfocus_01,data/locked/2026-09-07/lyc_unfocus1_20260907.edf,unfocus,focus,802.0,806.0
lyc_personal,lyc personal model,lyc,20260907_lyc_unfocus_01,data/locked/2026-09-07/lyc_unfocus1_20260907.edf,unfocus,focus,804.0,808.0
lyc_personal,lyc personal model,lyc,20260907_lyc_unfocus_01,data/locked/2026-09-07/lyc_unfocus1_20260907.edf,unfocus,focus,806.0,810.0
lyc_personal,lyc personal model,lyc,20260907_lyc_unfocus_01,data/locked/2026-09-07/lyc_unfocus1_20260907.edf,unfocus,focus,808.0,812.0
lyc_personal,lyc personal model,lyc,20260907_lyc_unfocus_01,data/locked/2026-09-07/lyc_unfocus1_20260907.edf,unfocus,focus,810.0,814.0
lyc_personal,lyc personal model,lyc,20260907_lyc_unfocus_01,data/locked/2026-09-07/lyc_unfocus1_20260907.edf,unfocus,focus,812.0,816.0
lyc_personal,lyc personal model,lyc,20260907_lyc_unfocus_01,data/locked/2026-09-07/lyc_unfocus1_20260907.edf,unfocus,focus,814.0,818.0
lyc_personal,lyc personal model,lyc,20260907_lyc_unfocus_01,data/locked/2026-09-07/lyc_unfocus1_20260907.edf,unfocus,focus,816.0,820.0
lyc_personal,lyc personal model,lyc,20260907_lyc_unfocus_01,data/locked/2026-09-07/lyc_unfocus1_20260907.edf,unfocus,focus,818.0,822.0
lyc_personal,lyc personal model,lyc,20260907_lyc_unfocus_01,data/locked/2026-09-07/lyc_unfocus1_20260907.edf,unfocus,focus,820.0,824.0
lyc_personal,lyc personal model,lyc,20260907_lyc_unfocus_01,data/locked/2026-09-07/lyc_unfocus1_20260907.edf,unfocus,focus,822.0,826.0
lyc_personal,lyc personal model,lyc,20260907_lyc_unfocus_01,data/locked/2026-09-07/lyc_unfocus1_20260907.edf,unfocus,unfocus,824.0,828.0
lyc_personal,lyc personal model,lyc,20260907_lyc_unfocus_01,data/locked/2026-09-07/lyc_unfocus1_20260907.edf,unfocus,focus,826.0,830.0
lyc_personal,lyc personal model,lyc,20260907_lyc_unfocus_01,data/locked/2026-09-07/lyc_unfocus1_20260907.edf,unfocus,unfocus,828.0,832.0
lyc_personal,lyc personal model,lyc,20260907_lyc_unfocus_01,data/locked/2026-09-07/lyc_unfocus1_20260907.edf,unfocus,focus,830.0,834.0
lyc_personal,lyc personal model,lyc,20260907_lyc_unfocus_01,data/locked/2026-09-07/lyc_unfocus1_20260907.edf,unfocus,unfocus,832.0,836.0
lyc_personal,lyc personal model,lyc,20260907_lyc_unfocus_01,data/locked/2026-09-07/lyc_unfocus1_20260907.edf,unfocus,unfocus,834.0,838.0
lyc_personal,lyc personal model,lyc,20260907_lyc_unfocus_01,data/locked/2026-09-07/lyc_unfocus1_20260907.edf,unfocus,focus,836.0,840.0
lyc_personal,lyc personal model,lyc,20260907_lyc_unfocus_01,data/locked/2026-09-07/lyc_unfocus1_20260907.edf,unfocus,focus,838.0,842.0
lyc_personal,lyc personal model,lyc,20260907_lyc_unfocus_01,data/locked/2026-09-07/lyc_unfocus1_20260907.edf,unfocus,focus,840.0,844.0
lyc_personal,lyc personal model,lyc,20260907_lyc_unfocus_01,data/locked/2026-09-07/lyc_unfocus1_20260907.edf,unfocus,focus,842.0,846.0
lyc_personal,lyc personal model,lyc,20260907_lyc_unfocus_01,data/locked/2026-09-07/lyc_unfocus1_20260907.edf,unfocus,unfocus,844.0,848.0
lyc_personal,lyc personal model,lyc,20260907_lyc_unfocus_01,data/locked/2026-09-07/lyc_unfocus1_20260907.edf,unfocus,unfocus,846.0,850.0
lyc_personal,lyc personal model,lyc,20260907_lyc_unfocus_01,data/locked/2026-09-07/lyc_unfocus1_20260907.edf,unfocus,focus,848.0,852.0
lyc_personal,lyc personal model,lyc,20260907_lyc_unfocus_01,data/locked/2026-09-07/lyc_unfocus1_20260907.edf,unfocus,focus,850.0,854.0
lyc_personal,lyc personal model,lyc,20260907_lyc_unfocus_01,data/locked/2026-09-07/lyc_unfocus1_20260907.edf,unfocus,focus,852.0,856.0
lyc_personal,lyc personal model,lyc,20260907_lyc_unfocus_01,data/locked/2026-09-07/lyc_unfocus1_20260907.edf,unfocus,focus,854.0,858.0
lyc_personal,lyc personal model,lyc,20260907_lyc_unfocus_01,data/locked/2026-09-07/lyc_unfocus1_20260907.edf,unfocus,focus,856.0,860.0
lyc_personal,lyc personal model,lyc,20260907_lyc_unfocus_01,data/locked/2026-09-07/lyc_unfocus1_20260907.edf,unfocus,focus,858.0,862.0
lyc_personal,lyc personal model,lyc,20260907_lyc_unfocus_01,data/locked/2026-09-07/lyc_unfocus1_20260907.edf,unfocus,focus,860.0,864.0
lyc_personal,lyc personal model,lyc,20260907_lyc_unfocus_01,data/locked/2026-09-07/lyc_unfocus1_20260907.edf,unfocus,focus,862.0,866.0
lyc_personal,lyc personal model,lyc,20260907_lyc_unfocus_01,data/locked/2026-09-07/lyc_unfocus1_20260907.edf,unfocus,unfocus,864.0,868.0
lyc_personal,lyc personal model,lyc,20260907_lyc_unfocus_01,data/locked/2026-09-07/lyc_unfocus1_20260907.edf,unfocus,unfocus,866.0,870.0
lyc_personal,lyc personal model,lyc,20260907_lyc_unfocus_01,data/locked/2026-09-07/lyc_unfocus1_20260907.edf,unfocus,focus,868.0,872.0
lyc_personal,lyc personal model,lyc,20260907_lyc_unfocus_01,data/locked/2026-09-07/lyc_unfocus1_20260907.edf,unfocus,unfocus,870.0,874.0
lyc_personal,lyc personal model,lyc,20260907_lyc_unfocus_01,data/locked/2026-09-07/lyc_unfocus1_20260907.edf,unfocus,focus,872.0,876.0
lyc_personal,lyc personal model,lyc,20260907_lyc_unfocus_01,data/locked/2026-09-07/lyc_unfocus1_20260907.edf,unfocus,focus,874.0,878.0
lyc_personal,lyc personal model,lyc,20260907_lyc_unfocus_01,data/locked/2026-09-07/lyc_unfocus1_20260907.edf,unfocus,focus,876.0,880.0
zyf_personal,zyf personal model,lyc,20260907_lyc_unfocus_01,data/locked/2026-09-07/lyc_unfocus1_20260907.edf,unfocus,unfocus,30.0,34.0
zyf_personal,zyf personal model,lyc,20260907_lyc_unfocus_01,data/locked/2026-09-07/lyc_unfocus1_20260907.edf,unfocus,unfocus,32.0,36.0
zyf_personal,zyf personal model,lyc,20260907_lyc_unfocus_01,data/locked/2026-09-07/lyc_unfocus1_20260907.edf,unfocus,unfocus,34.0,38.0
zyf_personal,zyf personal model,lyc,20260907_lyc_unfocus_01,data/locked/2026-09-07/lyc_unfocus1_20260907.edf,unfocus,unfocus,36.0,40.0
zyf_personal,zyf personal model,lyc,20260907_lyc_unfocus_01,data/locked/2026-09-07/lyc_unfocus1_20260907.edf,unfocus,unfocus,38.0,42.0
zyf_personal,zyf personal model,lyc,20260907_lyc_unfocus_01,data/locked/2026-09-07/lyc_unfocus1_20260907.edf,unfocus,unfocus,40.0,44.0
zyf_personal,zyf personal model,lyc,20260907_lyc_unfocus_01,data/locked/2026-09-07/lyc_unfocus1_20260907.edf,unfocus,unfocus,42.0,46.0
zyf_personal,zyf personal model,lyc,20260907_lyc_unfocus_01,data/locked/2026-09-07/lyc_unfocus1_20260907.edf,unfocus,unfocus,44.0,48.0
zyf_personal,zyf personal model,lyc,20260907_lyc_unfocus_01,data/locked/2026-09-07/lyc_unfocus1_20260907.edf,unfocus,unfocus,46.0,50.0
zyf_personal,zyf personal model,lyc,20260907_lyc_unfocus_01,data/locked/2026-09-07/lyc_unfocus1_20260907.edf,unfocus,unfocus,48.0,52.0
zyf_personal,zyf personal model,lyc,20260907_lyc_unfocus_01,data/locked/2026-09-07/lyc_unfocus1_20260907.edf,unfocus,unfocus,50.0,54.0
zyf_personal,zyf personal model,lyc,20260907_lyc_unfocus_01,data/locked/2026-09-07/lyc_unfocus1_20260907.edf,unfocus,unfocus,52.0,56.0
zyf_personal,zyf personal model,lyc,20260907_lyc_unfocus_01,data/locked/2026-09-07/lyc_unfocus1_20260907.edf,unfocus,unfocus,54.0,58.0
zyf_personal,zyf personal model,lyc,20260907_lyc_unfocus_01,data/locked/2026-09-07/lyc_unfocus1_20260907.edf,unfocus,unfocus,56.0,60.0
zyf_personal,zyf personal model,lyc,20260907_lyc_unfocus_01,data/locked/2026-09-07/lyc_unfocus1_20260907.edf,unfocus,unfocus,58.0,62.0
zyf_personal,zyf personal model,lyc,20260907_lyc_unfocus_01,data/locked/2026-09-07/lyc_unfocus1_20260907.edf,unfocus,unfocus,60.0,64.0
zyf_personal,zyf personal model,lyc,20260907_lyc_unfocus_01,data/locked/2026-09-07/lyc_unfocus1_20260907.edf,unfocus,unfocus,62.0,66.0
zyf_personal,zyf personal model,lyc,20260907_lyc_unfocus_01,data/locked/2026-09-07/lyc_unfocus1_20260907.edf,unfocus,unfocus,64.0,68.0
zyf_personal,zyf personal model,lyc,20260907_lyc_unfocus_01,data/locked/2026-09-07/lyc_unfocus1_20260907.edf,unfocus,unfocus,66.0,70.0
zyf_personal,zyf personal model,lyc,20260907_lyc_unfocus_01,data/locked/2026-09-07/lyc_unfocus1_20260907.edf,unfocus,unfocus,68.0,72.0
zyf_personal,zyf personal model,lyc,20260907_lyc_unfocus_01,data/locked/2026-09-07/lyc_unfocus1_20260907.edf,unfocus,unfocus,70.0,74.0
zyf_personal,zyf personal model,lyc,20260907_lyc_unfocus_01,data/locked/2026-09-07/lyc_unfocus1_20260907.edf,unfocus,unfocus,72.0,76.0
zyf_personal,zyf personal model,lyc,20260907_lyc_unfocus_01,data/locked/2026-09-07/lyc_unfocus1_20260907.edf,unfocus,unfocus,74.0,78.0
zyf_personal,zyf personal model,lyc,20260907_lyc_unfocus_01,data/locked/2026-09-07/lyc_unfocus1_20260907.edf,unfocus,unfocus,76.0,80.0
zyf_personal,zyf personal model,lyc,20260907_lyc_unfocus_01,data/locked/2026-09-07/lyc_unfocus1_20260907.edf,unfocus,unfocus,78.0,82.0
zyf_personal,zyf personal model,lyc,20260907_lyc_unfocus_01,data/locked/2026-09-07/lyc_unfocus1_20260907.edf,unfocus,unfocus,80.0,84.0
zyf_personal,zyf personal model,lyc,20260907_lyc_unfocus_01,data/locked/2026-09-07/lyc_unfocus1_20260907.edf,unfocus,unfocus,82.0,86.0
zyf_personal,zyf personal model,lyc,20260907_lyc_unfocus_01,data/locked/2026-09-07/lyc_unfocus1_20260907.edf,unfocus,unfocus,84.0,88.0
zyf_personal,zyf personal model,lyc,20260907_lyc_unfocus_01,data/locked/2026-09-07/lyc_unfocus1_20260907.edf,unfocus,unfocus,86.0,90.0
zyf_personal,zyf personal model,lyc,20260907_lyc_unfocus_01,data/locked/2026-09-07/lyc_unfocus1_20260907.edf,unfocus,unfocus,88.0,92.0
zyf_personal,zyf personal model,lyc,20260907_lyc_unfocus_01,data/locked/2026-09-07/lyc_unfocus1_20260907.edf,unfocus,unfocus,90.0,94.0
zyf_personal,zyf personal model,lyc,20260907_lyc_unfocus_01,data/locked/2026-09-07/lyc_unfocus1_20260907.edf,unfocus,unfocus,92.0,96.0
zyf_personal,zyf personal model,lyc,20260907_lyc_unfocus_01,data/locked/2026-09-07/lyc_unfocus1_20260907.edf,unfocus,unfocus,94.0,98.0
zyf_personal,zyf personal model,lyc,20260907_lyc_unfocus_01,data/locked/2026-09-07/lyc_unfocus1_20260907.edf,unfocus,unfocus,96.0,100.0
zyf_personal,zyf personal model,lyc,20260907_lyc_unfocus_01,data/locked/2026-09-07/lyc_unfocus1_20260907.edf,unfocus,unfocus,98.0,102.0
zyf_personal,zyf personal model,lyc,20260907_lyc_unfocus_01,data/locked/2026-09-07/lyc_unfocus1_20260907.edf,unfocus,unfocus,100.0,104.0
zyf_personal,zyf personal model,lyc,20260907_lyc_unfocus_01,data/locked/2026-09-07/lyc_unfocus1_20260907.edf,unfocus,unfocus,102.0,106.0
zyf_personal,zyf personal model,lyc,20260907_lyc_unfocus_01,data/locked/2026-09-07/lyc_unfocus1_20260907.edf,unfocus,unfocus,104.0,108.0
zyf_personal,zyf personal model,lyc,20260907_lyc_unfocus_01,data/locked/2026-09-07/lyc_unfocus1_20260907.edf,unfocus,unfocus,106.0,110.0
zyf_personal,zyf personal model,lyc,20260907_lyc_unfocus_01,data/locked/2026-09-07/lyc_unfocus1_20260907.edf,unfocus,unfocus,108.0,112.0
zyf_personal,zyf personal model,lyc,20260907_lyc_unfocus_01,data/locked/2026-09-07/lyc_unfocus1_20260907.edf,unfocus,unfocus,110.0,114.0
zyf_personal,zyf personal model,lyc,20260907_lyc_unfocus_01,data/locked/2026-09-07/lyc_unfocus1_20260907.edf,unfocus,unfocus,112.0,116.0
zyf_personal,zyf personal model,lyc,20260907_lyc_unfocus_01,data/locked/2026-09-07/lyc_unfocus1_20260907.edf,unfocus,unfocus,114.0,118.0
zyf_personal,zyf personal model,lyc,20260907_lyc_unfocus_01,data/locked/2026-09-07/lyc_unfocus1_20260907.edf,unfocus,unfocus,116.0,120.0
zyf_personal,zyf personal model,lyc,20260907_lyc_unfocus_01,data/locked/2026-09-07/lyc_unfocus1_20260907.edf,unfocus,unfocus,118.0,122.0
zyf_personal,zyf personal model,lyc,20260907_lyc_unfocus_01,data/locked/2026-09-07/lyc_unfocus1_20260907.edf,unfocus,unfocus,120.0,124.0
zyf_personal,zyf personal model,lyc,20260907_lyc_unfocus_01,data/locked/2026-09-07/lyc_unfocus1_20260907.edf,unfocus,unfocus,122.0,126.0
zyf_personal,zyf personal model,lyc,20260907_lyc_unfocus_01,data/locked/2026-09-07/lyc_unfocus1_20260907.edf,unfocus,unfocus,124.0,128.0
zyf_personal,zyf personal model,lyc,20260907_lyc_unfocus_01,data/locked/2026-09-07/lyc_unfocus1_20260907.edf,unfocus,unfocus,126.0,130.0
zyf_personal,zyf personal model,lyc,20260907_lyc_unfocus_01,data/locked/2026-09-07/lyc_unfocus1_20260907.edf,unfocus,unfocus,128.0,132.0
zyf_personal,zyf personal model,lyc,20260907_lyc_unfocus_01,data/locked/2026-09-07/lyc_unfocus1_20260907.edf,unfocus,unfocus,130.0,134.0
zyf_personal,zyf personal model,lyc,20260907_lyc_unfocus_01,data/locked/2026-09-07/lyc_unfocus1_20260907.edf,unfocus,unfocus,132.0,136.0
zyf_personal,zyf personal model,lyc,20260907_lyc_unfocus_01,data/locked/2026-09-07/lyc_unfocus1_20260907.edf,unfocus,unfocus,134.0,138.0
zyf_personal,zyf personal model,lyc,20260907_lyc_unfocus_01,data/locked/2026-09-07/lyc_unfocus1_20260907.edf,unfocus,unfocus,136.0,140.0
zyf_personal,zyf personal model,lyc,20260907_lyc_unfocus_01,data/locked/2026-09-07/lyc_unfocus1_20260907.edf,unfocus,unfocus,138.0,142.0
zyf_personal,zyf personal model,lyc,20260907_lyc_unfocus_01,data/locked/2026-09-07/lyc_unfocus1_20260907.edf,unfocus,unfocus,140.0,144.0
zyf_personal,zyf personal model,lyc,20260907_lyc_unfocus_01,data/locked/2026-09-07/lyc_unfocus1_20260907.edf,unfocus,unfocus,142.0,146.0
zyf_personal,zyf personal model,lyc,20260907_lyc_unfocus_01,data/locked/2026-09-07/lyc_unfocus1_20260907.edf,unfocus,unfocus,144.0,148.0
zyf_personal,zyf personal model,lyc,20260907_lyc_unfocus_01,data/locked/2026-09-07/lyc_unfocus1_20260907.edf,unfocus,unfocus,146.0,150.0
zyf_personal,zyf personal model,lyc,20260907_lyc_unfocus_01,data/locked/2026-09-07/lyc_unfocus1_20260907.edf,unfocus,unfocus,148.0,152.0
zyf_personal,zyf personal model,lyc,20260907_lyc_unfocus_01,data/locked/2026-09-07/lyc_unfocus1_20260907.edf,unfocus,unfocus,150.0,154.0
zyf_personal,zyf personal model,lyc,20260907_lyc_unfocus_01,data/locked/2026-09-07/lyc_unfocus1_20260907.edf,unfocus,unfocus,152.0,156.0
zyf_personal,zyf personal model,lyc,20260907_lyc_unfocus_01,data/locked/2026-09-07/lyc_unfocus1_20260907.edf,unfocus,unfocus,154.0,158.0
zyf_personal,zyf personal model,lyc,20260907_lyc_unfocus_01,data/locked/2026-09-07/lyc_unfocus1_20260907.edf,unfocus,unfocus,156.0,160.0
zyf_personal,zyf personal model,lyc,20260907_lyc_unfocus_01,data/locked/2026-09-07/lyc_unfocus1_20260907.edf,unfocus,unfocus,158.0,162.0
zyf_personal,zyf personal model,lyc,20260907_lyc_unfocus_01,data/locked/2026-09-07/lyc_unfocus1_20260907.edf,unfocus,unfocus,160.0,164.0
zyf_personal,zyf personal model,lyc,20260907_lyc_unfocus_01,data/locked/2026-09-07/lyc_unfocus1_20260907.edf,unfocus,unfocus,162.0,166.0
zyf_personal,zyf personal model,lyc,20260907_lyc_unfocus_01,data/locked/2026-09-07/lyc_unfocus1_20260907.edf,unfocus,unfocus,164.0,168.0
zyf_personal,zyf personal model,lyc,20260907_lyc_unfocus_01,data/locked/2026-09-07/lyc_unfocus1_20260907.edf,unfocus,unfocus,166.0,170.0
zyf_personal,zyf personal model,lyc,20260907_lyc_unfocus_01,data/locked/2026-09-07/lyc_unfocus1_20260907.edf,unfocus,unfocus,168.0,172.0
zyf_personal,zyf personal model,lyc,20260907_lyc_unfocus_01,data/locked/2026-09-07/lyc_unfocus1_20260907.edf,unfocus,unfocus,170.0,174.0
zyf_personal,zyf personal model,lyc,20260907_lyc_unfocus_01,data/locked/2026-09-07/lyc_unfocus1_20260907.edf,unfocus,unfocus,172.0,176.0
zyf_personal,zyf personal model,lyc,20260907_lyc_unfocus_01,data/locked/2026-09-07/lyc_unfocus1_20260907.edf,unfocus,unfocus,174.0,178.0
zyf_personal,zyf personal model,lyc,20260907_lyc_unfocus_01,data/locked/2026-09-07/lyc_unfocus1_20260907.edf,unfocus,unfocus,176.0,180.0
zyf_personal,zyf personal model,lyc,20260907_lyc_unfocus_01,data/locked/2026-09-07/lyc_unfocus1_20260907.edf,unfocus,unfocus,178.0,182.0
zyf_personal,zyf personal model,lyc,20260907_lyc_unfocus_01,data/locked/2026-09-07/lyc_unfocus1_20260907.edf,unfocus,unfocus,180.0,184.0
zyf_personal,zyf personal model,lyc,20260907_lyc_unfocus_01,data/locked/2026-09-07/lyc_unfocus1_20260907.edf,unfocus,unfocus,182.0,186.0
zyf_personal,zyf personal model,lyc,20260907_lyc_unfocus_01,data/locked/2026-09-07/lyc_unfocus1_20260907.edf,unfocus,unfocus,184.0,188.0
zyf_personal,zyf personal model,lyc,20260907_lyc_unfocus_01,data/locked/2026-09-07/lyc_unfocus1_20260907.edf,unfocus,unfocus,186.0,190.0
zyf_personal,zyf personal model,lyc,20260907_lyc_unfocus_01,data/locked/2026-09-07/lyc_unfocus1_20260907.edf,unfocus,unfocus,188.0,192.0
zyf_personal,zyf personal model,lyc,20260907_lyc_unfocus_01,data/locked/2026-09-07/lyc_unfocus1_20260907.edf,unfocus,unfocus,190.0,194.0
zyf_personal,zyf personal model,lyc,20260907_lyc_unfocus_01,data/locked/2026-09-07/lyc_unfocus1_20260907.edf,unfocus,unfocus,192.0,196.0
zyf_personal,zyf personal model,lyc,20260907_lyc_unfocus_01,data/locked/2026-09-07/lyc_unfocus1_20260907.edf,unfocus,unfocus,194.0,198.0
zyf_personal,zyf personal model,lyc,20260907_lyc_unfocus_01,data/locked/2026-09-07/lyc_unfocus1_20260907.edf,unfocus,unfocus,196.0,200.0
zyf_personal,zyf personal model,lyc,20260907_lyc_unfocus_01,data/locked/2026-09-07/lyc_unfocus1_20260907.edf,unfocus,unfocus,198.0,202.0
zyf_personal,zyf personal model,lyc,20260907_lyc_unfocus_01,data/locked/2026-09-07/lyc_unfocus1_20260907.edf,unfocus,unfocus,200.0,204.0
zyf_personal,zyf personal model,lyc,20260907_lyc_unfocus_01,data/locked/2026-09-07/lyc_unfocus1_20260907.edf,unfocus,unfocus,202.0,206.0
zyf_personal,zyf personal model,lyc,20260907_lyc_unfocus_01,data/locked/2026-09-07/lyc_unfocus1_20260907.edf,unfocus,unfocus,204.0,208.0
zyf_personal,zyf personal model,lyc,20260907_lyc_unfocus_01,data/locked/2026-09-07/lyc_unfocus1_20260907.edf,unfocus,unfocus,206.0,210.0
zyf_personal,zyf personal model,lyc,20260907_lyc_unfocus_01,data/locked/2026-09-07/lyc_unfocus1_20260907.edf,unfocus,unfocus,208.0,212.0
zyf_personal,zyf personal model,lyc,20260907_lyc_unfocus_01,data/locked/2026-09-07/lyc_unfocus1_20260907.edf,unfocus,unfocus,210.0,214.0
zyf_personal,zyf personal model,lyc,20260907_lyc_unfocus_01,data/locked/2026-09-07/lyc_unfocus1_20260907.edf,unfocus,unfocus,212.0,216.0
zyf_personal,zyf personal model,lyc,20260907_lyc_unfocus_01,data/locked/2026-09-07/lyc_unfocus1_20260907.edf,unfocus,unfocus,214.0,218.0
zyf_personal,zyf personal model,lyc,20260907_lyc_unfocus_01,data/locked/2026-09-07/lyc_unfocus1_20260907.edf,unfocus,unfocus,216.0,220.0
zyf_personal,zyf personal model,lyc,20260907_lyc_unfocus_01,data/locked/2026-09-07/lyc_unfocus1_20260907.edf,unfocus,unfocus,218.0,222.0
zyf_personal,zyf personal model,lyc,20260907_lyc_unfocus_01,data/locked/2026-09-07/lyc_unfocus1_20260907.edf,unfocus,unfocus,220.0,224.0
zyf_personal,zyf personal model,lyc,20260907_lyc_unfocus_01,data/locked/2026-09-07/lyc_unfocus1_20260907.edf,unfocus,unfocus,222.0,226.0
zyf_personal,zyf personal model,lyc,20260907_lyc_unfocus_01,data/locked/2026-09-07/lyc_unfocus1_20260907.edf,unfocus,unfocus,224.0,228.0
zyf_personal,zyf personal model,lyc,20260907_lyc_unfocus_01,data/locked/2026-09-07/lyc_unfocus1_20260907.edf,unfocus,unfocus,226.0,230.0
zyf_personal,zyf personal model,lyc,20260907_lyc_unfocus_01,data/locked/2026-09-07/lyc_unfocus1_20260907.edf,unfocus,unfocus,228.0,232.0
zyf_personal,zyf personal model,lyc,20260907_lyc_unfocus_01,data/locked/2026-09-07/lyc_unfocus1_20260907.edf,unfocus,unfocus,230.0,234.0
zyf_personal,zyf personal model,lyc,20260907_lyc_unfocus_01,data/locked/2026-09-07/lyc_unfocus1_20260907.edf,unfocus,unfocus,232.0,236.0
zyf_personal,zyf personal model,lyc,20260907_lyc_unfocus_01,data/locked/2026-09-07/lyc_unfocus1_20260907.edf,unfocus,unfocus,234.0,238.0
zyf_personal,zyf personal model,lyc,20260907_lyc_unfocus_01,data/locked/2026-09-07/lyc_unfocus1_20260907.edf,unfocus,unfocus,236.0,240.0
zyf_personal,zyf personal model,lyc,20260907_lyc_unfocus_01,data/locked/2026-09-07/lyc_unfocus1_20260907.edf,unfocus,unfocus,238.0,242.0
zyf_personal,zyf personal model,lyc,20260907_lyc_unfocus_01,data/locked/2026-09-07/lyc_unfocus1_20260907.edf,unfocus,unfocus,240.0,244.0
zyf_personal,zyf personal model,lyc,20260907_lyc_unfocus_01,data/locked/2026-09-07/lyc_unfocus1_20260907.edf,unfocus,unfocus,242.0,246.0
zyf_personal,zyf personal model,lyc,20260907_lyc_unfocus_01,data/locked/2026-09-07/lyc_unfocus1_20260907.edf,unfocus,unfocus,244.0,248.0
zyf_personal,zyf personal model,lyc,20260907_lyc_unfocus_01,data/locked/2026-09-07/lyc_unfocus1_20260907.edf,unfocus,unfocus,246.0,250.0
zyf_personal,zyf personal model,lyc,20260907_lyc_unfocus_01,data/locked/2026-09-07/lyc_unfocus1_20260907.edf,unfocus,unfocus,248.0,252.0
zyf_personal,zyf personal model,lyc,20260907_lyc_unfocus_01,data/locked/2026-09-07/lyc_unfocus1_20260907.edf,unfocus,unfocus,250.0,254.0
zyf_personal,zyf personal model,lyc,20260907_lyc_unfocus_01,data/locked/2026-09-07/lyc_unfocus1_20260907.edf,unfocus,unfocus,252.0,256.0
zyf_personal,zyf personal model,lyc,20260907_lyc_unfocus_01,data/locked/2026-09-07/lyc_unfocus1_20260907.edf,unfocus,unfocus,254.0,258.0
zyf_personal,zyf personal model,lyc,20260907_lyc_unfocus_01,data/locked/2026-09-07/lyc_unfocus1_20260907.edf,unfocus,unfocus,256.0,260.0
zyf_personal,zyf personal model,lyc,20260907_lyc_unfocus_01,data/locked/2026-09-07/lyc_unfocus1_20260907.edf,unfocus,unfocus,258.0,262.0
zyf_personal,zyf personal model,lyc,20260907_lyc_unfocus_01,data/locked/2026-09-07/lyc_unfocus1_20260907.edf,unfocus,unfocus,260.0,264.0
zyf_personal,zyf personal model,lyc,20260907_lyc_unfocus_01,data/locked/2026-09-07/lyc_unfocus1_20260907.edf,unfocus,unfocus,262.0,266.0
zyf_personal,zyf personal model,lyc,20260907_lyc_unfocus_01,data/locked/2026-09-07/lyc_unfocus1_20260907.edf,unfocus,unfocus,264.0,268.0
zyf_personal,zyf personal model,lyc,20260907_lyc_unfocus_01,data/locked/2026-09-07/lyc_unfocus1_20260907.edf,unfocus,unfocus,266.0,270.0
zyf_personal,zyf personal model,lyc,20260907_lyc_unfocus_01,data/locked/2026-09-07/lyc_unfocus1_20260907.edf,unfocus,unfocus,268.0,272.0
zyf_personal,zyf personal model,lyc,20260907_lyc_unfocus_01,data/locked/2026-09-07/lyc_unfocus1_20260907.edf,unfocus,unfocus,270.0,274.0
zyf_personal,zyf personal model,lyc,20260907_lyc_unfocus_01,data/locked/2026-09-07/lyc_unfocus1_20260907.edf,unfocus,unfocus,272.0,276.0
zyf_personal,zyf personal model,lyc,20260907_lyc_unfocus_01,data/locked/2026-09-07/lyc_unfocus1_20260907.edf,unfocus,unfocus,274.0,278.0
zyf_personal,zyf personal model,lyc,20260907_lyc_unfocus_01,data/locked/2026-09-07/lyc_unfocus1_20260907.edf,unfocus,unfocus,276.0,280.0
zyf_personal,zyf personal model,lyc,20260907_lyc_unfocus_01,data/locked/2026-09-07/lyc_unfocus1_20260907.edf,unfocus,unfocus,278.0,282.0
zyf_personal,zyf personal model,lyc,20260907_lyc_unfocus_01,data/locked/2026-09-07/lyc_unfocus1_20260907.edf,unfocus,unfocus,280.0,284.0
zyf_personal,zyf personal model,lyc,20260907_lyc_unfocus_01,data/locked/2026-09-07/lyc_unfocus1_20260907.edf,unfocus,unfocus,282.0,286.0
zyf_personal,zyf personal model,lyc,20260907_lyc_unfocus_01,data/locked/2026-09-07/lyc_unfocus1_20260907.edf,unfocus,unfocus,284.0,288.0
zyf_personal,zyf personal model,lyc,20260907_lyc_unfocus_01,data/locked/2026-09-07/lyc_unfocus1_20260907.edf,unfocus,unfocus,286.0,290.0
zyf_personal,zyf personal model,lyc,20260907_lyc_unfocus_01,data/locked/2026-09-07/lyc_unfocus1_20260907.edf,unfocus,unfocus,288.0,292.0
zyf_personal,zyf personal model,lyc,20260907_lyc_unfocus_01,data/locked/2026-09-07/lyc_unfocus1_20260907.edf,unfocus,unfocus,290.0,294.0
zyf_personal,zyf personal model,lyc,20260907_lyc_unfocus_01,data/locked/2026-09-07/lyc_unfocus1_20260907.edf,unfocus,unfocus,292.0,296.0
zyf_personal,zyf personal model,lyc,20260907_lyc_unfocus_01,data/locked/2026-09-07/lyc_unfocus1_20260907.edf,unfocus,unfocus,294.0,298.0
zyf_personal,zyf personal model,lyc,20260907_lyc_unfocus_01,data/locked/2026-09-07/lyc_unfocus1_20260907.edf,unfocus,unfocus,296.0,300.0
zyf_personal,zyf personal model,lyc,20260907_lyc_unfocus_01,data/locked/2026-09-07/lyc_unfocus1_20260907.edf,unfocus,unfocus,298.0,302.0
zyf_personal,zyf personal model,lyc,20260907_lyc_unfocus_01,data/locked/2026-09-07/lyc_unfocus1_20260907.edf,unfocus,unfocus,300.0,304.0
zyf_personal,zyf personal model,lyc,20260907_lyc_unfocus_01,data/locked/2026-09-07/lyc_unfocus1_20260907.edf,unfocus,unfocus,302.0,306.0
zyf_personal,zyf personal model,lyc,20260907_lyc_unfocus_01,data/locked/2026-09-07/lyc_unfocus1_20260907.edf,unfocus,unfocus,304.0,308.0
zyf_personal,zyf personal model,lyc,20260907_lyc_unfocus_01,data/locked/2026-09-07/lyc_unfocus1_20260907.edf,unfocus,unfocus,306.0,310.0
zyf_personal,zyf personal model,lyc,20260907_lyc_unfocus_01,data/locked/2026-09-07/lyc_unfocus1_20260907.edf,unfocus,unfocus,308.0,312.0
zyf_personal,zyf personal model,lyc,20260907_lyc_unfocus_01,data/locked/2026-09-07/lyc_unfocus1_20260907.edf,unfocus,unfocus,310.0,314.0
zyf_personal,zyf personal model,lyc,20260907_lyc_unfocus_01,data/locked/2026-09-07/lyc_unfocus1_20260907.edf,unfocus,unfocus,312.0,316.0
zyf_personal,zyf personal model,lyc,20260907_lyc_unfocus_01,data/locked/2026-09-07/lyc_unfocus1_20260907.edf,unfocus,focus,314.0,318.0
zyf_personal,zyf personal model,lyc,20260907_lyc_unfocus_01,data/locked/2026-09-07/lyc_unfocus1_20260907.edf,unfocus,focus,316.0,320.0
zyf_personal,zyf personal model,lyc,20260907_lyc_unfocus_01,data/locked/2026-09-07/lyc_unfocus1_20260907.edf,unfocus,unfocus,318.0,322.0
zyf_personal,zyf personal model,lyc,20260907_lyc_unfocus_01,data/locked/2026-09-07/lyc_unfocus1_20260907.edf,unfocus,unfocus,320.0,324.0
zyf_personal,zyf personal model,lyc,20260907_lyc_unfocus_01,data/locked/2026-09-07/lyc_unfocus1_20260907.edf,unfocus,unfocus,322.0,326.0
zyf_personal,zyf personal model,lyc,20260907_lyc_unfocus_01,data/locked/2026-09-07/lyc_unfocus1_20260907.edf,unfocus,unfocus,324.0,328.0
zyf_personal,zyf personal model,lyc,20260907_lyc_unfocus_01,data/locked/2026-09-07/lyc_unfocus1_20260907.edf,unfocus,unfocus,326.0,330.0
zyf_personal,zyf personal model,lyc,20260907_lyc_unfocus_01,data/locked/2026-09-07/lyc_unfocus1_20260907.edf,unfocus,unfocus,328.0,332.0
zyf_personal,zyf personal model,lyc,20260907_lyc_unfocus_01,data/locked/2026-09-07/lyc_unfocus1_20260907.edf,unfocus,unfocus,330.0,334.0
zyf_personal,zyf personal model,lyc,20260907_lyc_unfocus_01,data/locked/2026-09-07/lyc_unfocus1_20260907.edf,unfocus,unfocus,332.0,336.0
zyf_personal,zyf personal model,lyc,20260907_lyc_unfocus_01,data/locked/2026-09-07/lyc_unfocus1_20260907.edf,unfocus,unfocus,334.0,338.0
zyf_personal,zyf personal model,lyc,20260907_lyc_unfocus_01,data/locked/2026-09-07/lyc_unfocus1_20260907.edf,unfocus,unfocus,336.0,340.0
zyf_personal,zyf personal model,lyc,20260907_lyc_unfocus_01,data/locked/2026-09-07/lyc_unfocus1_20260907.edf,unfocus,unfocus,338.0,342.0
zyf_personal,zyf personal model,lyc,20260907_lyc_unfocus_01,data/locked/2026-09-07/lyc_unfocus1_20260907.edf,unfocus,unfocus,340.0,344.0
zyf_personal,zyf personal model,lyc,20260907_lyc_unfocus_01,data/locked/2026-09-07/lyc_unfocus1_20260907.edf,unfocus,unfocus,342.0,346.0
zyf_personal,zyf personal model,lyc,20260907_lyc_unfocus_01,data/locked/2026-09-07/lyc_unfocus1_20260907.edf,unfocus,unfocus,344.0,348.0
zyf_personal,zyf personal model,lyc,20260907_lyc_unfocus_01,data/locked/2026-09-07/lyc_unfocus1_20260907.edf,unfocus,unfocus,346.0,350.0
zyf_personal,zyf personal model,lyc,20260907_lyc_unfocus_01,data/locked/2026-09-07/lyc_unfocus1_20260907.edf,unfocus,unfocus,348.0,352.0
zyf_personal,zyf personal model,lyc,20260907_lyc_unfocus_01,data/locked/2026-09-07/lyc_unfocus1_20260907.edf,unfocus,unfocus,350.0,354.0
zyf_personal,zyf personal model,lyc,20260907_lyc_unfocus_01,data/locked/2026-09-07/lyc_unfocus1_20260907.edf,unfocus,unfocus,352.0,356.0
zyf_personal,zyf personal model,lyc,20260907_lyc_unfocus_01,data/locked/2026-09-07/lyc_unfocus1_20260907.edf,unfocus,unfocus,354.0,358.0
zyf_personal,zyf personal model,lyc,20260907_lyc_unfocus_01,data/locked/2026-09-07/lyc_unfocus1_20260907.edf,unfocus,unfocus,356.0,360.0
zyf_personal,zyf personal model,lyc,20260907_lyc_unfocus_01,data/locked/2026-09-07/lyc_unfocus1_20260907.edf,unfocus,unfocus,358.0,362.0
zyf_personal,zyf personal model,lyc,20260907_lyc_unfocus_01,data/locked/2026-09-07/lyc_unfocus1_20260907.edf,unfocus,unfocus,360.0,364.0
zyf_personal,zyf personal model,lyc,20260907_lyc_unfocus_01,data/locked/2026-09-07/lyc_unfocus1_20260907.edf,unfocus,unfocus,362.0,366.0
zyf_personal,zyf personal model,lyc,20260907_lyc_unfocus_01,data/locked/2026-09-07/lyc_unfocus1_20260907.edf,unfocus,unfocus,364.0,368.0
zyf_personal,zyf personal model,lyc,20260907_lyc_unfocus_01,data/locked/2026-09-07/lyc_unfocus1_20260907.edf,unfocus,unfocus,366.0,370.0
zyf_personal,zyf personal model,lyc,20260907_lyc_unfocus_01,data/locked/2026-09-07/lyc_unfocus1_20260907.edf,unfocus,unfocus,368.0,372.0
zyf_personal,zyf personal model,lyc,20260907_lyc_unfocus_01,data/locked/2026-09-07/lyc_unfocus1_20260907.edf,unfocus,unfocus,370.0,374.0
zyf_personal,zyf personal model,lyc,20260907_lyc_unfocus_01,data/locked/2026-09-07/lyc_unfocus1_20260907.edf,unfocus,unfocus,372.0,376.0
zyf_personal,zyf personal model,lyc,20260907_lyc_unfocus_01,data/locked/2026-09-07/lyc_unfocus1_20260907.edf,unfocus,unfocus,374.0,378.0
zyf_personal,zyf personal model,lyc,20260907_lyc_unfocus_01,data/locked/2026-09-07/lyc_unfocus1_20260907.edf,unfocus,unfocus,376.0,380.0
zyf_personal,zyf personal model,lyc,20260907_lyc_unfocus_01,data/locked/2026-09-07/lyc_unfocus1_20260907.edf,unfocus,unfocus,378.0,382.0
zyf_personal,zyf personal model,lyc,20260907_lyc_unfocus_01,data/locked/2026-09-07/lyc_unfocus1_20260907.edf,unfocus,unfocus,380.0,384.0
zyf_personal,zyf personal model,lyc,20260907_lyc_unfocus_01,data/locked/2026-09-07/lyc_unfocus1_20260907.edf,unfocus,unfocus,382.0,386.0
zyf_personal,zyf personal model,lyc,20260907_lyc_unfocus_01,data/locked/2026-09-07/lyc_unfocus1_20260907.edf,unfocus,unfocus,384.0,388.0
zyf_personal,zyf personal model,lyc,20260907_lyc_unfocus_01,data/locked/2026-09-07/lyc_unfocus1_20260907.edf,unfocus,unfocus,386.0,390.0
zyf_personal,zyf personal model,lyc,20260907_lyc_unfocus_01,data/locked/2026-09-07/lyc_unfocus1_20260907.edf,unfocus,unfocus,388.0,392.0
zyf_personal,zyf personal model,lyc,20260907_lyc_unfocus_01,data/locked/2026-09-07/lyc_unfocus1_20260907.edf,unfocus,unfocus,390.0,394.0
zyf_personal,zyf personal model,lyc,20260907_lyc_unfocus_01,data/locked/2026-09-07/lyc_unfocus1_20260907.edf,unfocus,unfocus,392.0,396.0
zyf_personal,zyf personal model,lyc,20260907_lyc_unfocus_01,data/locked/2026-09-07/lyc_unfocus1_20260907.edf,unfocus,unfocus,394.0,398.0
zyf_personal,zyf personal model,lyc,20260907_lyc_unfocus_01,data/locked/2026-09-07/lyc_unfocus1_20260907.edf,unfocus,unfocus,396.0,400.0
zyf_personal,zyf personal model,lyc,20260907_lyc_unfocus_01,data/locked/2026-09-07/lyc_unfocus1_20260907.edf,unfocus,focus,398.0,402.0
zyf_personal,zyf personal model,lyc,20260907_lyc_unfocus_01,data/locked/2026-09-07/lyc_unfocus1_20260907.edf,unfocus,unfocus,400.0,404.0
zyf_personal,zyf personal model,lyc,20260907_lyc_unfocus_01,data/locked/2026-09-07/lyc_unfocus1_20260907.edf,unfocus,unfocus,402.0,406.0
zyf_personal,zyf personal model,lyc,20260907_lyc_unfocus_01,data/locked/2026-09-07/lyc_unfocus1_20260907.edf,unfocus,unfocus,404.0,408.0
zyf_personal,zyf personal model,lyc,20260907_lyc_unfocus_01,data/locked/2026-09-07/lyc_unfocus1_20260907.edf,unfocus,unfocus,406.0,410.0
zyf_personal,zyf personal model,lyc,20260907_lyc_unfocus_01,data/locked/2026-09-07/lyc_unfocus1_20260907.edf,unfocus,unfocus,408.0,412.0
zyf_personal,zyf personal model,lyc,20260907_lyc_unfocus_01,data/locked/2026-09-07/lyc_unfocus1_20260907.edf,unfocus,unfocus,410.0,414.0
zyf_personal,zyf personal model,lyc,20260907_lyc_unfocus_01,data/locked/2026-09-07/lyc_unfocus1_20260907.edf,unfocus,unfocus,412.0,416.0
zyf_personal,zyf personal model,lyc,20260907_lyc_unfocus_01,data/locked/2026-09-07/lyc_unfocus1_20260907.edf,unfocus,unfocus,414.0,418.0
zyf_personal,zyf personal model,lyc,20260907_lyc_unfocus_01,data/locked/2026-09-07/lyc_unfocus1_20260907.edf,unfocus,unfocus,416.0,420.0
zyf_personal,zyf personal model,lyc,20260907_lyc_unfocus_01,data/locked/2026-09-07/lyc_unfocus1_20260907.edf,unfocus,unfocus,418.0,422.0
zyf_personal,zyf personal model,lyc,20260907_lyc_unfocus_01,data/locked/2026-09-07/lyc_unfocus1_20260907.edf,unfocus,unfocus,420.0,424.0
zyf_personal,zyf personal model,lyc,20260907_lyc_unfocus_01,data/locked/2026-09-07/lyc_unfocus1_20260907.edf,unfocus,unfocus,422.0,426.0
zyf_personal,zyf personal model,lyc,20260907_lyc_unfocus_01,data/locked/2026-09-07/lyc_unfocus1_20260907.edf,unfocus,unfocus,424.0,428.0
zyf_personal,zyf personal model,lyc,20260907_lyc_unfocus_01,data/locked/2026-09-07/lyc_unfocus1_20260907.edf,unfocus,unfocus,426.0,430.0
zyf_personal,zyf personal model,lyc,20260907_lyc_unfocus_01,data/locked/2026-09-07/lyc_unfocus1_20260907.edf,unfocus,unfocus,428.0,432.0
zyf_personal,zyf personal model,lyc,20260907_lyc_unfocus_01,data/locked/2026-09-07/lyc_unfocus1_20260907.edf,unfocus,unfocus,430.0,434.0
zyf_personal,zyf personal model,lyc,20260907_lyc_unfocus_01,data/locked/2026-09-07/lyc_unfocus1_20260907.edf,unfocus,unfocus,432.0,436.0
zyf_personal,zyf personal model,lyc,20260907_lyc_unfocus_01,data/locked/2026-09-07/lyc_unfocus1_20260907.edf,unfocus,unfocus,434.0,438.0
zyf_personal,zyf personal model,lyc,20260907_lyc_unfocus_01,data/locked/2026-09-07/lyc_unfocus1_20260907.edf,unfocus,unfocus,436.0,440.0
zyf_personal,zyf personal model,lyc,20260907_lyc_unfocus_01,data/locked/2026-09-07/lyc_unfocus1_20260907.edf,unfocus,unfocus,438.0,442.0
zyf_personal,zyf personal model,lyc,20260907_lyc_unfocus_01,data/locked/2026-09-07/lyc_unfocus1_20260907.edf,unfocus,unfocus,440.0,444.0
zyf_personal,zyf personal model,lyc,20260907_lyc_unfocus_01,data/locked/2026-09-07/lyc_unfocus1_20260907.edf,unfocus,unfocus,442.0,446.0
zyf_personal,zyf personal model,lyc,20260907_lyc_unfocus_01,data/locked/2026-09-07/lyc_unfocus1_20260907.edf,unfocus,unfocus,444.0,448.0
zyf_personal,zyf personal model,lyc,20260907_lyc_unfocus_01,data/locked/2026-09-07/lyc_unfocus1_20260907.edf,unfocus,unfocus,446.0,450.0
zyf_personal,zyf personal model,lyc,20260907_lyc_unfocus_01,data/locked/2026-09-07/lyc_unfocus1_20260907.edf,unfocus,unfocus,448.0,452.0
zyf_personal,zyf personal model,lyc,20260907_lyc_unfocus_01,data/locked/2026-09-07/lyc_unfocus1_20260907.edf,unfocus,unfocus,450.0,454.0
zyf_personal,zyf personal model,lyc,20260907_lyc_unfocus_01,data/locked/2026-09-07/lyc_unfocus1_20260907.edf,unfocus,unfocus,452.0,456.0
zyf_personal,zyf personal model,lyc,20260907_lyc_unfocus_01,data/locked/2026-09-07/lyc_unfocus1_20260907.edf,unfocus,unfocus,454.0,458.0
zyf_personal,zyf personal model,lyc,20260907_lyc_unfocus_01,data/locked/2026-09-07/lyc_unfocus1_20260907.edf,unfocus,unfocus,456.0,460.0
zyf_personal,zyf personal model,lyc,20260907_lyc_unfocus_01,data/locked/2026-09-07/lyc_unfocus1_20260907.edf,unfocus,unfocus,458.0,462.0
zyf_personal,zyf personal model,lyc,20260907_lyc_unfocus_01,data/locked/2026-09-07/lyc_unfocus1_20260907.edf,unfocus,unfocus,460.0,464.0
zyf_personal,zyf personal model,lyc,20260907_lyc_unfocus_01,data/locked/2026-09-07/lyc_unfocus1_20260907.edf,unfocus,unfocus,462.0,466.0
zyf_personal,zyf personal model,lyc,20260907_lyc_unfocus_01,data/locked/2026-09-07/lyc_unfocus1_20260907.edf,unfocus,unfocus,464.0,468.0
zyf_personal,zyf personal model,lyc,20260907_lyc_unfocus_01,data/locked/2026-09-07/lyc_unfocus1_20260907.edf,unfocus,unfocus,466.0,470.0
zyf_personal,zyf personal model,lyc,20260907_lyc_unfocus_01,data/locked/2026-09-07/lyc_unfocus1_20260907.edf,unfocus,unfocus,468.0,472.0
zyf_personal,zyf personal model,lyc,20260907_lyc_unfocus_01,data/locked/2026-09-07/lyc_unfocus1_20260907.edf,unfocus,unfocus,470.0,474.0
zyf_personal,zyf personal model,lyc,20260907_lyc_unfocus_01,data/locked/2026-09-07/lyc_unfocus1_20260907.edf,unfocus,unfocus,472.0,476.0
zyf_personal,zyf personal model,lyc,20260907_lyc_unfocus_01,data/locked/2026-09-07/lyc_unfocus1_20260907.edf,unfocus,unfocus,474.0,478.0
zyf_personal,zyf personal model,lyc,20260907_lyc_unfocus_01,data/locked/2026-09-07/lyc_unfocus1_20260907.edf,unfocus,unfocus,476.0,480.0
zyf_personal,zyf personal model,lyc,20260907_lyc_unfocus_01,data/locked/2026-09-07/lyc_unfocus1_20260907.edf,unfocus,unfocus,478.0,482.0
zyf_personal,zyf personal model,lyc,20260907_lyc_unfocus_01,data/locked/2026-09-07/lyc_unfocus1_20260907.edf,unfocus,unfocus,480.0,484.0
zyf_personal,zyf personal model,lyc,20260907_lyc_unfocus_01,data/locked/2026-09-07/lyc_unfocus1_20260907.edf,unfocus,unfocus,482.0,486.0
zyf_personal,zyf personal model,lyc,20260907_lyc_unfocus_01,data/locked/2026-09-07/lyc_unfocus1_20260907.edf,unfocus,unfocus,484.0,488.0
zyf_personal,zyf personal model,lyc,20260907_lyc_unfocus_01,data/locked/2026-09-07/lyc_unfocus1_20260907.edf,unfocus,unfocus,486.0,490.0
zyf_personal,zyf personal model,lyc,20260907_lyc_unfocus_01,data/locked/2026-09-07/lyc_unfocus1_20260907.edf,unfocus,unfocus,488.0,492.0
zyf_personal,zyf personal model,lyc,20260907_lyc_unfocus_01,data/locked/2026-09-07/lyc_unfocus1_20260907.edf,unfocus,unfocus,490.0,494.0
zyf_personal,zyf personal model,lyc,20260907_lyc_unfocus_01,data/locked/2026-09-07/lyc_unfocus1_20260907.edf,unfocus,unfocus,492.0,496.0
zyf_personal,zyf personal model,lyc,20260907_lyc_unfocus_01,data/locked/2026-09-07/lyc_unfocus1_20260907.edf,unfocus,unfocus,494.0,498.0
zyf_personal,zyf personal model,lyc,20260907_lyc_unfocus_01,data/locked/2026-09-07/lyc_unfocus1_20260907.edf,unfocus,unfocus,496.0,500.0
zyf_personal,zyf personal model,lyc,20260907_lyc_unfocus_01,data/locked/2026-09-07/lyc_unfocus1_20260907.edf,unfocus,unfocus,498.0,502.0
zyf_personal,zyf personal model,lyc,20260907_lyc_unfocus_01,data/locked/2026-09-07/lyc_unfocus1_20260907.edf,unfocus,unfocus,500.0,504.0
zyf_personal,zyf personal model,lyc,20260907_lyc_unfocus_01,data/locked/2026-09-07/lyc_unfocus1_20260907.edf,unfocus,unfocus,502.0,506.0
zyf_personal,zyf personal model,lyc,20260907_lyc_unfocus_01,data/locked/2026-09-07/lyc_unfocus1_20260907.edf,unfocus,unfocus,504.0,508.0
zyf_personal,zyf personal model,lyc,20260907_lyc_unfocus_01,data/locked/2026-09-07/lyc_unfocus1_20260907.edf,unfocus,unfocus,506.0,510.0
zyf_personal,zyf personal model,lyc,20260907_lyc_unfocus_01,data/locked/2026-09-07/lyc_unfocus1_20260907.edf,unfocus,unfocus,508.0,512.0
zyf_personal,zyf personal model,lyc,20260907_lyc_unfocus_01,data/locked/2026-09-07/lyc_unfocus1_20260907.edf,unfocus,unfocus,510.0,514.0
zyf_personal,zyf personal model,lyc,20260907_lyc_unfocus_01,data/locked/2026-09-07/lyc_unfocus1_20260907.edf,unfocus,unfocus,512.0,516.0
zyf_personal,zyf personal model,lyc,20260907_lyc_unfocus_01,data/locked/2026-09-07/lyc_unfocus1_20260907.edf,unfocus,unfocus,514.0,518.0
zyf_personal,zyf personal model,lyc,20260907_lyc_unfocus_01,data/locked/2026-09-07/lyc_unfocus1_20260907.edf,unfocus,unfocus,516.0,520.0
zyf_personal,zyf personal model,lyc,20260907_lyc_unfocus_01,data/locked/2026-09-07/lyc_unfocus1_20260907.edf,unfocus,unfocus,518.0,522.0
zyf_personal,zyf personal model,lyc,20260907_lyc_unfocus_01,data/locked/2026-09-07/lyc_unfocus1_20260907.edf,unfocus,unfocus,520.0,524.0
zyf_personal,zyf personal model,lyc,20260907_lyc_unfocus_01,data/locked/2026-09-07/lyc_unfocus1_20260907.edf,unfocus,unfocus,522.0,526.0
zyf_personal,zyf personal model,lyc,20260907_lyc_unfocus_01,data/locked/2026-09-07/lyc_unfocus1_20260907.edf,unfocus,unfocus,524.0,528.0
zyf_personal,zyf personal model,lyc,20260907_lyc_unfocus_01,data/locked/2026-09-07/lyc_unfocus1_20260907.edf,unfocus,unfocus,526.0,530.0
zyf_personal,zyf personal model,lyc,20260907_lyc_unfocus_01,data/locked/2026-09-07/lyc_unfocus1_20260907.edf,unfocus,unfocus,528.0,532.0
zyf_personal,zyf personal model,lyc,20260907_lyc_unfocus_01,data/locked/2026-09-07/lyc_unfocus1_20260907.edf,unfocus,unfocus,530.0,534.0
zyf_personal,zyf personal model,lyc,20260907_lyc_unfocus_01,data/locked/2026-09-07/lyc_unfocus1_20260907.edf,unfocus,unfocus,532.0,536.0
zyf_personal,zyf personal model,lyc,20260907_lyc_unfocus_01,data/locked/2026-09-07/lyc_unfocus1_20260907.edf,unfocus,unfocus,534.0,538.0
zyf_personal,zyf personal model,lyc,20260907_lyc_unfocus_01,data/locked/2026-09-07/lyc_unfocus1_20260907.edf,unfocus,unfocus,536.0,540.0
zyf_personal,zyf personal model,lyc,20260907_lyc_unfocus_01,data/locked/2026-09-07/lyc_unfocus1_20260907.edf,unfocus,unfocus,538.0,542.0
zyf_personal,zyf personal model,lyc,20260907_lyc_unfocus_01,data/locked/2026-09-07/lyc_unfocus1_20260907.edf,unfocus,unfocus,540.0,544.0
zyf_personal,zyf personal model,lyc,20260907_lyc_unfocus_01,data/locked/2026-09-07/lyc_unfocus1_20260907.edf,unfocus,unfocus,542.0,546.0
zyf_personal,zyf personal model,lyc,20260907_lyc_unfocus_01,data/locked/2026-09-07/lyc_unfocus1_20260907.edf,unfocus,unfocus,544.0,548.0
zyf_personal,zyf personal model,lyc,20260907_lyc_unfocus_01,data/locked/2026-09-07/lyc_unfocus1_20260907.edf,unfocus,unfocus,546.0,550.0
zyf_personal,zyf personal model,lyc,20260907_lyc_unfocus_01,data/locked/2026-09-07/lyc_unfocus1_20260907.edf,unfocus,unfocus,548.0,552.0
zyf_personal,zyf personal model,lyc,20260907_lyc_unfocus_01,data/locked/2026-09-07/lyc_unfocus1_20260907.edf,unfocus,unfocus,550.0,554.0
zyf_personal,zyf personal model,lyc,20260907_lyc_unfocus_01,data/locked/2026-09-07/lyc_unfocus1_20260907.edf,unfocus,unfocus,552.0,556.0
zyf_personal,zyf personal model,lyc,20260907_lyc_unfocus_01,data/locked/2026-09-07/lyc_unfocus1_20260907.edf,unfocus,unfocus,554.0,558.0
zyf_personal,zyf personal model,lyc,20260907_lyc_unfocus_01,data/locked/2026-09-07/lyc_unfocus1_20260907.edf,unfocus,unfocus,556.0,560.0
zyf_personal,zyf personal model,lyc,20260907_lyc_unfocus_01,data/locked/2026-09-07/lyc_unfocus1_20260907.edf,unfocus,unfocus,558.0,562.0
zyf_personal,zyf personal model,lyc,20260907_lyc_unfocus_01,data/locked/2026-09-07/lyc_unfocus1_20260907.edf,unfocus,unfocus,560.0,564.0
zyf_personal,zyf personal model,lyc,20260907_lyc_unfocus_01,data/locked/2026-09-07/lyc_unfocus1_20260907.edf,unfocus,unfocus,562.0,566.0
zyf_personal,zyf personal model,lyc,20260907_lyc_unfocus_01,data/locked/2026-09-07/lyc_unfocus1_20260907.edf,unfocus,unfocus,564.0,568.0
zyf_personal,zyf personal model,lyc,20260907_lyc_unfocus_01,data/locked/2026-09-07/lyc_unfocus1_20260907.edf,unfocus,unfocus,566.0,570.0
zyf_personal,zyf personal model,lyc,20260907_lyc_unfocus_01,data/locked/2026-09-07/lyc_unfocus1_20260907.edf,unfocus,unfocus,568.0,572.0
zyf_personal,zyf personal model,lyc,20260907_lyc_unfocus_01,data/locked/2026-09-07/lyc_unfocus1_20260907.edf,unfocus,unfocus,570.0,574.0
zyf_personal,zyf personal model,lyc,20260907_lyc_unfocus_01,data/locked/2026-09-07/lyc_unfocus1_20260907.edf,unfocus,unfocus,572.0,576.0
zyf_personal,zyf personal model,lyc,20260907_lyc_unfocus_01,data/locked/2026-09-07/lyc_unfocus1_20260907.edf,unfocus,unfocus,574.0,578.0
zyf_personal,zyf personal model,lyc,20260907_lyc_unfocus_01,data/locked/2026-09-07/lyc_unfocus1_20260907.edf,unfocus,unfocus,576.0,580.0
zyf_personal,zyf personal model,lyc,20260907_lyc_unfocus_01,data/locked/2026-09-07/lyc_unfocus1_20260907.edf,unfocus,unfocus,578.0,582.0
zyf_personal,zyf personal model,lyc,20260907_lyc_unfocus_01,data/locked/2026-09-07/lyc_unfocus1_20260907.edf,unfocus,unfocus,580.0,584.0
zyf_personal,zyf personal model,lyc,20260907_lyc_unfocus_01,data/locked/2026-09-07/lyc_unfocus1_20260907.edf,unfocus,unfocus,582.0,586.0
zyf_personal,zyf personal model,lyc,20260907_lyc_unfocus_01,data/locked/2026-09-07/lyc_unfocus1_20260907.edf,unfocus,unfocus,584.0,588.0
zyf_personal,zyf personal model,lyc,20260907_lyc_unfocus_01,data/locked/2026-09-07/lyc_unfocus1_20260907.edf,unfocus,unfocus,586.0,590.0
zyf_personal,zyf personal model,lyc,20260907_lyc_unfocus_01,data/locked/2026-09-07/lyc_unfocus1_20260907.edf,unfocus,unfocus,588.0,592.0
zyf_personal,zyf personal model,lyc,20260907_lyc_unfocus_01,data/locked/2026-09-07/lyc_unfocus1_20260907.edf,unfocus,unfocus,590.0,594.0
zyf_personal,zyf personal model,lyc,20260907_lyc_unfocus_01,data/locked/2026-09-07/lyc_unfocus1_20260907.edf,unfocus,unfocus,592.0,596.0
zyf_personal,zyf personal model,lyc,20260907_lyc_unfocus_01,data/locked/2026-09-07/lyc_unfocus1_20260907.edf,unfocus,unfocus,594.0,598.0
zyf_personal,zyf personal model,lyc,20260907_lyc_unfocus_01,data/locked/2026-09-07/lyc_unfocus1_20260907.edf,unfocus,unfocus,596.0,600.0
zyf_personal,zyf personal model,lyc,20260907_lyc_unfocus_01,data/locked/2026-09-07/lyc_unfocus1_20260907.edf,unfocus,unfocus,598.0,602.0
zyf_personal,zyf personal model,lyc,20260907_lyc_unfocus_01,data/locked/2026-09-07/lyc_unfocus1_20260907.edf,unfocus,unfocus,600.0,604.0
zyf_personal,zyf personal model,lyc,20260907_lyc_unfocus_01,data/locked/2026-09-07/lyc_unfocus1_20260907.edf,unfocus,unfocus,602.0,606.0
zyf_personal,zyf personal model,lyc,20260907_lyc_unfocus_01,data/locked/2026-09-07/lyc_unfocus1_20260907.edf,unfocus,unfocus,604.0,608.0
zyf_personal,zyf personal model,lyc,20260907_lyc_unfocus_01,data/locked/2026-09-07/lyc_unfocus1_20260907.edf,unfocus,unfocus,606.0,610.0
zyf_personal,zyf personal model,lyc,20260907_lyc_unfocus_01,data/locked/2026-09-07/lyc_unfocus1_20260907.edf,unfocus,unfocus,608.0,612.0
zyf_personal,zyf personal model,lyc,20260907_lyc_unfocus_01,data/locked/2026-09-07/lyc_unfocus1_20260907.edf,unfocus,unfocus,610.0,614.0
zyf_personal,zyf personal model,lyc,20260907_lyc_unfocus_01,data/locked/2026-09-07/lyc_unfocus1_20260907.edf,unfocus,unfocus,612.0,616.0
zyf_personal,zyf personal model,lyc,20260907_lyc_unfocus_01,data/locked/2026-09-07/lyc_unfocus1_20260907.edf,unfocus,unfocus,614.0,618.0
zyf_personal,zyf personal model,lyc,20260907_lyc_unfocus_01,data/locked/2026-09-07/lyc_unfocus1_20260907.edf,unfocus,unfocus,616.0,620.0
zyf_personal,zyf personal model,lyc,20260907_lyc_unfocus_01,data/locked/2026-09-07/lyc_unfocus1_20260907.edf,unfocus,unfocus,618.0,622.0
zyf_personal,zyf personal model,lyc,20260907_lyc_unfocus_01,data/locked/2026-09-07/lyc_unfocus1_20260907.edf,unfocus,unfocus,620.0,624.0
zyf_personal,zyf personal model,lyc,20260907_lyc_unfocus_01,data/locked/2026-09-07/lyc_unfocus1_20260907.edf,unfocus,unfocus,622.0,626.0
zyf_personal,zyf personal model,lyc,20260907_lyc_unfocus_01,data/locked/2026-09-07/lyc_unfocus1_20260907.edf,unfocus,unfocus,624.0,628.0
zyf_personal,zyf personal model,lyc,20260907_lyc_unfocus_01,data/locked/2026-09-07/lyc_unfocus1_20260907.edf,unfocus,unfocus,626.0,630.0
zyf_personal,zyf personal model,lyc,20260907_lyc_unfocus_01,data/locked/2026-09-07/lyc_unfocus1_20260907.edf,unfocus,unfocus,628.0,632.0
zyf_personal,zyf personal model,lyc,20260907_lyc_unfocus_01,data/locked/2026-09-07/lyc_unfocus1_20260907.edf,unfocus,unfocus,630.0,634.0
zyf_personal,zyf personal model,lyc,20260907_lyc_unfocus_01,data/locked/2026-09-07/lyc_unfocus1_20260907.edf,unfocus,unfocus,632.0,636.0
zyf_personal,zyf personal model,lyc,20260907_lyc_unfocus_01,data/locked/2026-09-07/lyc_unfocus1_20260907.edf,unfocus,unfocus,634.0,638.0
zyf_personal,zyf personal model,lyc,20260907_lyc_unfocus_01,data/locked/2026-09-07/lyc_unfocus1_20260907.edf,unfocus,unfocus,636.0,640.0
zyf_personal,zyf personal model,lyc,20260907_lyc_unfocus_01,data/locked/2026-09-07/lyc_unfocus1_20260907.edf,unfocus,unfocus,638.0,642.0
zyf_personal,zyf personal model,lyc,20260907_lyc_unfocus_01,data/locked/2026-09-07/lyc_unfocus1_20260907.edf,unfocus,unfocus,640.0,644.0
zyf_personal,zyf personal model,lyc,20260907_lyc_unfocus_01,data/locked/2026-09-07/lyc_unfocus1_20260907.edf,unfocus,unfocus,642.0,646.0
zyf_personal,zyf personal model,lyc,20260907_lyc_unfocus_01,data/locked/2026-09-07/lyc_unfocus1_20260907.edf,unfocus,unfocus,644.0,648.0
zyf_personal,zyf personal model,lyc,20260907_lyc_unfocus_01,data/locked/2026-09-07/lyc_unfocus1_20260907.edf,unfocus,unfocus,646.0,650.0
zyf_personal,zyf personal model,lyc,20260907_lyc_unfocus_01,data/locked/2026-09-07/lyc_unfocus1_20260907.edf,unfocus,unfocus,648.0,652.0
zyf_personal,zyf personal model,lyc,20260907_lyc_unfocus_01,data/locked/2026-09-07/lyc_unfocus1_20260907.edf,unfocus,unfocus,650.0,654.0
zyf_personal,zyf personal model,lyc,20260907_lyc_unfocus_01,data/locked/2026-09-07/lyc_unfocus1_20260907.edf,unfocus,unfocus,652.0,656.0
zyf_personal,zyf personal model,lyc,20260907_lyc_unfocus_01,data/locked/2026-09-07/lyc_unfocus1_20260907.edf,unfocus,unfocus,654.0,658.0
zyf_personal,zyf personal model,lyc,20260907_lyc_unfocus_01,data/locked/2026-09-07/lyc_unfocus1_20260907.edf,unfocus,unfocus,656.0,660.0
zyf_personal,zyf personal model,lyc,20260907_lyc_unfocus_01,data/locked/2026-09-07/lyc_unfocus1_20260907.edf,unfocus,unfocus,658.0,662.0
zyf_personal,zyf personal model,lyc,20260907_lyc_unfocus_01,data/locked/2026-09-07/lyc_unfocus1_20260907.edf,unfocus,unfocus,660.0,664.0
zyf_personal,zyf personal model,lyc,20260907_lyc_unfocus_01,data/locked/2026-09-07/lyc_unfocus1_20260907.edf,unfocus,unfocus,662.0,666.0
zyf_personal,zyf personal model,lyc,20260907_lyc_unfocus_01,data/locked/2026-09-07/lyc_unfocus1_20260907.edf,unfocus,unfocus,664.0,668.0
zyf_personal,zyf personal model,lyc,20260907_lyc_unfocus_01,data/locked/2026-09-07/lyc_unfocus1_20260907.edf,unfocus,unfocus,666.0,670.0
zyf_personal,zyf personal model,lyc,20260907_lyc_unfocus_01,data/locked/2026-09-07/lyc_unfocus1_20260907.edf,unfocus,unfocus,668.0,672.0
zyf_personal,zyf personal model,lyc,20260907_lyc_unfocus_01,data/locked/2026-09-07/lyc_unfocus1_20260907.edf,unfocus,unfocus,670.0,674.0
zyf_personal,zyf personal model,lyc,20260907_lyc_unfocus_01,data/locked/2026-09-07/lyc_unfocus1_20260907.edf,unfocus,unfocus,672.0,676.0
zyf_personal,zyf personal model,lyc,20260907_lyc_unfocus_01,data/locked/2026-09-07/lyc_unfocus1_20260907.edf,unfocus,unfocus,674.0,678.0
zyf_personal,zyf personal model,lyc,20260907_lyc_unfocus_01,data/locked/2026-09-07/lyc_unfocus1_20260907.edf,unfocus,unfocus,676.0,680.0
zyf_personal,zyf personal model,lyc,20260907_lyc_unfocus_01,data/locked/2026-09-07/lyc_unfocus1_20260907.edf,unfocus,unfocus,678.0,682.0
zyf_personal,zyf personal model,lyc,20260907_lyc_unfocus_01,data/locked/2026-09-07/lyc_unfocus1_20260907.edf,unfocus,unfocus,680.0,684.0
zyf_personal,zyf personal model,lyc,20260907_lyc_unfocus_01,data/locked/2026-09-07/lyc_unfocus1_20260907.edf,unfocus,unfocus,682.0,686.0
zyf_personal,zyf personal model,lyc,20260907_lyc_unfocus_01,data/locked/2026-09-07/lyc_unfocus1_20260907.edf,unfocus,unfocus,684.0,688.0
zyf_personal,zyf personal model,lyc,20260907_lyc_unfocus_01,data/locked/2026-09-07/lyc_unfocus1_20260907.edf,unfocus,unfocus,686.0,690.0
zyf_personal,zyf personal model,lyc,20260907_lyc_unfocus_01,data/locked/2026-09-07/lyc_unfocus1_20260907.edf,unfocus,unfocus,688.0,692.0
zyf_personal,zyf personal model,lyc,20260907_lyc_unfocus_01,data/locked/2026-09-07/lyc_unfocus1_20260907.edf,unfocus,unfocus,690.0,694.0
zyf_personal,zyf personal model,lyc,20260907_lyc_unfocus_01,data/locked/2026-09-07/lyc_unfocus1_20260907.edf,unfocus,unfocus,692.0,696.0
zyf_personal,zyf personal model,lyc,20260907_lyc_unfocus_01,data/locked/2026-09-07/lyc_unfocus1_20260907.edf,unfocus,unfocus,694.0,698.0
zyf_personal,zyf personal model,lyc,20260907_lyc_unfocus_01,data/locked/2026-09-07/lyc_unfocus1_20260907.edf,unfocus,unfocus,696.0,700.0
zyf_personal,zyf personal model,lyc,20260907_lyc_unfocus_01,data/locked/2026-09-07/lyc_unfocus1_20260907.edf,unfocus,unfocus,698.0,702.0
zyf_personal,zyf personal model,lyc,20260907_lyc_unfocus_01,data/locked/2026-09-07/lyc_unfocus1_20260907.edf,unfocus,unfocus,700.0,704.0
zyf_personal,zyf personal model,lyc,20260907_lyc_unfocus_01,data/locked/2026-09-07/lyc_unfocus1_20260907.edf,unfocus,unfocus,702.0,706.0
zyf_personal,zyf personal model,lyc,20260907_lyc_unfocus_01,data/locked/2026-09-07/lyc_unfocus1_20260907.edf,unfocus,unfocus,704.0,708.0
zyf_personal,zyf personal model,lyc,20260907_lyc_unfocus_01,data/locked/2026-09-07/lyc_unfocus1_20260907.edf,unfocus,unfocus,706.0,710.0
zyf_personal,zyf personal model,lyc,20260907_lyc_unfocus_01,data/locked/2026-09-07/lyc_unfocus1_20260907.edf,unfocus,unfocus,708.0,712.0
zyf_personal,zyf personal model,lyc,20260907_lyc_unfocus_01,data/locked/2026-09-07/lyc_unfocus1_20260907.edf,unfocus,unfocus,710.0,714.0
zyf_personal,zyf personal model,lyc,20260907_lyc_unfocus_01,data/locked/2026-09-07/lyc_unfocus1_20260907.edf,unfocus,unfocus,712.0,716.0
zyf_personal,zyf personal model,lyc,20260907_lyc_unfocus_01,data/locked/2026-09-07/lyc_unfocus1_20260907.edf,unfocus,unfocus,714.0,718.0
zyf_personal,zyf personal model,lyc,20260907_lyc_unfocus_01,data/locked/2026-09-07/lyc_unfocus1_20260907.edf,unfocus,unfocus,716.0,720.0
zyf_personal,zyf personal model,lyc,20260907_lyc_unfocus_01,data/locked/2026-09-07/lyc_unfocus1_20260907.edf,unfocus,unfocus,718.0,722.0
zyf_personal,zyf personal model,lyc,20260907_lyc_unfocus_01,data/locked/2026-09-07/lyc_unfocus1_20260907.edf,unfocus,unfocus,720.0,724.0
zyf_personal,zyf personal model,lyc,20260907_lyc_unfocus_01,data/locked/2026-09-07/lyc_unfocus1_20260907.edf,unfocus,unfocus,722.0,726.0
zyf_personal,zyf personal model,lyc,20260907_lyc_unfocus_01,data/locked/2026-09-07/lyc_unfocus1_20260907.edf,unfocus,unfocus,724.0,728.0
zyf_personal,zyf personal model,lyc,20260907_lyc_unfocus_01,data/locked/2026-09-07/lyc_unfocus1_20260907.edf,unfocus,unfocus,726.0,730.0
zyf_personal,zyf personal model,lyc,20260907_lyc_unfocus_01,data/locked/2026-09-07/lyc_unfocus1_20260907.edf,unfocus,unfocus,728.0,732.0
zyf_personal,zyf personal model,lyc,20260907_lyc_unfocus_01,data/locked/2026-09-07/lyc_unfocus1_20260907.edf,unfocus,unfocus,730.0,734.0
zyf_personal,zyf personal model,lyc,20260907_lyc_unfocus_01,data/locked/2026-09-07/lyc_unfocus1_20260907.edf,unfocus,unfocus,732.0,736.0
zyf_personal,zyf personal model,lyc,20260907_lyc_unfocus_01,data/locked/2026-09-07/lyc_unfocus1_20260907.edf,unfocus,unfocus,734.0,738.0
zyf_personal,zyf personal model,lyc,20260907_lyc_unfocus_01,data/locked/2026-09-07/lyc_unfocus1_20260907.edf,unfocus,unfocus,736.0,740.0
zyf_personal,zyf personal model,lyc,20260907_lyc_unfocus_01,data/locked/2026-09-07/lyc_unfocus1_20260907.edf,unfocus,unfocus,738.0,742.0
zyf_personal,zyf personal model,lyc,20260907_lyc_unfocus_01,data/locked/2026-09-07/lyc_unfocus1_20260907.edf,unfocus,unfocus,740.0,744.0
zyf_personal,zyf personal model,lyc,20260907_lyc_unfocus_01,data/locked/2026-09-07/lyc_unfocus1_20260907.edf,unfocus,unfocus,742.0,746.0
zyf_personal,zyf personal model,lyc,20260907_lyc_unfocus_01,data/locked/2026-09-07/lyc_unfocus1_20260907.edf,unfocus,unfocus,744.0,748.0
zyf_personal,zyf personal model,lyc,20260907_lyc_unfocus_01,data/locked/2026-09-07/lyc_unfocus1_20260907.edf,unfocus,unfocus,746.0,750.0
zyf_personal,zyf personal model,lyc,20260907_lyc_unfocus_01,data/locked/2026-09-07/lyc_unfocus1_20260907.edf,unfocus,unfocus,748.0,752.0
zyf_personal,zyf personal model,lyc,20260907_lyc_unfocus_01,data/locked/2026-09-07/lyc_unfocus1_20260907.edf,unfocus,unfocus,750.0,754.0
zyf_personal,zyf personal model,lyc,20260907_lyc_unfocus_01,data/locked/2026-09-07/lyc_unfocus1_20260907.edf,unfocus,unfocus,752.0,756.0
zyf_personal,zyf personal model,lyc,20260907_lyc_unfocus_01,data/locked/2026-09-07/lyc_unfocus1_20260907.edf,unfocus,unfocus,754.0,758.0
zyf_personal,zyf personal model,lyc,20260907_lyc_unfocus_01,data/locked/2026-09-07/lyc_unfocus1_20260907.edf,unfocus,unfocus,756.0,760.0
zyf_personal,zyf personal model,lyc,20260907_lyc_unfocus_01,data/locked/2026-09-07/lyc_unfocus1_20260907.edf,unfocus,unfocus,758.0,762.0
zyf_personal,zyf personal model,lyc,20260907_lyc_unfocus_01,data/locked/2026-09-07/lyc_unfocus1_20260907.edf,unfocus,unfocus,760.0,764.0
zyf_personal,zyf personal model,lyc,20260907_lyc_unfocus_01,data/locked/2026-09-07/lyc_unfocus1_20260907.edf,unfocus,unfocus,762.0,766.0
zyf_personal,zyf personal model,lyc,20260907_lyc_unfocus_01,data/locked/2026-09-07/lyc_unfocus1_20260907.edf,unfocus,unfocus,764.0,768.0
zyf_personal,zyf personal model,lyc,20260907_lyc_unfocus_01,data/locked/2026-09-07/lyc_unfocus1_20260907.edf,unfocus,unfocus,766.0,770.0
zyf_personal,zyf personal model,lyc,20260907_lyc_unfocus_01,data/locked/2026-09-07/lyc_unfocus1_20260907.edf,unfocus,unfocus,768.0,772.0
zyf_personal,zyf personal model,lyc,20260907_lyc_unfocus_01,data/locked/2026-09-07/lyc_unfocus1_20260907.edf,unfocus,unfocus,770.0,774.0
zyf_personal,zyf personal model,lyc,20260907_lyc_unfocus_01,data/locked/2026-09-07/lyc_unfocus1_20260907.edf,unfocus,unfocus,772.0,776.0
zyf_personal,zyf personal model,lyc,20260907_lyc_unfocus_01,data/locked/2026-09-07/lyc_unfocus1_20260907.edf,unfocus,unfocus,774.0,778.0
zyf_personal,zyf personal model,lyc,20260907_lyc_unfocus_01,data/locked/2026-09-07/lyc_unfocus1_20260907.edf,unfocus,unfocus,776.0,780.0
zyf_personal,zyf personal model,lyc,20260907_lyc_unfocus_01,data/locked/2026-09-07/lyc_unfocus1_20260907.edf,unfocus,unfocus,778.0,782.0
zyf_personal,zyf personal model,lyc,20260907_lyc_unfocus_01,data/locked/2026-09-07/lyc_unfocus1_20260907.edf,unfocus,unfocus,780.0,784.0
zyf_personal,zyf personal model,lyc,20260907_lyc_unfocus_01,data/locked/2026-09-07/lyc_unfocus1_20260907.edf,unfocus,unfocus,782.0,786.0
zyf_personal,zyf personal model,lyc,20260907_lyc_unfocus_01,data/locked/2026-09-07/lyc_unfocus1_20260907.edf,unfocus,unfocus,784.0,788.0
zyf_personal,zyf personal model,lyc,20260907_lyc_unfocus_01,data/locked/2026-09-07/lyc_unfocus1_20260907.edf,unfocus,unfocus,786.0,790.0
zyf_personal,zyf personal model,lyc,20260907_lyc_unfocus_01,data/locked/2026-09-07/lyc_unfocus1_20260907.edf,unfocus,unfocus,788.0,792.0
zyf_personal,zyf personal model,lyc,20260907_lyc_unfocus_01,data/locked/2026-09-07/lyc_unfocus1_20260907.edf,unfocus,unfocus,790.0,794.0
zyf_personal,zyf personal model,lyc,20260907_lyc_unfocus_01,data/locked/2026-09-07/lyc_unfocus1_20260907.edf,unfocus,unfocus,792.0,796.0
zyf_personal,zyf personal model,lyc,20260907_lyc_unfocus_01,data/locked/2026-09-07/lyc_unfocus1_20260907.edf,unfocus,unfocus,794.0,798.0
zyf_personal,zyf personal model,lyc,20260907_lyc_unfocus_01,data/locked/2026-09-07/lyc_unfocus1_20260907.edf,unfocus,unfocus,796.0,800.0
zyf_personal,zyf personal model,lyc,20260907_lyc_unfocus_01,data/locked/2026-09-07/lyc_unfocus1_20260907.edf,unfocus,unfocus,798.0,802.0
zyf_personal,zyf personal model,lyc,20260907_lyc_unfocus_01,data/locked/2026-09-07/lyc_unfocus1_20260907.edf,unfocus,unfocus,800.0,804.0
zyf_personal,zyf personal model,lyc,20260907_lyc_unfocus_01,data/locked/2026-09-07/lyc_unfocus1_20260907.edf,unfocus,unfocus,802.0,806.0
zyf_personal,zyf personal model,lyc,20260907_lyc_unfocus_01,data/locked/2026-09-07/lyc_unfocus1_20260907.edf,unfocus,unfocus,804.0,808.0
zyf_personal,zyf personal model,lyc,20260907_lyc_unfocus_01,data/locked/2026-09-07/lyc_unfocus1_20260907.edf,unfocus,unfocus,806.0,810.0
zyf_personal,zyf personal model,lyc,20260907_lyc_unfocus_01,data/locked/2026-09-07/lyc_unfocus1_20260907.edf,unfocus,unfocus,808.0,812.0
zyf_personal,zyf personal model,lyc,20260907_lyc_unfocus_01,data/locked/2026-09-07/lyc_unfocus1_20260907.edf,unfocus,unfocus,810.0,814.0
zyf_personal,zyf personal model,lyc,20260907_lyc_unfocus_01,data/locked/2026-09-07/lyc_unfocus1_20260907.edf,unfocus,unfocus,812.0,816.0
zyf_personal,zyf personal model,lyc,20260907_lyc_unfocus_01,data/locked/2026-09-07/lyc_unfocus1_20260907.edf,unfocus,unfocus,814.0,818.0
zyf_personal,zyf personal model,lyc,20260907_lyc_unfocus_01,data/locked/2026-09-07/lyc_unfocus1_20260907.edf,unfocus,unfocus,816.0,820.0
zyf_personal,zyf personal model,lyc,20260907_lyc_unfocus_01,data/locked/2026-09-07/lyc_unfocus1_20260907.edf,unfocus,unfocus,818.0,822.0
zyf_personal,zyf personal model,lyc,20260907_lyc_unfocus_01,data/locked/2026-09-07/lyc_unfocus1_20260907.edf,unfocus,unfocus,820.0,824.0
zyf_personal,zyf personal model,lyc,20260907_lyc_unfocus_01,data/locked/2026-09-07/lyc_unfocus1_20260907.edf,unfocus,unfocus,822.0,826.0
zyf_personal,zyf personal model,lyc,20260907_lyc_unfocus_01,data/locked/2026-09-07/lyc_unfocus1_20260907.edf,unfocus,unfocus,824.0,828.0
zyf_personal,zyf personal model,lyc,20260907_lyc_unfocus_01,data/locked/2026-09-07/lyc_unfocus1_20260907.edf,unfocus,unfocus,826.0,830.0
zyf_personal,zyf personal model,lyc,20260907_lyc_unfocus_01,data/locked/2026-09-07/lyc_unfocus1_20260907.edf,unfocus,unfocus,828.0,832.0
zyf_personal,zyf personal model,lyc,20260907_lyc_unfocus_01,data/locked/2026-09-07/lyc_unfocus1_20260907.edf,unfocus,unfocus,830.0,834.0
zyf_personal,zyf personal model,lyc,20260907_lyc_unfocus_01,data/locked/2026-09-07/lyc_unfocus1_20260907.edf,unfocus,unfocus,832.0,836.0
zyf_personal,zyf personal model,lyc,20260907_lyc_unfocus_01,data/locked/2026-09-07/lyc_unfocus1_20260907.edf,unfocus,unfocus,834.0,838.0
zyf_personal,zyf personal model,lyc,20260907_lyc_unfocus_01,data/locked/2026-09-07/lyc_unfocus1_20260907.edf,unfocus,unfocus,836.0,840.0
zyf_personal,zyf personal model,lyc,20260907_lyc_unfocus_01,data/locked/2026-09-07/lyc_unfocus1_20260907.edf,unfocus,unfocus,838.0,842.0
zyf_personal,zyf personal model,lyc,20260907_lyc_unfocus_01,data/locked/2026-09-07/lyc_unfocus1_20260907.edf,unfocus,unfocus,840.0,844.0
zyf_personal,zyf personal model,lyc,20260907_lyc_unfocus_01,data/locked/2026-09-07/lyc_unfocus1_20260907.edf,unfocus,unfocus,842.0,846.0
zyf_personal,zyf personal model,lyc,20260907_lyc_unfocus_01,data/locked/2026-09-07/lyc_unfocus1_20260907.edf,unfocus,unfocus,844.0,848.0
zyf_personal,zyf personal model,lyc,20260907_lyc_unfocus_01,data/locked/2026-09-07/lyc_unfocus1_20260907.edf,unfocus,unfocus,846.0,850.0
zyf_personal,zyf personal model,lyc,20260907_lyc_unfocus_01,data/locked/2026-09-07/lyc_unfocus1_20260907.edf,unfocus,unfocus,848.0,852.0
zyf_personal,zyf personal model,lyc,20260907_lyc_unfocus_01,data/locked/2026-09-07/lyc_unfocus1_20260907.edf,unfocus,unfocus,850.0,854.0
zyf_personal,zyf personal model,lyc,20260907_lyc_unfocus_01,data/locked/2026-09-07/lyc_unfocus1_20260907.edf,unfocus,unfocus,852.0,856.0
zyf_personal,zyf personal model,lyc,20260907_lyc_unfocus_01,data/locked/2026-09-07/lyc_unfocus1_20260907.edf,unfocus,unfocus,854.0,858.0
zyf_personal,zyf personal model,lyc,20260907_lyc_unfocus_01,data/locked/2026-09-07/lyc_unfocus1_20260907.edf,unfocus,unfocus,856.0,860.0
zyf_personal,zyf personal model,lyc,20260907_lyc_unfocus_01,data/locked/2026-09-07/lyc_unfocus1_20260907.edf,unfocus,unfocus,858.0,862.0
zyf_personal,zyf personal model,lyc,20260907_lyc_unfocus_01,data/locked/2026-09-07/lyc_unfocus1_20260907.edf,unfocus,unfocus,860.0,864.0
zyf_personal,zyf personal model,lyc,20260907_lyc_unfocus_01,data/locked/2026-09-07/lyc_unfocus1_20260907.edf,unfocus,unfocus,862.0,866.0
zyf_personal,zyf personal model,lyc,20260907_lyc_unfocus_01,data/locked/2026-09-07/lyc_unfocus1_20260907.edf,unfocus,unfocus,864.0,868.0
zyf_personal,zyf personal model,lyc,20260907_lyc_unfocus_01,data/locked/2026-09-07/lyc_unfocus1_20260907.edf,unfocus,unfocus,866.0,870.0
zyf_personal,zyf personal model,lyc,20260907_lyc_unfocus_01,data/locked/2026-09-07/lyc_unfocus1_20260907.edf,unfocus,unfocus,868.0,872.0
zyf_personal,zyf personal model,lyc,20260907_lyc_unfocus_01,data/locked/2026-09-07/lyc_unfocus1_20260907.edf,unfocus,unfocus,870.0,874.0
zyf_personal,zyf personal model,lyc,20260907_lyc_unfocus_01,data/locked/2026-09-07/lyc_unfocus1_20260907.edf,unfocus,unfocus,872.0,876.0
zyf_personal,zyf personal model,lyc,20260907_lyc_unfocus_01,data/locked/2026-09-07/lyc_unfocus1_20260907.edf,unfocus,unfocus,874.0,878.0
zyf_personal,zyf personal model,lyc,20260907_lyc_unfocus_01,data/locked/2026-09-07/lyc_unfocus1_20260907.edf,unfocus,unfocus,876.0,880.0
pooled,Existing pooled frozen model,zyf,20260907_zyf_focus_01,data/locked/2026-09-07/zyf_focus1_20260907.edf,focus,unfocus,30.0,34.0
pooled,Existing pooled frozen model,zyf,20260907_zyf_focus_01,data/locked/2026-09-07/zyf_focus1_20260907.edf,focus,unfocus,32.0,36.0
pooled,Existing pooled frozen model,zyf,20260907_zyf_focus_01,data/locked/2026-09-07/zyf_focus1_20260907.edf,focus,unfocus,34.0,38.0
pooled,Existing pooled frozen model,zyf,20260907_zyf_focus_01,data/locked/2026-09-07/zyf_focus1_20260907.edf,focus,unfocus,36.0,40.0
pooled,Existing pooled frozen model,zyf,20260907_zyf_focus_01,data/locked/2026-09-07/zyf_focus1_20260907.edf,focus,unfocus,38.0,42.0
pooled,Existing pooled frozen model,zyf,20260907_zyf_focus_01,data/locked/2026-09-07/zyf_focus1_20260907.edf,focus,unfocus,40.0,44.0
pooled,Existing pooled frozen model,zyf,20260907_zyf_focus_01,data/locked/2026-09-07/zyf_focus1_20260907.edf,focus,unfocus,42.0,46.0
pooled,Existing pooled frozen model,zyf,20260907_zyf_focus_01,data/locked/2026-09-07/zyf_focus1_20260907.edf,focus,unfocus,44.0,48.0
pooled,Existing pooled frozen model,zyf,20260907_zyf_focus_01,data/locked/2026-09-07/zyf_focus1_20260907.edf,focus,unfocus,46.0,50.0
pooled,Existing pooled frozen model,zyf,20260907_zyf_focus_01,data/locked/2026-09-07/zyf_focus1_20260907.edf,focus,unfocus,48.0,52.0
pooled,Existing pooled frozen model,zyf,20260907_zyf_focus_01,data/locked/2026-09-07/zyf_focus1_20260907.edf,focus,unfocus,50.0,54.0
pooled,Existing pooled frozen model,zyf,20260907_zyf_focus_01,data/locked/2026-09-07/zyf_focus1_20260907.edf,focus,unfocus,52.0,56.0
pooled,Existing pooled frozen model,zyf,20260907_zyf_focus_01,data/locked/2026-09-07/zyf_focus1_20260907.edf,focus,unfocus,54.0,58.0
pooled,Existing pooled frozen model,zyf,20260907_zyf_focus_01,data/locked/2026-09-07/zyf_focus1_20260907.edf,focus,unfocus,56.0,60.0
pooled,Existing pooled frozen model,zyf,20260907_zyf_focus_01,data/locked/2026-09-07/zyf_focus1_20260907.edf,focus,unfocus,58.0,62.0
pooled,Existing pooled frozen model,zyf,20260907_zyf_focus_01,data/locked/2026-09-07/zyf_focus1_20260907.edf,focus,unfocus,60.0,64.0
pooled,Existing pooled frozen model,zyf,20260907_zyf_focus_01,data/locked/2026-09-07/zyf_focus1_20260907.edf,focus,unfocus,62.0,66.0
pooled,Existing pooled frozen model,zyf,20260907_zyf_focus_01,data/locked/2026-09-07/zyf_focus1_20260907.edf,focus,unfocus,64.0,68.0
pooled,Existing pooled frozen model,zyf,20260907_zyf_focus_01,data/locked/2026-09-07/zyf_focus1_20260907.edf,focus,unfocus,66.0,70.0
pooled,Existing pooled frozen model,zyf,20260907_zyf_focus_01,data/locked/2026-09-07/zyf_focus1_20260907.edf,focus,unfocus,68.0,72.0
pooled,Existing pooled frozen model,zyf,20260907_zyf_focus_01,data/locked/2026-09-07/zyf_focus1_20260907.edf,focus,unfocus,70.0,74.0
pooled,Existing pooled frozen model,zyf,20260907_zyf_focus_01,data/locked/2026-09-07/zyf_focus1_20260907.edf,focus,unfocus,72.0,76.0
pooled,Existing pooled frozen model,zyf,20260907_zyf_focus_01,data/locked/2026-09-07/zyf_focus1_20260907.edf,focus,unfocus,74.0,78.0
pooled,Existing pooled frozen model,zyf,20260907_zyf_focus_01,data/locked/2026-09-07/zyf_focus1_20260907.edf,focus,unfocus,76.0,80.0
pooled,Existing pooled frozen model,zyf,20260907_zyf_focus_01,data/locked/2026-09-07/zyf_focus1_20260907.edf,focus,unfocus,78.0,82.0
pooled,Existing pooled frozen model,zyf,20260907_zyf_focus_01,data/locked/2026-09-07/zyf_focus1_20260907.edf,focus,unfocus,80.0,84.0
pooled,Existing pooled frozen model,zyf,20260907_zyf_focus_01,data/locked/2026-09-07/zyf_focus1_20260907.edf,focus,unfocus,82.0,86.0
pooled,Existing pooled frozen model,zyf,20260907_zyf_focus_01,data/locked/2026-09-07/zyf_focus1_20260907.edf,focus,unfocus,84.0,88.0
pooled,Existing pooled frozen model,zyf,20260907_zyf_focus_01,data/locked/2026-09-07/zyf_focus1_20260907.edf,focus,unfocus,86.0,90.0
pooled,Existing pooled frozen model,zyf,20260907_zyf_focus_01,data/locked/2026-09-07/zyf_focus1_20260907.edf,focus,unfocus,88.0,92.0
pooled,Existing pooled frozen model,zyf,20260907_zyf_focus_01,data/locked/2026-09-07/zyf_focus1_20260907.edf,focus,unfocus,90.0,94.0
pooled,Existing pooled frozen model,zyf,20260907_zyf_focus_01,data/locked/2026-09-07/zyf_focus1_20260907.edf,focus,unfocus,92.0,96.0
pooled,Existing pooled frozen model,zyf,20260907_zyf_focus_01,data/locked/2026-09-07/zyf_focus1_20260907.edf,focus,unfocus,94.0,98.0
pooled,Existing pooled frozen model,zyf,20260907_zyf_focus_01,data/locked/2026-09-07/zyf_focus1_20260907.edf,focus,unfocus,96.0,100.0
pooled,Existing pooled frozen model,zyf,20260907_zyf_focus_01,data/locked/2026-09-07/zyf_focus1_20260907.edf,focus,unfocus,98.0,102.0
pooled,Existing pooled frozen model,zyf,20260907_zyf_focus_01,data/locked/2026-09-07/zyf_focus1_20260907.edf,focus,unfocus,100.0,104.0
pooled,Existing pooled frozen model,zyf,20260907_zyf_focus_01,data/locked/2026-09-07/zyf_focus1_20260907.edf,focus,unfocus,102.0,106.0
pooled,Existing pooled frozen model,zyf,20260907_zyf_focus_01,data/locked/2026-09-07/zyf_focus1_20260907.edf,focus,unfocus,104.0,108.0
pooled,Existing pooled frozen model,zyf,20260907_zyf_focus_01,data/locked/2026-09-07/zyf_focus1_20260907.edf,focus,unfocus,106.0,110.0
pooled,Existing pooled frozen model,zyf,20260907_zyf_focus_01,data/locked/2026-09-07/zyf_focus1_20260907.edf,focus,unfocus,108.0,112.0
pooled,Existing pooled frozen model,zyf,20260907_zyf_focus_01,data/locked/2026-09-07/zyf_focus1_20260907.edf,focus,unfocus,110.0,114.0
pooled,Existing pooled frozen model,zyf,20260907_zyf_focus_01,data/locked/2026-09-07/zyf_focus1_20260907.edf,focus,unfocus,112.0,116.0
pooled,Existing pooled frozen model,zyf,20260907_zyf_focus_01,data/locked/2026-09-07/zyf_focus1_20260907.edf,focus,unfocus,114.0,118.0
pooled,Existing pooled frozen model,zyf,20260907_zyf_focus_01,data/locked/2026-09-07/zyf_focus1_20260907.edf,focus,unfocus,116.0,120.0
pooled,Existing pooled frozen model,zyf,20260907_zyf_focus_01,data/locked/2026-09-07/zyf_focus1_20260907.edf,focus,unfocus,118.0,122.0
pooled,Existing pooled frozen model,zyf,20260907_zyf_focus_01,data/locked/2026-09-07/zyf_focus1_20260907.edf,focus,unfocus,120.0,124.0
pooled,Existing pooled frozen model,zyf,20260907_zyf_focus_01,data/locked/2026-09-07/zyf_focus1_20260907.edf,focus,unfocus,122.0,126.0
pooled,Existing pooled frozen model,zyf,20260907_zyf_focus_01,data/locked/2026-09-07/zyf_focus1_20260907.edf,focus,unfocus,124.0,128.0
pooled,Existing pooled frozen model,zyf,20260907_zyf_focus_01,data/locked/2026-09-07/zyf_focus1_20260907.edf,focus,unfocus,126.0,130.0
pooled,Existing pooled frozen model,zyf,20260907_zyf_focus_01,data/locked/2026-09-07/zyf_focus1_20260907.edf,focus,unfocus,128.0,132.0
pooled,Existing pooled frozen model,zyf,20260907_zyf_focus_01,data/locked/2026-09-07/zyf_focus1_20260907.edf,focus,unfocus,130.0,134.0
pooled,Existing pooled frozen model,zyf,20260907_zyf_focus_01,data/locked/2026-09-07/zyf_focus1_20260907.edf,focus,unfocus,132.0,136.0
pooled,Existing pooled frozen model,zyf,20260907_zyf_focus_01,data/locked/2026-09-07/zyf_focus1_20260907.edf,focus,unfocus,134.0,138.0
pooled,Existing pooled frozen model,zyf,20260907_zyf_focus_01,data/locked/2026-09-07/zyf_focus1_20260907.edf,focus,unfocus,136.0,140.0
pooled,Existing pooled frozen model,zyf,20260907_zyf_focus_01,data/locked/2026-09-07/zyf_focus1_20260907.edf,focus,unfocus,138.0,142.0
pooled,Existing pooled frozen model,zyf,20260907_zyf_focus_01,data/locked/2026-09-07/zyf_focus1_20260907.edf,focus,unfocus,140.0,144.0
pooled,Existing pooled frozen model,zyf,20260907_zyf_focus_01,data/locked/2026-09-07/zyf_focus1_20260907.edf,focus,unfocus,142.0,146.0
pooled,Existing pooled frozen model,zyf,20260907_zyf_focus_01,data/locked/2026-09-07/zyf_focus1_20260907.edf,focus,unfocus,144.0,148.0
pooled,Existing pooled frozen model,zyf,20260907_zyf_focus_01,data/locked/2026-09-07/zyf_focus1_20260907.edf,focus,unfocus,146.0,150.0
pooled,Existing pooled frozen model,zyf,20260907_zyf_focus_01,data/locked/2026-09-07/zyf_focus1_20260907.edf,focus,unfocus,148.0,152.0
pooled,Existing pooled frozen model,zyf,20260907_zyf_focus_01,data/locked/2026-09-07/zyf_focus1_20260907.edf,focus,unfocus,150.0,154.0
pooled,Existing pooled frozen model,zyf,20260907_zyf_focus_01,data/locked/2026-09-07/zyf_focus1_20260907.edf,focus,unfocus,152.0,156.0
pooled,Existing pooled frozen model,zyf,20260907_zyf_focus_01,data/locked/2026-09-07/zyf_focus1_20260907.edf,focus,unfocus,154.0,158.0
pooled,Existing pooled frozen model,zyf,20260907_zyf_focus_01,data/locked/2026-09-07/zyf_focus1_20260907.edf,focus,unfocus,156.0,160.0
pooled,Existing pooled frozen model,zyf,20260907_zyf_focus_01,data/locked/2026-09-07/zyf_focus1_20260907.edf,focus,unfocus,158.0,162.0
pooled,Existing pooled frozen model,zyf,20260907_zyf_focus_01,data/locked/2026-09-07/zyf_focus1_20260907.edf,focus,unfocus,160.0,164.0
pooled,Existing pooled frozen model,zyf,20260907_zyf_focus_01,data/locked/2026-09-07/zyf_focus1_20260907.edf,focus,unfocus,162.0,166.0
pooled,Existing pooled frozen model,zyf,20260907_zyf_focus_01,data/locked/2026-09-07/zyf_focus1_20260907.edf,focus,unfocus,164.0,168.0
pooled,Existing pooled frozen model,zyf,20260907_zyf_focus_01,data/locked/2026-09-07/zyf_focus1_20260907.edf,focus,unfocus,166.0,170.0
pooled,Existing pooled frozen model,zyf,20260907_zyf_focus_01,data/locked/2026-09-07/zyf_focus1_20260907.edf,focus,unfocus,168.0,172.0
pooled,Existing pooled frozen model,zyf,20260907_zyf_focus_01,data/locked/2026-09-07/zyf_focus1_20260907.edf,focus,unfocus,170.0,174.0
pooled,Existing pooled frozen model,zyf,20260907_zyf_focus_01,data/locked/2026-09-07/zyf_focus1_20260907.edf,focus,unfocus,172.0,176.0
pooled,Existing pooled frozen model,zyf,20260907_zyf_focus_01,data/locked/2026-09-07/zyf_focus1_20260907.edf,focus,unfocus,174.0,178.0
pooled,Existing pooled frozen model,zyf,20260907_zyf_focus_01,data/locked/2026-09-07/zyf_focus1_20260907.edf,focus,unfocus,176.0,180.0
pooled,Existing pooled frozen model,zyf,20260907_zyf_focus_01,data/locked/2026-09-07/zyf_focus1_20260907.edf,focus,unfocus,178.0,182.0
pooled,Existing pooled frozen model,zyf,20260907_zyf_focus_01,data/locked/2026-09-07/zyf_focus1_20260907.edf,focus,unfocus,180.0,184.0
pooled,Existing pooled frozen model,zyf,20260907_zyf_focus_01,data/locked/2026-09-07/zyf_focus1_20260907.edf,focus,unfocus,182.0,186.0
pooled,Existing pooled frozen model,zyf,20260907_zyf_focus_01,data/locked/2026-09-07/zyf_focus1_20260907.edf,focus,unfocus,184.0,188.0
pooled,Existing pooled frozen model,zyf,20260907_zyf_focus_01,data/locked/2026-09-07/zyf_focus1_20260907.edf,focus,unfocus,186.0,190.0
pooled,Existing pooled frozen model,zyf,20260907_zyf_focus_01,data/locked/2026-09-07/zyf_focus1_20260907.edf,focus,unfocus,188.0,192.0
pooled,Existing pooled frozen model,zyf,20260907_zyf_focus_01,data/locked/2026-09-07/zyf_focus1_20260907.edf,focus,unfocus,190.0,194.0
pooled,Existing pooled frozen model,zyf,20260907_zyf_focus_01,data/locked/2026-09-07/zyf_focus1_20260907.edf,focus,unfocus,192.0,196.0
pooled,Existing pooled frozen model,zyf,20260907_zyf_focus_01,data/locked/2026-09-07/zyf_focus1_20260907.edf,focus,unfocus,194.0,198.0
pooled,Existing pooled frozen model,zyf,20260907_zyf_focus_01,data/locked/2026-09-07/zyf_focus1_20260907.edf,focus,unfocus,196.0,200.0
pooled,Existing pooled frozen model,zyf,20260907_zyf_focus_01,data/locked/2026-09-07/zyf_focus1_20260907.edf,focus,unfocus,198.0,202.0
pooled,Existing pooled frozen model,zyf,20260907_zyf_focus_01,data/locked/2026-09-07/zyf_focus1_20260907.edf,focus,unfocus,200.0,204.0
pooled,Existing pooled frozen model,zyf,20260907_zyf_focus_01,data/locked/2026-09-07/zyf_focus1_20260907.edf,focus,unfocus,202.0,206.0
pooled,Existing pooled frozen model,zyf,20260907_zyf_focus_01,data/locked/2026-09-07/zyf_focus1_20260907.edf,focus,unfocus,204.0,208.0
pooled,Existing pooled frozen model,zyf,20260907_zyf_focus_01,data/locked/2026-09-07/zyf_focus1_20260907.edf,focus,unfocus,206.0,210.0
pooled,Existing pooled frozen model,zyf,20260907_zyf_focus_01,data/locked/2026-09-07/zyf_focus1_20260907.edf,focus,focus,208.0,212.0
pooled,Existing pooled frozen model,zyf,20260907_zyf_focus_01,data/locked/2026-09-07/zyf_focus1_20260907.edf,focus,unfocus,210.0,214.0
pooled,Existing pooled frozen model,zyf,20260907_zyf_focus_01,data/locked/2026-09-07/zyf_focus1_20260907.edf,focus,unfocus,212.0,216.0
pooled,Existing pooled frozen model,zyf,20260907_zyf_focus_01,data/locked/2026-09-07/zyf_focus1_20260907.edf,focus,unfocus,214.0,218.0
pooled,Existing pooled frozen model,zyf,20260907_zyf_focus_01,data/locked/2026-09-07/zyf_focus1_20260907.edf,focus,unfocus,216.0,220.0
pooled,Existing pooled frozen model,zyf,20260907_zyf_focus_01,data/locked/2026-09-07/zyf_focus1_20260907.edf,focus,unfocus,218.0,222.0
pooled,Existing pooled frozen model,zyf,20260907_zyf_focus_01,data/locked/2026-09-07/zyf_focus1_20260907.edf,focus,unfocus,220.0,224.0
pooled,Existing pooled frozen model,zyf,20260907_zyf_focus_01,data/locked/2026-09-07/zyf_focus1_20260907.edf,focus,unfocus,222.0,226.0
pooled,Existing pooled frozen model,zyf,20260907_zyf_focus_01,data/locked/2026-09-07/zyf_focus1_20260907.edf,focus,unfocus,224.0,228.0
pooled,Existing pooled frozen model,zyf,20260907_zyf_focus_01,data/locked/2026-09-07/zyf_focus1_20260907.edf,focus,unfocus,226.0,230.0
pooled,Existing pooled frozen model,zyf,20260907_zyf_focus_01,data/locked/2026-09-07/zyf_focus1_20260907.edf,focus,unfocus,228.0,232.0
pooled,Existing pooled frozen model,zyf,20260907_zyf_focus_01,data/locked/2026-09-07/zyf_focus1_20260907.edf,focus,unfocus,230.0,234.0
pooled,Existing pooled frozen model,zyf,20260907_zyf_focus_01,data/locked/2026-09-07/zyf_focus1_20260907.edf,focus,unfocus,232.0,236.0
pooled,Existing pooled frozen model,zyf,20260907_zyf_focus_01,data/locked/2026-09-07/zyf_focus1_20260907.edf,focus,unfocus,234.0,238.0
pooled,Existing pooled frozen model,zyf,20260907_zyf_focus_01,data/locked/2026-09-07/zyf_focus1_20260907.edf,focus,unfocus,236.0,240.0
pooled,Existing pooled frozen model,zyf,20260907_zyf_focus_01,data/locked/2026-09-07/zyf_focus1_20260907.edf,focus,unfocus,238.0,242.0
pooled,Existing pooled frozen model,zyf,20260907_zyf_focus_01,data/locked/2026-09-07/zyf_focus1_20260907.edf,focus,unfocus,240.0,244.0
pooled,Existing pooled frozen model,zyf,20260907_zyf_focus_01,data/locked/2026-09-07/zyf_focus1_20260907.edf,focus,unfocus,242.0,246.0
pooled,Existing pooled frozen model,zyf,20260907_zyf_focus_01,data/locked/2026-09-07/zyf_focus1_20260907.edf,focus,unfocus,244.0,248.0
pooled,Existing pooled frozen model,zyf,20260907_zyf_focus_01,data/locked/2026-09-07/zyf_focus1_20260907.edf,focus,unfocus,246.0,250.0
pooled,Existing pooled frozen model,zyf,20260907_zyf_focus_01,data/locked/2026-09-07/zyf_focus1_20260907.edf,focus,unfocus,248.0,252.0
pooled,Existing pooled frozen model,zyf,20260907_zyf_focus_01,data/locked/2026-09-07/zyf_focus1_20260907.edf,focus,unfocus,250.0,254.0
pooled,Existing pooled frozen model,zyf,20260907_zyf_focus_01,data/locked/2026-09-07/zyf_focus1_20260907.edf,focus,unfocus,252.0,256.0
pooled,Existing pooled frozen model,zyf,20260907_zyf_focus_01,data/locked/2026-09-07/zyf_focus1_20260907.edf,focus,unfocus,254.0,258.0
pooled,Existing pooled frozen model,zyf,20260907_zyf_focus_01,data/locked/2026-09-07/zyf_focus1_20260907.edf,focus,unfocus,256.0,260.0
pooled,Existing pooled frozen model,zyf,20260907_zyf_focus_01,data/locked/2026-09-07/zyf_focus1_20260907.edf,focus,unfocus,258.0,262.0
pooled,Existing pooled frozen model,zyf,20260907_zyf_focus_01,data/locked/2026-09-07/zyf_focus1_20260907.edf,focus,unfocus,260.0,264.0
pooled,Existing pooled frozen model,zyf,20260907_zyf_focus_01,data/locked/2026-09-07/zyf_focus1_20260907.edf,focus,unfocus,262.0,266.0
pooled,Existing pooled frozen model,zyf,20260907_zyf_focus_01,data/locked/2026-09-07/zyf_focus1_20260907.edf,focus,unfocus,264.0,268.0
pooled,Existing pooled frozen model,zyf,20260907_zyf_focus_01,data/locked/2026-09-07/zyf_focus1_20260907.edf,focus,unfocus,266.0,270.0
pooled,Existing pooled frozen model,zyf,20260907_zyf_focus_01,data/locked/2026-09-07/zyf_focus1_20260907.edf,focus,unfocus,268.0,272.0
pooled,Existing pooled frozen model,zyf,20260907_zyf_focus_01,data/locked/2026-09-07/zyf_focus1_20260907.edf,focus,unfocus,270.0,274.0
pooled,Existing pooled frozen model,zyf,20260907_zyf_focus_01,data/locked/2026-09-07/zyf_focus1_20260907.edf,focus,unfocus,272.0,276.0
pooled,Existing pooled frozen model,zyf,20260907_zyf_focus_01,data/locked/2026-09-07/zyf_focus1_20260907.edf,focus,unfocus,274.0,278.0
pooled,Existing pooled frozen model,zyf,20260907_zyf_focus_01,data/locked/2026-09-07/zyf_focus1_20260907.edf,focus,unfocus,276.0,280.0
pooled,Existing pooled frozen model,zyf,20260907_zyf_focus_01,data/locked/2026-09-07/zyf_focus1_20260907.edf,focus,unfocus,278.0,282.0
pooled,Existing pooled frozen model,zyf,20260907_zyf_focus_01,data/locked/2026-09-07/zyf_focus1_20260907.edf,focus,unfocus,280.0,284.0
pooled,Existing pooled frozen model,zyf,20260907_zyf_focus_01,data/locked/2026-09-07/zyf_focus1_20260907.edf,focus,unfocus,282.0,286.0
pooled,Existing pooled frozen model,zyf,20260907_zyf_focus_01,data/locked/2026-09-07/zyf_focus1_20260907.edf,focus,unfocus,284.0,288.0
pooled,Existing pooled frozen model,zyf,20260907_zyf_focus_01,data/locked/2026-09-07/zyf_focus1_20260907.edf,focus,unfocus,286.0,290.0
pooled,Existing pooled frozen model,zyf,20260907_zyf_focus_01,data/locked/2026-09-07/zyf_focus1_20260907.edf,focus,unfocus,288.0,292.0
pooled,Existing pooled frozen model,zyf,20260907_zyf_focus_01,data/locked/2026-09-07/zyf_focus1_20260907.edf,focus,unfocus,290.0,294.0
pooled,Existing pooled frozen model,zyf,20260907_zyf_focus_01,data/locked/2026-09-07/zyf_focus1_20260907.edf,focus,unfocus,292.0,296.0
pooled,Existing pooled frozen model,zyf,20260907_zyf_focus_01,data/locked/2026-09-07/zyf_focus1_20260907.edf,focus,unfocus,294.0,298.0
pooled,Existing pooled frozen model,zyf,20260907_zyf_focus_01,data/locked/2026-09-07/zyf_focus1_20260907.edf,focus,unfocus,296.0,300.0
pooled,Existing pooled frozen model,zyf,20260907_zyf_focus_01,data/locked/2026-09-07/zyf_focus1_20260907.edf,focus,unfocus,298.0,302.0
pooled,Existing pooled frozen model,zyf,20260907_zyf_focus_01,data/locked/2026-09-07/zyf_focus1_20260907.edf,focus,unfocus,300.0,304.0
pooled,Existing pooled frozen model,zyf,20260907_zyf_focus_01,data/locked/2026-09-07/zyf_focus1_20260907.edf,focus,unfocus,302.0,306.0
pooled,Existing pooled frozen model,zyf,20260907_zyf_focus_01,data/locked/2026-09-07/zyf_focus1_20260907.edf,focus,unfocus,304.0,308.0
pooled,Existing pooled frozen model,zyf,20260907_zyf_focus_01,data/locked/2026-09-07/zyf_focus1_20260907.edf,focus,unfocus,306.0,310.0
pooled,Existing pooled frozen model,zyf,20260907_zyf_focus_01,data/locked/2026-09-07/zyf_focus1_20260907.edf,focus,unfocus,308.0,312.0
pooled,Existing pooled frozen model,zyf,20260907_zyf_focus_01,data/locked/2026-09-07/zyf_focus1_20260907.edf,focus,unfocus,310.0,314.0
pooled,Existing pooled frozen model,zyf,20260907_zyf_focus_01,data/locked/2026-09-07/zyf_focus1_20260907.edf,focus,unfocus,312.0,316.0
pooled,Existing pooled frozen model,zyf,20260907_zyf_focus_01,data/locked/2026-09-07/zyf_focus1_20260907.edf,focus,unfocus,314.0,318.0
pooled,Existing pooled frozen model,zyf,20260907_zyf_focus_01,data/locked/2026-09-07/zyf_focus1_20260907.edf,focus,unfocus,316.0,320.0
pooled,Existing pooled frozen model,zyf,20260907_zyf_focus_01,data/locked/2026-09-07/zyf_focus1_20260907.edf,focus,unfocus,318.0,322.0
pooled,Existing pooled frozen model,zyf,20260907_zyf_focus_01,data/locked/2026-09-07/zyf_focus1_20260907.edf,focus,unfocus,320.0,324.0
pooled,Existing pooled frozen model,zyf,20260907_zyf_focus_01,data/locked/2026-09-07/zyf_focus1_20260907.edf,focus,unfocus,322.0,326.0
pooled,Existing pooled frozen model,zyf,20260907_zyf_focus_01,data/locked/2026-09-07/zyf_focus1_20260907.edf,focus,unfocus,324.0,328.0
pooled,Existing pooled frozen model,zyf,20260907_zyf_focus_01,data/locked/2026-09-07/zyf_focus1_20260907.edf,focus,unfocus,326.0,330.0
pooled,Existing pooled frozen model,zyf,20260907_zyf_focus_01,data/locked/2026-09-07/zyf_focus1_20260907.edf,focus,unfocus,328.0,332.0
pooled,Existing pooled frozen model,zyf,20260907_zyf_focus_01,data/locked/2026-09-07/zyf_focus1_20260907.edf,focus,unfocus,330.0,334.0
pooled,Existing pooled frozen model,zyf,20260907_zyf_focus_01,data/locked/2026-09-07/zyf_focus1_20260907.edf,focus,unfocus,332.0,336.0
pooled,Existing pooled frozen model,zyf,20260907_zyf_focus_01,data/locked/2026-09-07/zyf_focus1_20260907.edf,focus,unfocus,334.0,338.0
pooled,Existing pooled frozen model,zyf,20260907_zyf_focus_01,data/locked/2026-09-07/zyf_focus1_20260907.edf,focus,unfocus,336.0,340.0
pooled,Existing pooled frozen model,zyf,20260907_zyf_focus_01,data/locked/2026-09-07/zyf_focus1_20260907.edf,focus,unfocus,338.0,342.0
pooled,Existing pooled frozen model,zyf,20260907_zyf_focus_01,data/locked/2026-09-07/zyf_focus1_20260907.edf,focus,unfocus,340.0,344.0
pooled,Existing pooled frozen model,zyf,20260907_zyf_focus_01,data/locked/2026-09-07/zyf_focus1_20260907.edf,focus,unfocus,342.0,346.0
pooled,Existing pooled frozen model,zyf,20260907_zyf_focus_01,data/locked/2026-09-07/zyf_focus1_20260907.edf,focus,unfocus,344.0,348.0
pooled,Existing pooled frozen model,zyf,20260907_zyf_focus_01,data/locked/2026-09-07/zyf_focus1_20260907.edf,focus,unfocus,346.0,350.0
pooled,Existing pooled frozen model,zyf,20260907_zyf_focus_01,data/locked/2026-09-07/zyf_focus1_20260907.edf,focus,unfocus,348.0,352.0
pooled,Existing pooled frozen model,zyf,20260907_zyf_focus_01,data/locked/2026-09-07/zyf_focus1_20260907.edf,focus,unfocus,350.0,354.0
pooled,Existing pooled frozen model,zyf,20260907_zyf_focus_01,data/locked/2026-09-07/zyf_focus1_20260907.edf,focus,unfocus,352.0,356.0
pooled,Existing pooled frozen model,zyf,20260907_zyf_focus_01,data/locked/2026-09-07/zyf_focus1_20260907.edf,focus,unfocus,354.0,358.0
pooled,Existing pooled frozen model,zyf,20260907_zyf_focus_01,data/locked/2026-09-07/zyf_focus1_20260907.edf,focus,unfocus,356.0,360.0
pooled,Existing pooled frozen model,zyf,20260907_zyf_focus_01,data/locked/2026-09-07/zyf_focus1_20260907.edf,focus,unfocus,358.0,362.0
pooled,Existing pooled frozen model,zyf,20260907_zyf_focus_01,data/locked/2026-09-07/zyf_focus1_20260907.edf,focus,unfocus,360.0,364.0
pooled,Existing pooled frozen model,zyf,20260907_zyf_focus_01,data/locked/2026-09-07/zyf_focus1_20260907.edf,focus,unfocus,362.0,366.0
pooled,Existing pooled frozen model,zyf,20260907_zyf_focus_01,data/locked/2026-09-07/zyf_focus1_20260907.edf,focus,unfocus,364.0,368.0
pooled,Existing pooled frozen model,zyf,20260907_zyf_focus_01,data/locked/2026-09-07/zyf_focus1_20260907.edf,focus,unfocus,366.0,370.0
pooled,Existing pooled frozen model,zyf,20260907_zyf_focus_01,data/locked/2026-09-07/zyf_focus1_20260907.edf,focus,unfocus,368.0,372.0
pooled,Existing pooled frozen model,zyf,20260907_zyf_focus_01,data/locked/2026-09-07/zyf_focus1_20260907.edf,focus,unfocus,370.0,374.0
pooled,Existing pooled frozen model,zyf,20260907_zyf_focus_01,data/locked/2026-09-07/zyf_focus1_20260907.edf,focus,unfocus,372.0,376.0
pooled,Existing pooled frozen model,zyf,20260907_zyf_focus_01,data/locked/2026-09-07/zyf_focus1_20260907.edf,focus,unfocus,374.0,378.0
pooled,Existing pooled frozen model,zyf,20260907_zyf_focus_01,data/locked/2026-09-07/zyf_focus1_20260907.edf,focus,unfocus,376.0,380.0
pooled,Existing pooled frozen model,zyf,20260907_zyf_focus_01,data/locked/2026-09-07/zyf_focus1_20260907.edf,focus,unfocus,378.0,382.0
pooled,Existing pooled frozen model,zyf,20260907_zyf_focus_01,data/locked/2026-09-07/zyf_focus1_20260907.edf,focus,unfocus,380.0,384.0
pooled,Existing pooled frozen model,zyf,20260907_zyf_focus_01,data/locked/2026-09-07/zyf_focus1_20260907.edf,focus,unfocus,382.0,386.0
pooled,Existing pooled frozen model,zyf,20260907_zyf_focus_01,data/locked/2026-09-07/zyf_focus1_20260907.edf,focus,unfocus,384.0,388.0
pooled,Existing pooled frozen model,zyf,20260907_zyf_focus_01,data/locked/2026-09-07/zyf_focus1_20260907.edf,focus,unfocus,386.0,390.0
pooled,Existing pooled frozen model,zyf,20260907_zyf_focus_01,data/locked/2026-09-07/zyf_focus1_20260907.edf,focus,unfocus,388.0,392.0
pooled,Existing pooled frozen model,zyf,20260907_zyf_focus_01,data/locked/2026-09-07/zyf_focus1_20260907.edf,focus,unfocus,390.0,394.0
pooled,Existing pooled frozen model,zyf,20260907_zyf_focus_01,data/locked/2026-09-07/zyf_focus1_20260907.edf,focus,unfocus,392.0,396.0
pooled,Existing pooled frozen model,zyf,20260907_zyf_focus_01,data/locked/2026-09-07/zyf_focus1_20260907.edf,focus,unfocus,394.0,398.0
pooled,Existing pooled frozen model,zyf,20260907_zyf_focus_01,data/locked/2026-09-07/zyf_focus1_20260907.edf,focus,unfocus,396.0,400.0
pooled,Existing pooled frozen model,zyf,20260907_zyf_focus_01,data/locked/2026-09-07/zyf_focus1_20260907.edf,focus,unfocus,398.0,402.0
pooled,Existing pooled frozen model,zyf,20260907_zyf_focus_01,data/locked/2026-09-07/zyf_focus1_20260907.edf,focus,unfocus,400.0,404.0
pooled,Existing pooled frozen model,zyf,20260907_zyf_focus_01,data/locked/2026-09-07/zyf_focus1_20260907.edf,focus,unfocus,402.0,406.0
pooled,Existing pooled frozen model,zyf,20260907_zyf_focus_01,data/locked/2026-09-07/zyf_focus1_20260907.edf,focus,unfocus,404.0,408.0
pooled,Existing pooled frozen model,zyf,20260907_zyf_focus_01,data/locked/2026-09-07/zyf_focus1_20260907.edf,focus,unfocus,406.0,410.0
pooled,Existing pooled frozen model,zyf,20260907_zyf_focus_01,data/locked/2026-09-07/zyf_focus1_20260907.edf,focus,unfocus,408.0,412.0
pooled,Existing pooled frozen model,zyf,20260907_zyf_focus_01,data/locked/2026-09-07/zyf_focus1_20260907.edf,focus,unfocus,410.0,414.0
pooled,Existing pooled frozen model,zyf,20260907_zyf_focus_01,data/locked/2026-09-07/zyf_focus1_20260907.edf,focus,unfocus,412.0,416.0
pooled,Existing pooled frozen model,zyf,20260907_zyf_focus_01,data/locked/2026-09-07/zyf_focus1_20260907.edf,focus,unfocus,414.0,418.0
pooled,Existing pooled frozen model,zyf,20260907_zyf_focus_01,data/locked/2026-09-07/zyf_focus1_20260907.edf,focus,unfocus,416.0,420.0
pooled,Existing pooled frozen model,zyf,20260907_zyf_focus_01,data/locked/2026-09-07/zyf_focus1_20260907.edf,focus,unfocus,418.0,422.0
pooled,Existing pooled frozen model,zyf,20260907_zyf_focus_01,data/locked/2026-09-07/zyf_focus1_20260907.edf,focus,unfocus,420.0,424.0
pooled,Existing pooled frozen model,zyf,20260907_zyf_focus_01,data/locked/2026-09-07/zyf_focus1_20260907.edf,focus,unfocus,422.0,426.0
pooled,Existing pooled frozen model,zyf,20260907_zyf_focus_01,data/locked/2026-09-07/zyf_focus1_20260907.edf,focus,unfocus,424.0,428.0
pooled,Existing pooled frozen model,zyf,20260907_zyf_focus_01,data/locked/2026-09-07/zyf_focus1_20260907.edf,focus,focus,426.0,430.0
pooled,Existing pooled frozen model,zyf,20260907_zyf_focus_01,data/locked/2026-09-07/zyf_focus1_20260907.edf,focus,unfocus,428.0,432.0
pooled,Existing pooled frozen model,zyf,20260907_zyf_focus_01,data/locked/2026-09-07/zyf_focus1_20260907.edf,focus,unfocus,430.0,434.0
pooled,Existing pooled frozen model,zyf,20260907_zyf_focus_01,data/locked/2026-09-07/zyf_focus1_20260907.edf,focus,unfocus,432.0,436.0
pooled,Existing pooled frozen model,zyf,20260907_zyf_focus_01,data/locked/2026-09-07/zyf_focus1_20260907.edf,focus,unfocus,434.0,438.0
pooled,Existing pooled frozen model,zyf,20260907_zyf_focus_01,data/locked/2026-09-07/zyf_focus1_20260907.edf,focus,unfocus,436.0,440.0
pooled,Existing pooled frozen model,zyf,20260907_zyf_focus_01,data/locked/2026-09-07/zyf_focus1_20260907.edf,focus,unfocus,438.0,442.0
pooled,Existing pooled frozen model,zyf,20260907_zyf_focus_01,data/locked/2026-09-07/zyf_focus1_20260907.edf,focus,unfocus,440.0,444.0
pooled,Existing pooled frozen model,zyf,20260907_zyf_focus_01,data/locked/2026-09-07/zyf_focus1_20260907.edf,focus,unfocus,442.0,446.0
pooled,Existing pooled frozen model,zyf,20260907_zyf_focus_01,data/locked/2026-09-07/zyf_focus1_20260907.edf,focus,unfocus,444.0,448.0
pooled,Existing pooled frozen model,zyf,20260907_zyf_focus_01,data/locked/2026-09-07/zyf_focus1_20260907.edf,focus,unfocus,446.0,450.0
pooled,Existing pooled frozen model,zyf,20260907_zyf_focus_01,data/locked/2026-09-07/zyf_focus1_20260907.edf,focus,unfocus,448.0,452.0
pooled,Existing pooled frozen model,zyf,20260907_zyf_focus_01,data/locked/2026-09-07/zyf_focus1_20260907.edf,focus,unfocus,450.0,454.0
pooled,Existing pooled frozen model,zyf,20260907_zyf_focus_01,data/locked/2026-09-07/zyf_focus1_20260907.edf,focus,unfocus,452.0,456.0
pooled,Existing pooled frozen model,zyf,20260907_zyf_focus_01,data/locked/2026-09-07/zyf_focus1_20260907.edf,focus,unfocus,454.0,458.0
pooled,Existing pooled frozen model,zyf,20260907_zyf_focus_01,data/locked/2026-09-07/zyf_focus1_20260907.edf,focus,focus,456.0,460.0
pooled,Existing pooled frozen model,zyf,20260907_zyf_focus_01,data/locked/2026-09-07/zyf_focus1_20260907.edf,focus,unfocus,458.0,462.0
pooled,Existing pooled frozen model,zyf,20260907_zyf_focus_01,data/locked/2026-09-07/zyf_focus1_20260907.edf,focus,unfocus,460.0,464.0
pooled,Existing pooled frozen model,zyf,20260907_zyf_focus_01,data/locked/2026-09-07/zyf_focus1_20260907.edf,focus,unfocus,462.0,466.0
pooled,Existing pooled frozen model,zyf,20260907_zyf_focus_01,data/locked/2026-09-07/zyf_focus1_20260907.edf,focus,unfocus,464.0,468.0
pooled,Existing pooled frozen model,zyf,20260907_zyf_focus_01,data/locked/2026-09-07/zyf_focus1_20260907.edf,focus,unfocus,466.0,470.0
pooled,Existing pooled frozen model,zyf,20260907_zyf_focus_01,data/locked/2026-09-07/zyf_focus1_20260907.edf,focus,unfocus,468.0,472.0
pooled,Existing pooled frozen model,zyf,20260907_zyf_focus_01,data/locked/2026-09-07/zyf_focus1_20260907.edf,focus,unfocus,470.0,474.0
pooled,Existing pooled frozen model,zyf,20260907_zyf_focus_01,data/locked/2026-09-07/zyf_focus1_20260907.edf,focus,unfocus,472.0,476.0
pooled,Existing pooled frozen model,zyf,20260907_zyf_focus_01,data/locked/2026-09-07/zyf_focus1_20260907.edf,focus,focus,474.0,478.0
pooled,Existing pooled frozen model,zyf,20260907_zyf_focus_01,data/locked/2026-09-07/zyf_focus1_20260907.edf,focus,unfocus,476.0,480.0
pooled,Existing pooled frozen model,zyf,20260907_zyf_focus_01,data/locked/2026-09-07/zyf_focus1_20260907.edf,focus,unfocus,478.0,482.0
pooled,Existing pooled frozen model,zyf,20260907_zyf_focus_01,data/locked/2026-09-07/zyf_focus1_20260907.edf,focus,unfocus,480.0,484.0
pooled,Existing pooled frozen model,zyf,20260907_zyf_focus_01,data/locked/2026-09-07/zyf_focus1_20260907.edf,focus,unfocus,482.0,486.0
pooled,Existing pooled frozen model,zyf,20260907_zyf_focus_01,data/locked/2026-09-07/zyf_focus1_20260907.edf,focus,unfocus,484.0,488.0
pooled,Existing pooled frozen model,zyf,20260907_zyf_focus_01,data/locked/2026-09-07/zyf_focus1_20260907.edf,focus,unfocus,486.0,490.0
pooled,Existing pooled frozen model,zyf,20260907_zyf_focus_01,data/locked/2026-09-07/zyf_focus1_20260907.edf,focus,unfocus,488.0,492.0
pooled,Existing pooled frozen model,zyf,20260907_zyf_focus_01,data/locked/2026-09-07/zyf_focus1_20260907.edf,focus,unfocus,490.0,494.0
pooled,Existing pooled frozen model,zyf,20260907_zyf_focus_01,data/locked/2026-09-07/zyf_focus1_20260907.edf,focus,unfocus,492.0,496.0
pooled,Existing pooled frozen model,zyf,20260907_zyf_focus_01,data/locked/2026-09-07/zyf_focus1_20260907.edf,focus,unfocus,494.0,498.0
pooled,Existing pooled frozen model,zyf,20260907_zyf_focus_01,data/locked/2026-09-07/zyf_focus1_20260907.edf,focus,unfocus,496.0,500.0
pooled,Existing pooled frozen model,zyf,20260907_zyf_focus_01,data/locked/2026-09-07/zyf_focus1_20260907.edf,focus,unfocus,498.0,502.0
pooled,Existing pooled frozen model,zyf,20260907_zyf_focus_01,data/locked/2026-09-07/zyf_focus1_20260907.edf,focus,unfocus,500.0,504.0
pooled,Existing pooled frozen model,zyf,20260907_zyf_focus_01,data/locked/2026-09-07/zyf_focus1_20260907.edf,focus,unfocus,502.0,506.0
pooled,Existing pooled frozen model,zyf,20260907_zyf_focus_01,data/locked/2026-09-07/zyf_focus1_20260907.edf,focus,unfocus,504.0,508.0
pooled,Existing pooled frozen model,zyf,20260907_zyf_focus_01,data/locked/2026-09-07/zyf_focus1_20260907.edf,focus,unfocus,506.0,510.0
pooled,Existing pooled frozen model,zyf,20260907_zyf_focus_01,data/locked/2026-09-07/zyf_focus1_20260907.edf,focus,unfocus,508.0,512.0
pooled,Existing pooled frozen model,zyf,20260907_zyf_focus_01,data/locked/2026-09-07/zyf_focus1_20260907.edf,focus,unfocus,510.0,514.0
pooled,Existing pooled frozen model,zyf,20260907_zyf_focus_01,data/locked/2026-09-07/zyf_focus1_20260907.edf,focus,unfocus,512.0,516.0
pooled,Existing pooled frozen model,zyf,20260907_zyf_focus_01,data/locked/2026-09-07/zyf_focus1_20260907.edf,focus,unfocus,514.0,518.0
pooled,Existing pooled frozen model,zyf,20260907_zyf_focus_01,data/locked/2026-09-07/zyf_focus1_20260907.edf,focus,unfocus,516.0,520.0
pooled,Existing pooled frozen model,zyf,20260907_zyf_focus_01,data/locked/2026-09-07/zyf_focus1_20260907.edf,focus,unfocus,518.0,522.0
pooled,Existing pooled frozen model,zyf,20260907_zyf_focus_01,data/locked/2026-09-07/zyf_focus1_20260907.edf,focus,unfocus,520.0,524.0
pooled,Existing pooled frozen model,zyf,20260907_zyf_focus_01,data/locked/2026-09-07/zyf_focus1_20260907.edf,focus,focus,522.0,526.0
pooled,Existing pooled frozen model,zyf,20260907_zyf_focus_01,data/locked/2026-09-07/zyf_focus1_20260907.edf,focus,focus,524.0,528.0
pooled,Existing pooled frozen model,zyf,20260907_zyf_focus_01,data/locked/2026-09-07/zyf_focus1_20260907.edf,focus,focus,526.0,530.0
pooled,Existing pooled frozen model,zyf,20260907_zyf_focus_01,data/locked/2026-09-07/zyf_focus1_20260907.edf,focus,focus,528.0,532.0
pooled,Existing pooled frozen model,zyf,20260907_zyf_focus_01,data/locked/2026-09-07/zyf_focus1_20260907.edf,focus,unfocus,530.0,534.0
pooled,Existing pooled frozen model,zyf,20260907_zyf_focus_01,data/locked/2026-09-07/zyf_focus1_20260907.edf,focus,unfocus,532.0,536.0
pooled,Existing pooled frozen model,zyf,20260907_zyf_focus_01,data/locked/2026-09-07/zyf_focus1_20260907.edf,focus,unfocus,534.0,538.0
pooled,Existing pooled frozen model,zyf,20260907_zyf_focus_01,data/locked/2026-09-07/zyf_focus1_20260907.edf,focus,focus,536.0,540.0
pooled,Existing pooled frozen model,zyf,20260907_zyf_focus_01,data/locked/2026-09-07/zyf_focus1_20260907.edf,focus,unfocus,538.0,542.0
pooled,Existing pooled frozen model,zyf,20260907_zyf_focus_01,data/locked/2026-09-07/zyf_focus1_20260907.edf,focus,unfocus,540.0,544.0
pooled,Existing pooled frozen model,zyf,20260907_zyf_focus_01,data/locked/2026-09-07/zyf_focus1_20260907.edf,focus,unfocus,542.0,546.0
pooled,Existing pooled frozen model,zyf,20260907_zyf_focus_01,data/locked/2026-09-07/zyf_focus1_20260907.edf,focus,unfocus,544.0,548.0
pooled,Existing pooled frozen model,zyf,20260907_zyf_focus_01,data/locked/2026-09-07/zyf_focus1_20260907.edf,focus,unfocus,546.0,550.0
pooled,Existing pooled frozen model,zyf,20260907_zyf_focus_01,data/locked/2026-09-07/zyf_focus1_20260907.edf,focus,unfocus,548.0,552.0
pooled,Existing pooled frozen model,zyf,20260907_zyf_focus_01,data/locked/2026-09-07/zyf_focus1_20260907.edf,focus,unfocus,550.0,554.0
pooled,Existing pooled frozen model,zyf,20260907_zyf_focus_01,data/locked/2026-09-07/zyf_focus1_20260907.edf,focus,unfocus,552.0,556.0
pooled,Existing pooled frozen model,zyf,20260907_zyf_focus_01,data/locked/2026-09-07/zyf_focus1_20260907.edf,focus,unfocus,554.0,558.0
pooled,Existing pooled frozen model,zyf,20260907_zyf_focus_01,data/locked/2026-09-07/zyf_focus1_20260907.edf,focus,unfocus,556.0,560.0
pooled,Existing pooled frozen model,zyf,20260907_zyf_focus_01,data/locked/2026-09-07/zyf_focus1_20260907.edf,focus,unfocus,558.0,562.0
pooled,Existing pooled frozen model,zyf,20260907_zyf_focus_01,data/locked/2026-09-07/zyf_focus1_20260907.edf,focus,unfocus,560.0,564.0
pooled,Existing pooled frozen model,zyf,20260907_zyf_focus_01,data/locked/2026-09-07/zyf_focus1_20260907.edf,focus,unfocus,562.0,566.0
pooled,Existing pooled frozen model,zyf,20260907_zyf_focus_01,data/locked/2026-09-07/zyf_focus1_20260907.edf,focus,unfocus,564.0,568.0
pooled,Existing pooled frozen model,zyf,20260907_zyf_focus_01,data/locked/2026-09-07/zyf_focus1_20260907.edf,focus,unfocus,566.0,570.0
pooled,Existing pooled frozen model,zyf,20260907_zyf_focus_01,data/locked/2026-09-07/zyf_focus1_20260907.edf,focus,unfocus,568.0,572.0
pooled,Existing pooled frozen model,zyf,20260907_zyf_focus_01,data/locked/2026-09-07/zyf_focus1_20260907.edf,focus,unfocus,570.0,574.0
pooled,Existing pooled frozen model,zyf,20260907_zyf_focus_01,data/locked/2026-09-07/zyf_focus1_20260907.edf,focus,unfocus,572.0,576.0
pooled,Existing pooled frozen model,zyf,20260907_zyf_focus_01,data/locked/2026-09-07/zyf_focus1_20260907.edf,focus,focus,574.0,578.0
pooled,Existing pooled frozen model,zyf,20260907_zyf_focus_01,data/locked/2026-09-07/zyf_focus1_20260907.edf,focus,unfocus,576.0,580.0
pooled,Existing pooled frozen model,zyf,20260907_zyf_focus_01,data/locked/2026-09-07/zyf_focus1_20260907.edf,focus,unfocus,578.0,582.0
pooled,Existing pooled frozen model,zyf,20260907_zyf_focus_01,data/locked/2026-09-07/zyf_focus1_20260907.edf,focus,unfocus,580.0,584.0
pooled,Existing pooled frozen model,zyf,20260907_zyf_focus_01,data/locked/2026-09-07/zyf_focus1_20260907.edf,focus,unfocus,582.0,586.0
pooled,Existing pooled frozen model,zyf,20260907_zyf_focus_01,data/locked/2026-09-07/zyf_focus1_20260907.edf,focus,unfocus,584.0,588.0
pooled,Existing pooled frozen model,zyf,20260907_zyf_focus_01,data/locked/2026-09-07/zyf_focus1_20260907.edf,focus,unfocus,586.0,590.0
pooled,Existing pooled frozen model,zyf,20260907_zyf_focus_01,data/locked/2026-09-07/zyf_focus1_20260907.edf,focus,unfocus,588.0,592.0
pooled,Existing pooled frozen model,zyf,20260907_zyf_focus_01,data/locked/2026-09-07/zyf_focus1_20260907.edf,focus,unfocus,590.0,594.0
pooled,Existing pooled frozen model,zyf,20260907_zyf_focus_01,data/locked/2026-09-07/zyf_focus1_20260907.edf,focus,unfocus,592.0,596.0
pooled,Existing pooled frozen model,zyf,20260907_zyf_focus_01,data/locked/2026-09-07/zyf_focus1_20260907.edf,focus,unfocus,594.0,598.0
pooled,Existing pooled frozen model,zyf,20260907_zyf_focus_01,data/locked/2026-09-07/zyf_focus1_20260907.edf,focus,unfocus,596.0,600.0
pooled,Existing pooled frozen model,zyf,20260907_zyf_focus_01,data/locked/2026-09-07/zyf_focus1_20260907.edf,focus,unfocus,598.0,602.0
pooled,Existing pooled frozen model,zyf,20260907_zyf_focus_01,data/locked/2026-09-07/zyf_focus1_20260907.edf,focus,unfocus,600.0,604.0
pooled,Existing pooled frozen model,zyf,20260907_zyf_focus_01,data/locked/2026-09-07/zyf_focus1_20260907.edf,focus,unfocus,602.0,606.0
pooled,Existing pooled frozen model,zyf,20260907_zyf_focus_01,data/locked/2026-09-07/zyf_focus1_20260907.edf,focus,unfocus,604.0,608.0
pooled,Existing pooled frozen model,zyf,20260907_zyf_focus_01,data/locked/2026-09-07/zyf_focus1_20260907.edf,focus,unfocus,606.0,610.0
pooled,Existing pooled frozen model,zyf,20260907_zyf_focus_01,data/locked/2026-09-07/zyf_focus1_20260907.edf,focus,unfocus,608.0,612.0
pooled,Existing pooled frozen model,zyf,20260907_zyf_focus_01,data/locked/2026-09-07/zyf_focus1_20260907.edf,focus,unfocus,610.0,614.0
pooled,Existing pooled frozen model,zyf,20260907_zyf_focus_01,data/locked/2026-09-07/zyf_focus1_20260907.edf,focus,unfocus,612.0,616.0
pooled,Existing pooled frozen model,zyf,20260907_zyf_focus_01,data/locked/2026-09-07/zyf_focus1_20260907.edf,focus,unfocus,614.0,618.0
pooled,Existing pooled frozen model,zyf,20260907_zyf_focus_01,data/locked/2026-09-07/zyf_focus1_20260907.edf,focus,unfocus,616.0,620.0
pooled,Existing pooled frozen model,zyf,20260907_zyf_focus_01,data/locked/2026-09-07/zyf_focus1_20260907.edf,focus,unfocus,618.0,622.0
pooled,Existing pooled frozen model,zyf,20260907_zyf_focus_01,data/locked/2026-09-07/zyf_focus1_20260907.edf,focus,unfocus,620.0,624.0
pooled,Existing pooled frozen model,zyf,20260907_zyf_focus_01,data/locked/2026-09-07/zyf_focus1_20260907.edf,focus,unfocus,622.0,626.0
pooled,Existing pooled frozen model,zyf,20260907_zyf_focus_01,data/locked/2026-09-07/zyf_focus1_20260907.edf,focus,unfocus,624.0,628.0
pooled,Existing pooled frozen model,zyf,20260907_zyf_focus_01,data/locked/2026-09-07/zyf_focus1_20260907.edf,focus,unfocus,626.0,630.0
pooled,Existing pooled frozen model,zyf,20260907_zyf_focus_01,data/locked/2026-09-07/zyf_focus1_20260907.edf,focus,unfocus,628.0,632.0
pooled,Existing pooled frozen model,zyf,20260907_zyf_focus_01,data/locked/2026-09-07/zyf_focus1_20260907.edf,focus,unfocus,630.0,634.0
pooled,Existing pooled frozen model,zyf,20260907_zyf_focus_01,data/locked/2026-09-07/zyf_focus1_20260907.edf,focus,unfocus,632.0,636.0
pooled,Existing pooled frozen model,zyf,20260907_zyf_focus_01,data/locked/2026-09-07/zyf_focus1_20260907.edf,focus,unfocus,634.0,638.0
pooled,Existing pooled frozen model,zyf,20260907_zyf_focus_01,data/locked/2026-09-07/zyf_focus1_20260907.edf,focus,unfocus,636.0,640.0
pooled,Existing pooled frozen model,zyf,20260907_zyf_focus_01,data/locked/2026-09-07/zyf_focus1_20260907.edf,focus,unfocus,638.0,642.0
pooled,Existing pooled frozen model,zyf,20260907_zyf_focus_01,data/locked/2026-09-07/zyf_focus1_20260907.edf,focus,unfocus,640.0,644.0
pooled,Existing pooled frozen model,zyf,20260907_zyf_focus_01,data/locked/2026-09-07/zyf_focus1_20260907.edf,focus,unfocus,642.0,646.0
pooled,Existing pooled frozen model,zyf,20260907_zyf_focus_01,data/locked/2026-09-07/zyf_focus1_20260907.edf,focus,unfocus,644.0,648.0
pooled,Existing pooled frozen model,zyf,20260907_zyf_focus_01,data/locked/2026-09-07/zyf_focus1_20260907.edf,focus,unfocus,646.0,650.0
pooled,Existing pooled frozen model,zyf,20260907_zyf_focus_01,data/locked/2026-09-07/zyf_focus1_20260907.edf,focus,unfocus,648.0,652.0
pooled,Existing pooled frozen model,zyf,20260907_zyf_focus_01,data/locked/2026-09-07/zyf_focus1_20260907.edf,focus,unfocus,650.0,654.0
pooled,Existing pooled frozen model,zyf,20260907_zyf_focus_01,data/locked/2026-09-07/zyf_focus1_20260907.edf,focus,unfocus,652.0,656.0
pooled,Existing pooled frozen model,zyf,20260907_zyf_focus_01,data/locked/2026-09-07/zyf_focus1_20260907.edf,focus,unfocus,654.0,658.0
pooled,Existing pooled frozen model,zyf,20260907_zyf_focus_01,data/locked/2026-09-07/zyf_focus1_20260907.edf,focus,unfocus,656.0,660.0
pooled,Existing pooled frozen model,zyf,20260907_zyf_focus_01,data/locked/2026-09-07/zyf_focus1_20260907.edf,focus,unfocus,658.0,662.0
pooled,Existing pooled frozen model,zyf,20260907_zyf_focus_01,data/locked/2026-09-07/zyf_focus1_20260907.edf,focus,unfocus,660.0,664.0
pooled,Existing pooled frozen model,zyf,20260907_zyf_focus_01,data/locked/2026-09-07/zyf_focus1_20260907.edf,focus,unfocus,662.0,666.0
pooled,Existing pooled frozen model,zyf,20260907_zyf_focus_01,data/locked/2026-09-07/zyf_focus1_20260907.edf,focus,unfocus,664.0,668.0
pooled,Existing pooled frozen model,zyf,20260907_zyf_focus_01,data/locked/2026-09-07/zyf_focus1_20260907.edf,focus,unfocus,666.0,670.0
pooled,Existing pooled frozen model,zyf,20260907_zyf_focus_01,data/locked/2026-09-07/zyf_focus1_20260907.edf,focus,unfocus,668.0,672.0
pooled,Existing pooled frozen model,zyf,20260907_zyf_focus_01,data/locked/2026-09-07/zyf_focus1_20260907.edf,focus,unfocus,670.0,674.0
pooled,Existing pooled frozen model,zyf,20260907_zyf_focus_01,data/locked/2026-09-07/zyf_focus1_20260907.edf,focus,unfocus,672.0,676.0
pooled,Existing pooled frozen model,zyf,20260907_zyf_focus_01,data/locked/2026-09-07/zyf_focus1_20260907.edf,focus,unfocus,674.0,678.0
pooled,Existing pooled frozen model,zyf,20260907_zyf_focus_01,data/locked/2026-09-07/zyf_focus1_20260907.edf,focus,unfocus,676.0,680.0
pooled,Existing pooled frozen model,zyf,20260907_zyf_focus_01,data/locked/2026-09-07/zyf_focus1_20260907.edf,focus,unfocus,678.0,682.0
pooled,Existing pooled frozen model,zyf,20260907_zyf_focus_01,data/locked/2026-09-07/zyf_focus1_20260907.edf,focus,unfocus,680.0,684.0
pooled,Existing pooled frozen model,zyf,20260907_zyf_focus_01,data/locked/2026-09-07/zyf_focus1_20260907.edf,focus,unfocus,682.0,686.0
pooled,Existing pooled frozen model,zyf,20260907_zyf_focus_01,data/locked/2026-09-07/zyf_focus1_20260907.edf,focus,unfocus,684.0,688.0
pooled,Existing pooled frozen model,zyf,20260907_zyf_focus_01,data/locked/2026-09-07/zyf_focus1_20260907.edf,focus,focus,686.0,690.0
pooled,Existing pooled frozen model,zyf,20260907_zyf_focus_01,data/locked/2026-09-07/zyf_focus1_20260907.edf,focus,focus,688.0,692.0
pooled,Existing pooled frozen model,zyf,20260907_zyf_focus_01,data/locked/2026-09-07/zyf_focus1_20260907.edf,focus,focus,690.0,694.0
pooled,Existing pooled frozen model,zyf,20260907_zyf_focus_01,data/locked/2026-09-07/zyf_focus1_20260907.edf,focus,focus,692.0,696.0
pooled,Existing pooled frozen model,zyf,20260907_zyf_focus_01,data/locked/2026-09-07/zyf_focus1_20260907.edf,focus,focus,694.0,698.0
pooled,Existing pooled frozen model,zyf,20260907_zyf_focus_01,data/locked/2026-09-07/zyf_focus1_20260907.edf,focus,unfocus,696.0,700.0
pooled,Existing pooled frozen model,zyf,20260907_zyf_focus_01,data/locked/2026-09-07/zyf_focus1_20260907.edf,focus,unfocus,698.0,702.0
pooled,Existing pooled frozen model,zyf,20260907_zyf_focus_01,data/locked/2026-09-07/zyf_focus1_20260907.edf,focus,unfocus,700.0,704.0
pooled,Existing pooled frozen model,zyf,20260907_zyf_focus_01,data/locked/2026-09-07/zyf_focus1_20260907.edf,focus,focus,702.0,706.0
pooled,Existing pooled frozen model,zyf,20260907_zyf_focus_01,data/locked/2026-09-07/zyf_focus1_20260907.edf,focus,focus,704.0,708.0
pooled,Existing pooled frozen model,zyf,20260907_zyf_focus_01,data/locked/2026-09-07/zyf_focus1_20260907.edf,focus,unfocus,706.0,710.0
pooled,Existing pooled frozen model,zyf,20260907_zyf_focus_01,data/locked/2026-09-07/zyf_focus1_20260907.edf,focus,unfocus,708.0,712.0
pooled,Existing pooled frozen model,zyf,20260907_zyf_focus_01,data/locked/2026-09-07/zyf_focus1_20260907.edf,focus,focus,710.0,714.0
pooled,Existing pooled frozen model,zyf,20260907_zyf_focus_01,data/locked/2026-09-07/zyf_focus1_20260907.edf,focus,unfocus,712.0,716.0
pooled,Existing pooled frozen model,zyf,20260907_zyf_focus_01,data/locked/2026-09-07/zyf_focus1_20260907.edf,focus,unfocus,714.0,718.0
pooled,Existing pooled frozen model,zyf,20260907_zyf_focus_01,data/locked/2026-09-07/zyf_focus1_20260907.edf,focus,focus,716.0,720.0
pooled,Existing pooled frozen model,zyf,20260907_zyf_focus_01,data/locked/2026-09-07/zyf_focus1_20260907.edf,focus,focus,718.0,722.0
pooled,Existing pooled frozen model,zyf,20260907_zyf_focus_01,data/locked/2026-09-07/zyf_focus1_20260907.edf,focus,focus,720.0,724.0
pooled,Existing pooled frozen model,zyf,20260907_zyf_focus_01,data/locked/2026-09-07/zyf_focus1_20260907.edf,focus,focus,722.0,726.0
pooled,Existing pooled frozen model,zyf,20260907_zyf_focus_01,data/locked/2026-09-07/zyf_focus1_20260907.edf,focus,unfocus,724.0,728.0
pooled,Existing pooled frozen model,zyf,20260907_zyf_focus_01,data/locked/2026-09-07/zyf_focus1_20260907.edf,focus,unfocus,726.0,730.0
pooled,Existing pooled frozen model,zyf,20260907_zyf_focus_01,data/locked/2026-09-07/zyf_focus1_20260907.edf,focus,unfocus,728.0,732.0
pooled,Existing pooled frozen model,zyf,20260907_zyf_focus_01,data/locked/2026-09-07/zyf_focus1_20260907.edf,focus,unfocus,730.0,734.0
pooled,Existing pooled frozen model,zyf,20260907_zyf_focus_01,data/locked/2026-09-07/zyf_focus1_20260907.edf,focus,unfocus,732.0,736.0
pooled,Existing pooled frozen model,zyf,20260907_zyf_focus_01,data/locked/2026-09-07/zyf_focus1_20260907.edf,focus,unfocus,734.0,738.0
pooled,Existing pooled frozen model,zyf,20260907_zyf_focus_01,data/locked/2026-09-07/zyf_focus1_20260907.edf,focus,unfocus,736.0,740.0
pooled,Existing pooled frozen model,zyf,20260907_zyf_focus_01,data/locked/2026-09-07/zyf_focus1_20260907.edf,focus,unfocus,738.0,742.0
pooled,Existing pooled frozen model,zyf,20260907_zyf_focus_01,data/locked/2026-09-07/zyf_focus1_20260907.edf,focus,unfocus,740.0,744.0
pooled,Existing pooled frozen model,zyf,20260907_zyf_focus_01,data/locked/2026-09-07/zyf_focus1_20260907.edf,focus,unfocus,742.0,746.0
pooled,Existing pooled frozen model,zyf,20260907_zyf_focus_01,data/locked/2026-09-07/zyf_focus1_20260907.edf,focus,unfocus,744.0,748.0
pooled,Existing pooled frozen model,zyf,20260907_zyf_focus_01,data/locked/2026-09-07/zyf_focus1_20260907.edf,focus,unfocus,746.0,750.0
pooled,Existing pooled frozen model,zyf,20260907_zyf_focus_01,data/locked/2026-09-07/zyf_focus1_20260907.edf,focus,unfocus,748.0,752.0
pooled,Existing pooled frozen model,zyf,20260907_zyf_focus_01,data/locked/2026-09-07/zyf_focus1_20260907.edf,focus,unfocus,750.0,754.0
pooled,Existing pooled frozen model,zyf,20260907_zyf_focus_01,data/locked/2026-09-07/zyf_focus1_20260907.edf,focus,unfocus,752.0,756.0
pooled,Existing pooled frozen model,zyf,20260907_zyf_focus_01,data/locked/2026-09-07/zyf_focus1_20260907.edf,focus,unfocus,754.0,758.0
pooled,Existing pooled frozen model,zyf,20260907_zyf_focus_01,data/locked/2026-09-07/zyf_focus1_20260907.edf,focus,unfocus,756.0,760.0
pooled,Existing pooled frozen model,zyf,20260907_zyf_focus_01,data/locked/2026-09-07/zyf_focus1_20260907.edf,focus,unfocus,758.0,762.0
pooled,Existing pooled frozen model,zyf,20260907_zyf_focus_01,data/locked/2026-09-07/zyf_focus1_20260907.edf,focus,unfocus,760.0,764.0
pooled,Existing pooled frozen model,zyf,20260907_zyf_focus_01,data/locked/2026-09-07/zyf_focus1_20260907.edf,focus,unfocus,762.0,766.0
pooled,Existing pooled frozen model,zyf,20260907_zyf_focus_01,data/locked/2026-09-07/zyf_focus1_20260907.edf,focus,unfocus,764.0,768.0
pooled,Existing pooled frozen model,zyf,20260907_zyf_focus_01,data/locked/2026-09-07/zyf_focus1_20260907.edf,focus,unfocus,766.0,770.0
pooled,Existing pooled frozen model,zyf,20260907_zyf_focus_01,data/locked/2026-09-07/zyf_focus1_20260907.edf,focus,unfocus,768.0,772.0
pooled,Existing pooled frozen model,zyf,20260907_zyf_focus_01,data/locked/2026-09-07/zyf_focus1_20260907.edf,focus,unfocus,770.0,774.0
pooled,Existing pooled frozen model,zyf,20260907_zyf_focus_01,data/locked/2026-09-07/zyf_focus1_20260907.edf,focus,unfocus,772.0,776.0
pooled,Existing pooled frozen model,zyf,20260907_zyf_focus_01,data/locked/2026-09-07/zyf_focus1_20260907.edf,focus,focus,774.0,778.0
pooled,Existing pooled frozen model,zyf,20260907_zyf_focus_01,data/locked/2026-09-07/zyf_focus1_20260907.edf,focus,unfocus,776.0,780.0
pooled,Existing pooled frozen model,zyf,20260907_zyf_focus_01,data/locked/2026-09-07/zyf_focus1_20260907.edf,focus,unfocus,778.0,782.0
pooled,Existing pooled frozen model,zyf,20260907_zyf_focus_01,data/locked/2026-09-07/zyf_focus1_20260907.edf,focus,unfocus,780.0,784.0
pooled,Existing pooled frozen model,zyf,20260907_zyf_focus_01,data/locked/2026-09-07/zyf_focus1_20260907.edf,focus,unfocus,782.0,786.0
pooled,Existing pooled frozen model,zyf,20260907_zyf_focus_01,data/locked/2026-09-07/zyf_focus1_20260907.edf,focus,focus,784.0,788.0
pooled,Existing pooled frozen model,zyf,20260907_zyf_focus_01,data/locked/2026-09-07/zyf_focus1_20260907.edf,focus,unfocus,786.0,790.0
pooled,Existing pooled frozen model,zyf,20260907_zyf_focus_01,data/locked/2026-09-07/zyf_focus1_20260907.edf,focus,unfocus,788.0,792.0
pooled,Existing pooled frozen model,zyf,20260907_zyf_focus_01,data/locked/2026-09-07/zyf_focus1_20260907.edf,focus,unfocus,790.0,794.0
pooled,Existing pooled frozen model,zyf,20260907_zyf_focus_01,data/locked/2026-09-07/zyf_focus1_20260907.edf,focus,unfocus,792.0,796.0
pooled,Existing pooled frozen model,zyf,20260907_zyf_focus_01,data/locked/2026-09-07/zyf_focus1_20260907.edf,focus,unfocus,794.0,798.0
pooled,Existing pooled frozen model,zyf,20260907_zyf_focus_01,data/locked/2026-09-07/zyf_focus1_20260907.edf,focus,unfocus,796.0,800.0
pooled,Existing pooled frozen model,zyf,20260907_zyf_focus_01,data/locked/2026-09-07/zyf_focus1_20260907.edf,focus,focus,798.0,802.0
pooled,Existing pooled frozen model,zyf,20260907_zyf_focus_01,data/locked/2026-09-07/zyf_focus1_20260907.edf,focus,unfocus,800.0,804.0
pooled,Existing pooled frozen model,zyf,20260907_zyf_focus_01,data/locked/2026-09-07/zyf_focus1_20260907.edf,focus,unfocus,802.0,806.0
pooled,Existing pooled frozen model,zyf,20260907_zyf_focus_01,data/locked/2026-09-07/zyf_focus1_20260907.edf,focus,focus,804.0,808.0
pooled,Existing pooled frozen model,zyf,20260907_zyf_focus_01,data/locked/2026-09-07/zyf_focus1_20260907.edf,focus,focus,806.0,810.0
pooled,Existing pooled frozen model,zyf,20260907_zyf_focus_01,data/locked/2026-09-07/zyf_focus1_20260907.edf,focus,unfocus,808.0,812.0
pooled,Existing pooled frozen model,zyf,20260907_zyf_focus_01,data/locked/2026-09-07/zyf_focus1_20260907.edf,focus,unfocus,810.0,814.0
pooled,Existing pooled frozen model,zyf,20260907_zyf_focus_01,data/locked/2026-09-07/zyf_focus1_20260907.edf,focus,unfocus,812.0,816.0
pooled,Existing pooled frozen model,zyf,20260907_zyf_focus_01,data/locked/2026-09-07/zyf_focus1_20260907.edf,focus,unfocus,814.0,818.0
pooled,Existing pooled frozen model,zyf,20260907_zyf_focus_01,data/locked/2026-09-07/zyf_focus1_20260907.edf,focus,unfocus,816.0,820.0
pooled,Existing pooled frozen model,zyf,20260907_zyf_focus_01,data/locked/2026-09-07/zyf_focus1_20260907.edf,focus,unfocus,818.0,822.0
pooled,Existing pooled frozen model,zyf,20260907_zyf_focus_01,data/locked/2026-09-07/zyf_focus1_20260907.edf,focus,unfocus,820.0,824.0
pooled,Existing pooled frozen model,zyf,20260907_zyf_focus_01,data/locked/2026-09-07/zyf_focus1_20260907.edf,focus,unfocus,822.0,826.0
pooled,Existing pooled frozen model,zyf,20260907_zyf_focus_01,data/locked/2026-09-07/zyf_focus1_20260907.edf,focus,unfocus,824.0,828.0
pooled,Existing pooled frozen model,zyf,20260907_zyf_focus_01,data/locked/2026-09-07/zyf_focus1_20260907.edf,focus,unfocus,826.0,830.0
pooled,Existing pooled frozen model,zyf,20260907_zyf_focus_01,data/locked/2026-09-07/zyf_focus1_20260907.edf,focus,unfocus,828.0,832.0
pooled,Existing pooled frozen model,zyf,20260907_zyf_focus_01,data/locked/2026-09-07/zyf_focus1_20260907.edf,focus,unfocus,830.0,834.0
pooled,Existing pooled frozen model,zyf,20260907_zyf_focus_01,data/locked/2026-09-07/zyf_focus1_20260907.edf,focus,focus,832.0,836.0
pooled,Existing pooled frozen model,zyf,20260907_zyf_focus_01,data/locked/2026-09-07/zyf_focus1_20260907.edf,focus,focus,834.0,838.0
pooled,Existing pooled frozen model,zyf,20260907_zyf_focus_01,data/locked/2026-09-07/zyf_focus1_20260907.edf,focus,unfocus,836.0,840.0
pooled,Existing pooled frozen model,zyf,20260907_zyf_focus_01,data/locked/2026-09-07/zyf_focus1_20260907.edf,focus,unfocus,838.0,842.0
pooled,Existing pooled frozen model,zyf,20260907_zyf_focus_01,data/locked/2026-09-07/zyf_focus1_20260907.edf,focus,unfocus,840.0,844.0
pooled,Existing pooled frozen model,zyf,20260907_zyf_focus_01,data/locked/2026-09-07/zyf_focus1_20260907.edf,focus,unfocus,842.0,846.0
pooled,Existing pooled frozen model,zyf,20260907_zyf_focus_01,data/locked/2026-09-07/zyf_focus1_20260907.edf,focus,unfocus,844.0,848.0
pooled,Existing pooled frozen model,zyf,20260907_zyf_focus_01,data/locked/2026-09-07/zyf_focus1_20260907.edf,focus,unfocus,846.0,850.0
pooled,Existing pooled frozen model,zyf,20260907_zyf_focus_01,data/locked/2026-09-07/zyf_focus1_20260907.edf,focus,unfocus,848.0,852.0
pooled,Existing pooled frozen model,zyf,20260907_zyf_focus_01,data/locked/2026-09-07/zyf_focus1_20260907.edf,focus,unfocus,850.0,854.0
pooled,Existing pooled frozen model,zyf,20260907_zyf_focus_01,data/locked/2026-09-07/zyf_focus1_20260907.edf,focus,unfocus,852.0,856.0
pooled,Existing pooled frozen model,zyf,20260907_zyf_focus_01,data/locked/2026-09-07/zyf_focus1_20260907.edf,focus,unfocus,854.0,858.0
pooled,Existing pooled frozen model,zyf,20260907_zyf_focus_01,data/locked/2026-09-07/zyf_focus1_20260907.edf,focus,unfocus,856.0,860.0
pooled,Existing pooled frozen model,zyf,20260907_zyf_focus_01,data/locked/2026-09-07/zyf_focus1_20260907.edf,focus,unfocus,858.0,862.0
pooled,Existing pooled frozen model,zyf,20260907_zyf_focus_01,data/locked/2026-09-07/zyf_focus1_20260907.edf,focus,unfocus,860.0,864.0
pooled,Existing pooled frozen model,zyf,20260907_zyf_focus_01,data/locked/2026-09-07/zyf_focus1_20260907.edf,focus,unfocus,862.0,866.0
pooled,Existing pooled frozen model,zyf,20260907_zyf_focus_01,data/locked/2026-09-07/zyf_focus1_20260907.edf,focus,unfocus,864.0,868.0
pooled,Existing pooled frozen model,zyf,20260907_zyf_focus_01,data/locked/2026-09-07/zyf_focus1_20260907.edf,focus,unfocus,866.0,870.0
pooled,Existing pooled frozen model,zyf,20260907_zyf_focus_01,data/locked/2026-09-07/zyf_focus1_20260907.edf,focus,unfocus,868.0,872.0
pooled,Existing pooled frozen model,zyf,20260907_zyf_focus_01,data/locked/2026-09-07/zyf_focus1_20260907.edf,focus,unfocus,870.0,874.0
pooled,Existing pooled frozen model,zyf,20260907_zyf_focus_01,data/locked/2026-09-07/zyf_focus1_20260907.edf,focus,unfocus,872.0,876.0
pooled,Existing pooled frozen model,zyf,20260907_zyf_focus_01,data/locked/2026-09-07/zyf_focus1_20260907.edf,focus,unfocus,874.0,878.0
pooled,Existing pooled frozen model,zyf,20260907_zyf_focus_01,data/locked/2026-09-07/zyf_focus1_20260907.edf,focus,unfocus,876.0,880.0
lyc_personal,lyc personal model,zyf,20260907_zyf_focus_01,data/locked/2026-09-07/zyf_focus1_20260907.edf,focus,focus,30.0,34.0
lyc_personal,lyc personal model,zyf,20260907_zyf_focus_01,data/locked/2026-09-07/zyf_focus1_20260907.edf,focus,focus,32.0,36.0
lyc_personal,lyc personal model,zyf,20260907_zyf_focus_01,data/locked/2026-09-07/zyf_focus1_20260907.edf,focus,focus,34.0,38.0
lyc_personal,lyc personal model,zyf,20260907_zyf_focus_01,data/locked/2026-09-07/zyf_focus1_20260907.edf,focus,focus,36.0,40.0
lyc_personal,lyc personal model,zyf,20260907_zyf_focus_01,data/locked/2026-09-07/zyf_focus1_20260907.edf,focus,focus,38.0,42.0
lyc_personal,lyc personal model,zyf,20260907_zyf_focus_01,data/locked/2026-09-07/zyf_focus1_20260907.edf,focus,focus,40.0,44.0
lyc_personal,lyc personal model,zyf,20260907_zyf_focus_01,data/locked/2026-09-07/zyf_focus1_20260907.edf,focus,focus,42.0,46.0
lyc_personal,lyc personal model,zyf,20260907_zyf_focus_01,data/locked/2026-09-07/zyf_focus1_20260907.edf,focus,focus,44.0,48.0
lyc_personal,lyc personal model,zyf,20260907_zyf_focus_01,data/locked/2026-09-07/zyf_focus1_20260907.edf,focus,focus,46.0,50.0
lyc_personal,lyc personal model,zyf,20260907_zyf_focus_01,data/locked/2026-09-07/zyf_focus1_20260907.edf,focus,focus,48.0,52.0
lyc_personal,lyc personal model,zyf,20260907_zyf_focus_01,data/locked/2026-09-07/zyf_focus1_20260907.edf,focus,focus,50.0,54.0
lyc_personal,lyc personal model,zyf,20260907_zyf_focus_01,data/locked/2026-09-07/zyf_focus1_20260907.edf,focus,focus,52.0,56.0
lyc_personal,lyc personal model,zyf,20260907_zyf_focus_01,data/locked/2026-09-07/zyf_focus1_20260907.edf,focus,focus,54.0,58.0
lyc_personal,lyc personal model,zyf,20260907_zyf_focus_01,data/locked/2026-09-07/zyf_focus1_20260907.edf,focus,focus,56.0,60.0
lyc_personal,lyc personal model,zyf,20260907_zyf_focus_01,data/locked/2026-09-07/zyf_focus1_20260907.edf,focus,focus,58.0,62.0
lyc_personal,lyc personal model,zyf,20260907_zyf_focus_01,data/locked/2026-09-07/zyf_focus1_20260907.edf,focus,focus,60.0,64.0
lyc_personal,lyc personal model,zyf,20260907_zyf_focus_01,data/locked/2026-09-07/zyf_focus1_20260907.edf,focus,focus,62.0,66.0
lyc_personal,lyc personal model,zyf,20260907_zyf_focus_01,data/locked/2026-09-07/zyf_focus1_20260907.edf,focus,focus,64.0,68.0
lyc_personal,lyc personal model,zyf,20260907_zyf_focus_01,data/locked/2026-09-07/zyf_focus1_20260907.edf,focus,focus,66.0,70.0
lyc_personal,lyc personal model,zyf,20260907_zyf_focus_01,data/locked/2026-09-07/zyf_focus1_20260907.edf,focus,focus,68.0,72.0
lyc_personal,lyc personal model,zyf,20260907_zyf_focus_01,data/locked/2026-09-07/zyf_focus1_20260907.edf,focus,focus,70.0,74.0
lyc_personal,lyc personal model,zyf,20260907_zyf_focus_01,data/locked/2026-09-07/zyf_focus1_20260907.edf,focus,focus,72.0,76.0
lyc_personal,lyc personal model,zyf,20260907_zyf_focus_01,data/locked/2026-09-07/zyf_focus1_20260907.edf,focus,focus,74.0,78.0
lyc_personal,lyc personal model,zyf,20260907_zyf_focus_01,data/locked/2026-09-07/zyf_focus1_20260907.edf,focus,focus,76.0,80.0
lyc_personal,lyc personal model,zyf,20260907_zyf_focus_01,data/locked/2026-09-07/zyf_focus1_20260907.edf,focus,focus,78.0,82.0
lyc_personal,lyc personal model,zyf,20260907_zyf_focus_01,data/locked/2026-09-07/zyf_focus1_20260907.edf,focus,focus,80.0,84.0
lyc_personal,lyc personal model,zyf,20260907_zyf_focus_01,data/locked/2026-09-07/zyf_focus1_20260907.edf,focus,focus,82.0,86.0
lyc_personal,lyc personal model,zyf,20260907_zyf_focus_01,data/locked/2026-09-07/zyf_focus1_20260907.edf,focus,focus,84.0,88.0
lyc_personal,lyc personal model,zyf,20260907_zyf_focus_01,data/locked/2026-09-07/zyf_focus1_20260907.edf,focus,focus,86.0,90.0
lyc_personal,lyc personal model,zyf,20260907_zyf_focus_01,data/locked/2026-09-07/zyf_focus1_20260907.edf,focus,focus,88.0,92.0
lyc_personal,lyc personal model,zyf,20260907_zyf_focus_01,data/locked/2026-09-07/zyf_focus1_20260907.edf,focus,focus,90.0,94.0
lyc_personal,lyc personal model,zyf,20260907_zyf_focus_01,data/locked/2026-09-07/zyf_focus1_20260907.edf,focus,focus,92.0,96.0
lyc_personal,lyc personal model,zyf,20260907_zyf_focus_01,data/locked/2026-09-07/zyf_focus1_20260907.edf,focus,focus,94.0,98.0
lyc_personal,lyc personal model,zyf,20260907_zyf_focus_01,data/locked/2026-09-07/zyf_focus1_20260907.edf,focus,focus,96.0,100.0
lyc_personal,lyc personal model,zyf,20260907_zyf_focus_01,data/locked/2026-09-07/zyf_focus1_20260907.edf,focus,focus,98.0,102.0
lyc_personal,lyc personal model,zyf,20260907_zyf_focus_01,data/locked/2026-09-07/zyf_focus1_20260907.edf,focus,focus,100.0,104.0
lyc_personal,lyc personal model,zyf,20260907_zyf_focus_01,data/locked/2026-09-07/zyf_focus1_20260907.edf,focus,focus,102.0,106.0
lyc_personal,lyc personal model,zyf,20260907_zyf_focus_01,data/locked/2026-09-07/zyf_focus1_20260907.edf,focus,focus,104.0,108.0
lyc_personal,lyc personal model,zyf,20260907_zyf_focus_01,data/locked/2026-09-07/zyf_focus1_20260907.edf,focus,focus,106.0,110.0
lyc_personal,lyc personal model,zyf,20260907_zyf_focus_01,data/locked/2026-09-07/zyf_focus1_20260907.edf,focus,focus,108.0,112.0
lyc_personal,lyc personal model,zyf,20260907_zyf_focus_01,data/locked/2026-09-07/zyf_focus1_20260907.edf,focus,focus,110.0,114.0
lyc_personal,lyc personal model,zyf,20260907_zyf_focus_01,data/locked/2026-09-07/zyf_focus1_20260907.edf,focus,focus,112.0,116.0
lyc_personal,lyc personal model,zyf,20260907_zyf_focus_01,data/locked/2026-09-07/zyf_focus1_20260907.edf,focus,focus,114.0,118.0
lyc_personal,lyc personal model,zyf,20260907_zyf_focus_01,data/locked/2026-09-07/zyf_focus1_20260907.edf,focus,focus,116.0,120.0
lyc_personal,lyc personal model,zyf,20260907_zyf_focus_01,data/locked/2026-09-07/zyf_focus1_20260907.edf,focus,focus,118.0,122.0
lyc_personal,lyc personal model,zyf,20260907_zyf_focus_01,data/locked/2026-09-07/zyf_focus1_20260907.edf,focus,focus,120.0,124.0
lyc_personal,lyc personal model,zyf,20260907_zyf_focus_01,data/locked/2026-09-07/zyf_focus1_20260907.edf,focus,focus,122.0,126.0
lyc_personal,lyc personal model,zyf,20260907_zyf_focus_01,data/locked/2026-09-07/zyf_focus1_20260907.edf,focus,focus,124.0,128.0
lyc_personal,lyc personal model,zyf,20260907_zyf_focus_01,data/locked/2026-09-07/zyf_focus1_20260907.edf,focus,focus,126.0,130.0
lyc_personal,lyc personal model,zyf,20260907_zyf_focus_01,data/locked/2026-09-07/zyf_focus1_20260907.edf,focus,focus,128.0,132.0
lyc_personal,lyc personal model,zyf,20260907_zyf_focus_01,data/locked/2026-09-07/zyf_focus1_20260907.edf,focus,focus,130.0,134.0
lyc_personal,lyc personal model,zyf,20260907_zyf_focus_01,data/locked/2026-09-07/zyf_focus1_20260907.edf,focus,focus,132.0,136.0
lyc_personal,lyc personal model,zyf,20260907_zyf_focus_01,data/locked/2026-09-07/zyf_focus1_20260907.edf,focus,focus,134.0,138.0
lyc_personal,lyc personal model,zyf,20260907_zyf_focus_01,data/locked/2026-09-07/zyf_focus1_20260907.edf,focus,focus,136.0,140.0
lyc_personal,lyc personal model,zyf,20260907_zyf_focus_01,data/locked/2026-09-07/zyf_focus1_20260907.edf,focus,focus,138.0,142.0
lyc_personal,lyc personal model,zyf,20260907_zyf_focus_01,data/locked/2026-09-07/zyf_focus1_20260907.edf,focus,focus,140.0,144.0
lyc_personal,lyc personal model,zyf,20260907_zyf_focus_01,data/locked/2026-09-07/zyf_focus1_20260907.edf,focus,focus,142.0,146.0
lyc_personal,lyc personal model,zyf,20260907_zyf_focus_01,data/locked/2026-09-07/zyf_focus1_20260907.edf,focus,focus,144.0,148.0
lyc_personal,lyc personal model,zyf,20260907_zyf_focus_01,data/locked/2026-09-07/zyf_focus1_20260907.edf,focus,focus,146.0,150.0
lyc_personal,lyc personal model,zyf,20260907_zyf_focus_01,data/locked/2026-09-07/zyf_focus1_20260907.edf,focus,focus,148.0,152.0
lyc_personal,lyc personal model,zyf,20260907_zyf_focus_01,data/locked/2026-09-07/zyf_focus1_20260907.edf,focus,focus,150.0,154.0
lyc_personal,lyc personal model,zyf,20260907_zyf_focus_01,data/locked/2026-09-07/zyf_focus1_20260907.edf,focus,focus,152.0,156.0
lyc_personal,lyc personal model,zyf,20260907_zyf_focus_01,data/locked/2026-09-07/zyf_focus1_20260907.edf,focus,focus,154.0,158.0
lyc_personal,lyc personal model,zyf,20260907_zyf_focus_01,data/locked/2026-09-07/zyf_focus1_20260907.edf,focus,focus,156.0,160.0
lyc_personal,lyc personal model,zyf,20260907_zyf_focus_01,data/locked/2026-09-07/zyf_focus1_20260907.edf,focus,focus,158.0,162.0
lyc_personal,lyc personal model,zyf,20260907_zyf_focus_01,data/locked/2026-09-07/zyf_focus1_20260907.edf,focus,focus,160.0,164.0
lyc_personal,lyc personal model,zyf,20260907_zyf_focus_01,data/locked/2026-09-07/zyf_focus1_20260907.edf,focus,focus,162.0,166.0
lyc_personal,lyc personal model,zyf,20260907_zyf_focus_01,data/locked/2026-09-07/zyf_focus1_20260907.edf,focus,focus,164.0,168.0
lyc_personal,lyc personal model,zyf,20260907_zyf_focus_01,data/locked/2026-09-07/zyf_focus1_20260907.edf,focus,focus,166.0,170.0
lyc_personal,lyc personal model,zyf,20260907_zyf_focus_01,data/locked/2026-09-07/zyf_focus1_20260907.edf,focus,focus,168.0,172.0
lyc_personal,lyc personal model,zyf,20260907_zyf_focus_01,data/locked/2026-09-07/zyf_focus1_20260907.edf,focus,focus,170.0,174.0
lyc_personal,lyc personal model,zyf,20260907_zyf_focus_01,data/locked/2026-09-07/zyf_focus1_20260907.edf,focus,focus,172.0,176.0
lyc_personal,lyc personal model,zyf,20260907_zyf_focus_01,data/locked/2026-09-07/zyf_focus1_20260907.edf,focus,focus,174.0,178.0
lyc_personal,lyc personal model,zyf,20260907_zyf_focus_01,data/locked/2026-09-07/zyf_focus1_20260907.edf,focus,focus,176.0,180.0
lyc_personal,lyc personal model,zyf,20260907_zyf_focus_01,data/locked/2026-09-07/zyf_focus1_20260907.edf,focus,focus,178.0,182.0
lyc_personal,lyc personal model,zyf,20260907_zyf_focus_01,data/locked/2026-09-07/zyf_focus1_20260907.edf,focus,focus,180.0,184.0
lyc_personal,lyc personal model,zyf,20260907_zyf_focus_01,data/locked/2026-09-07/zyf_focus1_20260907.edf,focus,focus,182.0,186.0
lyc_personal,lyc personal model,zyf,20260907_zyf_focus_01,data/locked/2026-09-07/zyf_focus1_20260907.edf,focus,focus,184.0,188.0
lyc_personal,lyc personal model,zyf,20260907_zyf_focus_01,data/locked/2026-09-07/zyf_focus1_20260907.edf,focus,focus,186.0,190.0
lyc_personal,lyc personal model,zyf,20260907_zyf_focus_01,data/locked/2026-09-07/zyf_focus1_20260907.edf,focus,focus,188.0,192.0
lyc_personal,lyc personal model,zyf,20260907_zyf_focus_01,data/locked/2026-09-07/zyf_focus1_20260907.edf,focus,focus,190.0,194.0
lyc_personal,lyc personal model,zyf,20260907_zyf_focus_01,data/locked/2026-09-07/zyf_focus1_20260907.edf,focus,focus,192.0,196.0
lyc_personal,lyc personal model,zyf,20260907_zyf_focus_01,data/locked/2026-09-07/zyf_focus1_20260907.edf,focus,focus,194.0,198.0
lyc_personal,lyc personal model,zyf,20260907_zyf_focus_01,data/locked/2026-09-07/zyf_focus1_20260907.edf,focus,focus,196.0,200.0
lyc_personal,lyc personal model,zyf,20260907_zyf_focus_01,data/locked/2026-09-07/zyf_focus1_20260907.edf,focus,focus,198.0,202.0
lyc_personal,lyc personal model,zyf,20260907_zyf_focus_01,data/locked/2026-09-07/zyf_focus1_20260907.edf,focus,focus,200.0,204.0
lyc_personal,lyc personal model,zyf,20260907_zyf_focus_01,data/locked/2026-09-07/zyf_focus1_20260907.edf,focus,focus,202.0,206.0
lyc_personal,lyc personal model,zyf,20260907_zyf_focus_01,data/locked/2026-09-07/zyf_focus1_20260907.edf,focus,focus,204.0,208.0
lyc_personal,lyc personal model,zyf,20260907_zyf_focus_01,data/locked/2026-09-07/zyf_focus1_20260907.edf,focus,focus,206.0,210.0
lyc_personal,lyc personal model,zyf,20260907_zyf_focus_01,data/locked/2026-09-07/zyf_focus1_20260907.edf,focus,focus,208.0,212.0
lyc_personal,lyc personal model,zyf,20260907_zyf_focus_01,data/locked/2026-09-07/zyf_focus1_20260907.edf,focus,focus,210.0,214.0
lyc_personal,lyc personal model,zyf,20260907_zyf_focus_01,data/locked/2026-09-07/zyf_focus1_20260907.edf,focus,focus,212.0,216.0
lyc_personal,lyc personal model,zyf,20260907_zyf_focus_01,data/locked/2026-09-07/zyf_focus1_20260907.edf,focus,focus,214.0,218.0
lyc_personal,lyc personal model,zyf,20260907_zyf_focus_01,data/locked/2026-09-07/zyf_focus1_20260907.edf,focus,focus,216.0,220.0
lyc_personal,lyc personal model,zyf,20260907_zyf_focus_01,data/locked/2026-09-07/zyf_focus1_20260907.edf,focus,focus,218.0,222.0
lyc_personal,lyc personal model,zyf,20260907_zyf_focus_01,data/locked/2026-09-07/zyf_focus1_20260907.edf,focus,focus,220.0,224.0
lyc_personal,lyc personal model,zyf,20260907_zyf_focus_01,data/locked/2026-09-07/zyf_focus1_20260907.edf,focus,focus,222.0,226.0
lyc_personal,lyc personal model,zyf,20260907_zyf_focus_01,data/locked/2026-09-07/zyf_focus1_20260907.edf,focus,focus,224.0,228.0
lyc_personal,lyc personal model,zyf,20260907_zyf_focus_01,data/locked/2026-09-07/zyf_focus1_20260907.edf,focus,focus,226.0,230.0
lyc_personal,lyc personal model,zyf,20260907_zyf_focus_01,data/locked/2026-09-07/zyf_focus1_20260907.edf,focus,focus,228.0,232.0
lyc_personal,lyc personal model,zyf,20260907_zyf_focus_01,data/locked/2026-09-07/zyf_focus1_20260907.edf,focus,focus,230.0,234.0
lyc_personal,lyc personal model,zyf,20260907_zyf_focus_01,data/locked/2026-09-07/zyf_focus1_20260907.edf,focus,focus,232.0,236.0
lyc_personal,lyc personal model,zyf,20260907_zyf_focus_01,data/locked/2026-09-07/zyf_focus1_20260907.edf,focus,focus,234.0,238.0
lyc_personal,lyc personal model,zyf,20260907_zyf_focus_01,data/locked/2026-09-07/zyf_focus1_20260907.edf,focus,focus,236.0,240.0
lyc_personal,lyc personal model,zyf,20260907_zyf_focus_01,data/locked/2026-09-07/zyf_focus1_20260907.edf,focus,focus,238.0,242.0
lyc_personal,lyc personal model,zyf,20260907_zyf_focus_01,data/locked/2026-09-07/zyf_focus1_20260907.edf,focus,focus,240.0,244.0
lyc_personal,lyc personal model,zyf,20260907_zyf_focus_01,data/locked/2026-09-07/zyf_focus1_20260907.edf,focus,focus,242.0,246.0
lyc_personal,lyc personal model,zyf,20260907_zyf_focus_01,data/locked/2026-09-07/zyf_focus1_20260907.edf,focus,focus,244.0,248.0
lyc_personal,lyc personal model,zyf,20260907_zyf_focus_01,data/locked/2026-09-07/zyf_focus1_20260907.edf,focus,focus,246.0,250.0
lyc_personal,lyc personal model,zyf,20260907_zyf_focus_01,data/locked/2026-09-07/zyf_focus1_20260907.edf,focus,focus,248.0,252.0
lyc_personal,lyc personal model,zyf,20260907_zyf_focus_01,data/locked/2026-09-07/zyf_focus1_20260907.edf,focus,focus,250.0,254.0
lyc_personal,lyc personal model,zyf,20260907_zyf_focus_01,data/locked/2026-09-07/zyf_focus1_20260907.edf,focus,focus,252.0,256.0
lyc_personal,lyc personal model,zyf,20260907_zyf_focus_01,data/locked/2026-09-07/zyf_focus1_20260907.edf,focus,focus,254.0,258.0
lyc_personal,lyc personal model,zyf,20260907_zyf_focus_01,data/locked/2026-09-07/zyf_focus1_20260907.edf,focus,focus,256.0,260.0
lyc_personal,lyc personal model,zyf,20260907_zyf_focus_01,data/locked/2026-09-07/zyf_focus1_20260907.edf,focus,focus,258.0,262.0
lyc_personal,lyc personal model,zyf,20260907_zyf_focus_01,data/locked/2026-09-07/zyf_focus1_20260907.edf,focus,focus,260.0,264.0
lyc_personal,lyc personal model,zyf,20260907_zyf_focus_01,data/locked/2026-09-07/zyf_focus1_20260907.edf,focus,focus,262.0,266.0
lyc_personal,lyc personal model,zyf,20260907_zyf_focus_01,data/locked/2026-09-07/zyf_focus1_20260907.edf,focus,focus,264.0,268.0
lyc_personal,lyc personal model,zyf,20260907_zyf_focus_01,data/locked/2026-09-07/zyf_focus1_20260907.edf,focus,focus,266.0,270.0
lyc_personal,lyc personal model,zyf,20260907_zyf_focus_01,data/locked/2026-09-07/zyf_focus1_20260907.edf,focus,focus,268.0,272.0
lyc_personal,lyc personal model,zyf,20260907_zyf_focus_01,data/locked/2026-09-07/zyf_focus1_20260907.edf,focus,focus,270.0,274.0
lyc_personal,lyc personal model,zyf,20260907_zyf_focus_01,data/locked/2026-09-07/zyf_focus1_20260907.edf,focus,focus,272.0,276.0
lyc_personal,lyc personal model,zyf,20260907_zyf_focus_01,data/locked/2026-09-07/zyf_focus1_20260907.edf,focus,focus,274.0,278.0
lyc_personal,lyc personal model,zyf,20260907_zyf_focus_01,data/locked/2026-09-07/zyf_focus1_20260907.edf,focus,focus,276.0,280.0
lyc_personal,lyc personal model,zyf,20260907_zyf_focus_01,data/locked/2026-09-07/zyf_focus1_20260907.edf,focus,focus,278.0,282.0
lyc_personal,lyc personal model,zyf,20260907_zyf_focus_01,data/locked/2026-09-07/zyf_focus1_20260907.edf,focus,focus,280.0,284.0
lyc_personal,lyc personal model,zyf,20260907_zyf_focus_01,data/locked/2026-09-07/zyf_focus1_20260907.edf,focus,focus,282.0,286.0
lyc_personal,lyc personal model,zyf,20260907_zyf_focus_01,data/locked/2026-09-07/zyf_focus1_20260907.edf,focus,focus,284.0,288.0
lyc_personal,lyc personal model,zyf,20260907_zyf_focus_01,data/locked/2026-09-07/zyf_focus1_20260907.edf,focus,focus,286.0,290.0
lyc_personal,lyc personal model,zyf,20260907_zyf_focus_01,data/locked/2026-09-07/zyf_focus1_20260907.edf,focus,focus,288.0,292.0
lyc_personal,lyc personal model,zyf,20260907_zyf_focus_01,data/locked/2026-09-07/zyf_focus1_20260907.edf,focus,focus,290.0,294.0
lyc_personal,lyc personal model,zyf,20260907_zyf_focus_01,data/locked/2026-09-07/zyf_focus1_20260907.edf,focus,focus,292.0,296.0
lyc_personal,lyc personal model,zyf,20260907_zyf_focus_01,data/locked/2026-09-07/zyf_focus1_20260907.edf,focus,focus,294.0,298.0
lyc_personal,lyc personal model,zyf,20260907_zyf_focus_01,data/locked/2026-09-07/zyf_focus1_20260907.edf,focus,focus,296.0,300.0
lyc_personal,lyc personal model,zyf,20260907_zyf_focus_01,data/locked/2026-09-07/zyf_focus1_20260907.edf,focus,focus,298.0,302.0
lyc_personal,lyc personal model,zyf,20260907_zyf_focus_01,data/locked/2026-09-07/zyf_focus1_20260907.edf,focus,focus,300.0,304.0
lyc_personal,lyc personal model,zyf,20260907_zyf_focus_01,data/locked/2026-09-07/zyf_focus1_20260907.edf,focus,focus,302.0,306.0
lyc_personal,lyc personal model,zyf,20260907_zyf_focus_01,data/locked/2026-09-07/zyf_focus1_20260907.edf,focus,focus,304.0,308.0
lyc_personal,lyc personal model,zyf,20260907_zyf_focus_01,data/locked/2026-09-07/zyf_focus1_20260907.edf,focus,focus,306.0,310.0
lyc_personal,lyc personal model,zyf,20260907_zyf_focus_01,data/locked/2026-09-07/zyf_focus1_20260907.edf,focus,focus,308.0,312.0
lyc_personal,lyc personal model,zyf,20260907_zyf_focus_01,data/locked/2026-09-07/zyf_focus1_20260907.edf,focus,focus,310.0,314.0
lyc_personal,lyc personal model,zyf,20260907_zyf_focus_01,data/locked/2026-09-07/zyf_focus1_20260907.edf,focus,focus,312.0,316.0
lyc_personal,lyc personal model,zyf,20260907_zyf_focus_01,data/locked/2026-09-07/zyf_focus1_20260907.edf,focus,focus,314.0,318.0
lyc_personal,lyc personal model,zyf,20260907_zyf_focus_01,data/locked/2026-09-07/zyf_focus1_20260907.edf,focus,focus,316.0,320.0
lyc_personal,lyc personal model,zyf,20260907_zyf_focus_01,data/locked/2026-09-07/zyf_focus1_20260907.edf,focus,focus,318.0,322.0
lyc_personal,lyc personal model,zyf,20260907_zyf_focus_01,data/locked/2026-09-07/zyf_focus1_20260907.edf,focus,focus,320.0,324.0
lyc_personal,lyc personal model,zyf,20260907_zyf_focus_01,data/locked/2026-09-07/zyf_focus1_20260907.edf,focus,focus,322.0,326.0
lyc_personal,lyc personal model,zyf,20260907_zyf_focus_01,data/locked/2026-09-07/zyf_focus1_20260907.edf,focus,focus,324.0,328.0
lyc_personal,lyc personal model,zyf,20260907_zyf_focus_01,data/locked/2026-09-07/zyf_focus1_20260907.edf,focus,focus,326.0,330.0
lyc_personal,lyc personal model,zyf,20260907_zyf_focus_01,data/locked/2026-09-07/zyf_focus1_20260907.edf,focus,focus,328.0,332.0
lyc_personal,lyc personal model,zyf,20260907_zyf_focus_01,data/locked/2026-09-07/zyf_focus1_20260907.edf,focus,focus,330.0,334.0
lyc_personal,lyc personal model,zyf,20260907_zyf_focus_01,data/locked/2026-09-07/zyf_focus1_20260907.edf,focus,focus,332.0,336.0
lyc_personal,lyc personal model,zyf,20260907_zyf_focus_01,data/locked/2026-09-07/zyf_focus1_20260907.edf,focus,focus,334.0,338.0
lyc_personal,lyc personal model,zyf,20260907_zyf_focus_01,data/locked/2026-09-07/zyf_focus1_20260907.edf,focus,focus,336.0,340.0
lyc_personal,lyc personal model,zyf,20260907_zyf_focus_01,data/locked/2026-09-07/zyf_focus1_20260907.edf,focus,focus,338.0,342.0
lyc_personal,lyc personal model,zyf,20260907_zyf_focus_01,data/locked/2026-09-07/zyf_focus1_20260907.edf,focus,focus,340.0,344.0
lyc_personal,lyc personal model,zyf,20260907_zyf_focus_01,data/locked/2026-09-07/zyf_focus1_20260907.edf,focus,focus,342.0,346.0
lyc_personal,lyc personal model,zyf,20260907_zyf_focus_01,data/locked/2026-09-07/zyf_focus1_20260907.edf,focus,focus,344.0,348.0
lyc_personal,lyc personal model,zyf,20260907_zyf_focus_01,data/locked/2026-09-07/zyf_focus1_20260907.edf,focus,focus,346.0,350.0
lyc_personal,lyc personal model,zyf,20260907_zyf_focus_01,data/locked/2026-09-07/zyf_focus1_20260907.edf,focus,focus,348.0,352.0
lyc_personal,lyc personal model,zyf,20260907_zyf_focus_01,data/locked/2026-09-07/zyf_focus1_20260907.edf,focus,focus,350.0,354.0
lyc_personal,lyc personal model,zyf,20260907_zyf_focus_01,data/locked/2026-09-07/zyf_focus1_20260907.edf,focus,focus,352.0,356.0
lyc_personal,lyc personal model,zyf,20260907_zyf_focus_01,data/locked/2026-09-07/zyf_focus1_20260907.edf,focus,focus,354.0,358.0
lyc_personal,lyc personal model,zyf,20260907_zyf_focus_01,data/locked/2026-09-07/zyf_focus1_20260907.edf,focus,focus,356.0,360.0
lyc_personal,lyc personal model,zyf,20260907_zyf_focus_01,data/locked/2026-09-07/zyf_focus1_20260907.edf,focus,focus,358.0,362.0
lyc_personal,lyc personal model,zyf,20260907_zyf_focus_01,data/locked/2026-09-07/zyf_focus1_20260907.edf,focus,focus,360.0,364.0
lyc_personal,lyc personal model,zyf,20260907_zyf_focus_01,data/locked/2026-09-07/zyf_focus1_20260907.edf,focus,focus,362.0,366.0
lyc_personal,lyc personal model,zyf,20260907_zyf_focus_01,data/locked/2026-09-07/zyf_focus1_20260907.edf,focus,focus,364.0,368.0
lyc_personal,lyc personal model,zyf,20260907_zyf_focus_01,data/locked/2026-09-07/zyf_focus1_20260907.edf,focus,focus,366.0,370.0
lyc_personal,lyc personal model,zyf,20260907_zyf_focus_01,data/locked/2026-09-07/zyf_focus1_20260907.edf,focus,focus,368.0,372.0
lyc_personal,lyc personal model,zyf,20260907_zyf_focus_01,data/locked/2026-09-07/zyf_focus1_20260907.edf,focus,focus,370.0,374.0
lyc_personal,lyc personal model,zyf,20260907_zyf_focus_01,data/locked/2026-09-07/zyf_focus1_20260907.edf,focus,focus,372.0,376.0
lyc_personal,lyc personal model,zyf,20260907_zyf_focus_01,data/locked/2026-09-07/zyf_focus1_20260907.edf,focus,focus,374.0,378.0
lyc_personal,lyc personal model,zyf,20260907_zyf_focus_01,data/locked/2026-09-07/zyf_focus1_20260907.edf,focus,focus,376.0,380.0
lyc_personal,lyc personal model,zyf,20260907_zyf_focus_01,data/locked/2026-09-07/zyf_focus1_20260907.edf,focus,focus,378.0,382.0
lyc_personal,lyc personal model,zyf,20260907_zyf_focus_01,data/locked/2026-09-07/zyf_focus1_20260907.edf,focus,focus,380.0,384.0
lyc_personal,lyc personal model,zyf,20260907_zyf_focus_01,data/locked/2026-09-07/zyf_focus1_20260907.edf,focus,focus,382.0,386.0
lyc_personal,lyc personal model,zyf,20260907_zyf_focus_01,data/locked/2026-09-07/zyf_focus1_20260907.edf,focus,focus,384.0,388.0
lyc_personal,lyc personal model,zyf,20260907_zyf_focus_01,data/locked/2026-09-07/zyf_focus1_20260907.edf,focus,focus,386.0,390.0
lyc_personal,lyc personal model,zyf,20260907_zyf_focus_01,data/locked/2026-09-07/zyf_focus1_20260907.edf,focus,focus,388.0,392.0
lyc_personal,lyc personal model,zyf,20260907_zyf_focus_01,data/locked/2026-09-07/zyf_focus1_20260907.edf,focus,focus,390.0,394.0
lyc_personal,lyc personal model,zyf,20260907_zyf_focus_01,data/locked/2026-09-07/zyf_focus1_20260907.edf,focus,focus,392.0,396.0
lyc_personal,lyc personal model,zyf,20260907_zyf_focus_01,data/locked/2026-09-07/zyf_focus1_20260907.edf,focus,focus,394.0,398.0
lyc_personal,lyc personal model,zyf,20260907_zyf_focus_01,data/locked/2026-09-07/zyf_focus1_20260907.edf,focus,focus,396.0,400.0
lyc_personal,lyc personal model,zyf,20260907_zyf_focus_01,data/locked/2026-09-07/zyf_focus1_20260907.edf,focus,focus,398.0,402.0
lyc_personal,lyc personal model,zyf,20260907_zyf_focus_01,data/locked/2026-09-07/zyf_focus1_20260907.edf,focus,focus,400.0,404.0
lyc_personal,lyc personal model,zyf,20260907_zyf_focus_01,data/locked/2026-09-07/zyf_focus1_20260907.edf,focus,focus,402.0,406.0
lyc_personal,lyc personal model,zyf,20260907_zyf_focus_01,data/locked/2026-09-07/zyf_focus1_20260907.edf,focus,focus,404.0,408.0
lyc_personal,lyc personal model,zyf,20260907_zyf_focus_01,data/locked/2026-09-07/zyf_focus1_20260907.edf,focus,focus,406.0,410.0
lyc_personal,lyc personal model,zyf,20260907_zyf_focus_01,data/locked/2026-09-07/zyf_focus1_20260907.edf,focus,focus,408.0,412.0
lyc_personal,lyc personal model,zyf,20260907_zyf_focus_01,data/locked/2026-09-07/zyf_focus1_20260907.edf,focus,focus,410.0,414.0
lyc_personal,lyc personal model,zyf,20260907_zyf_focus_01,data/locked/2026-09-07/zyf_focus1_20260907.edf,focus,focus,412.0,416.0
lyc_personal,lyc personal model,zyf,20260907_zyf_focus_01,data/locked/2026-09-07/zyf_focus1_20260907.edf,focus,focus,414.0,418.0
lyc_personal,lyc personal model,zyf,20260907_zyf_focus_01,data/locked/2026-09-07/zyf_focus1_20260907.edf,focus,focus,416.0,420.0
lyc_personal,lyc personal model,zyf,20260907_zyf_focus_01,data/locked/2026-09-07/zyf_focus1_20260907.edf,focus,focus,418.0,422.0
lyc_personal,lyc personal model,zyf,20260907_zyf_focus_01,data/locked/2026-09-07/zyf_focus1_20260907.edf,focus,focus,420.0,424.0
lyc_personal,lyc personal model,zyf,20260907_zyf_focus_01,data/locked/2026-09-07/zyf_focus1_20260907.edf,focus,focus,422.0,426.0
lyc_personal,lyc personal model,zyf,20260907_zyf_focus_01,data/locked/2026-09-07/zyf_focus1_20260907.edf,focus,focus,424.0,428.0
lyc_personal,lyc personal model,zyf,20260907_zyf_focus_01,data/locked/2026-09-07/zyf_focus1_20260907.edf,focus,focus,426.0,430.0
lyc_personal,lyc personal model,zyf,20260907_zyf_focus_01,data/locked/2026-09-07/zyf_focus1_20260907.edf,focus,focus,428.0,432.0
lyc_personal,lyc personal model,zyf,20260907_zyf_focus_01,data/locked/2026-09-07/zyf_focus1_20260907.edf,focus,focus,430.0,434.0
lyc_personal,lyc personal model,zyf,20260907_zyf_focus_01,data/locked/2026-09-07/zyf_focus1_20260907.edf,focus,focus,432.0,436.0
lyc_personal,lyc personal model,zyf,20260907_zyf_focus_01,data/locked/2026-09-07/zyf_focus1_20260907.edf,focus,focus,434.0,438.0
lyc_personal,lyc personal model,zyf,20260907_zyf_focus_01,data/locked/2026-09-07/zyf_focus1_20260907.edf,focus,focus,436.0,440.0
lyc_personal,lyc personal model,zyf,20260907_zyf_focus_01,data/locked/2026-09-07/zyf_focus1_20260907.edf,focus,focus,438.0,442.0
lyc_personal,lyc personal model,zyf,20260907_zyf_focus_01,data/locked/2026-09-07/zyf_focus1_20260907.edf,focus,focus,440.0,444.0
lyc_personal,lyc personal model,zyf,20260907_zyf_focus_01,data/locked/2026-09-07/zyf_focus1_20260907.edf,focus,focus,442.0,446.0
lyc_personal,lyc personal model,zyf,20260907_zyf_focus_01,data/locked/2026-09-07/zyf_focus1_20260907.edf,focus,focus,444.0,448.0
lyc_personal,lyc personal model,zyf,20260907_zyf_focus_01,data/locked/2026-09-07/zyf_focus1_20260907.edf,focus,focus,446.0,450.0
lyc_personal,lyc personal model,zyf,20260907_zyf_focus_01,data/locked/2026-09-07/zyf_focus1_20260907.edf,focus,focus,448.0,452.0
lyc_personal,lyc personal model,zyf,20260907_zyf_focus_01,data/locked/2026-09-07/zyf_focus1_20260907.edf,focus,focus,450.0,454.0
lyc_personal,lyc personal model,zyf,20260907_zyf_focus_01,data/locked/2026-09-07/zyf_focus1_20260907.edf,focus,focus,452.0,456.0
lyc_personal,lyc personal model,zyf,20260907_zyf_focus_01,data/locked/2026-09-07/zyf_focus1_20260907.edf,focus,focus,454.0,458.0
lyc_personal,lyc personal model,zyf,20260907_zyf_focus_01,data/locked/2026-09-07/zyf_focus1_20260907.edf,focus,focus,456.0,460.0
lyc_personal,lyc personal model,zyf,20260907_zyf_focus_01,data/locked/2026-09-07/zyf_focus1_20260907.edf,focus,focus,458.0,462.0
lyc_personal,lyc personal model,zyf,20260907_zyf_focus_01,data/locked/2026-09-07/zyf_focus1_20260907.edf,focus,focus,460.0,464.0
lyc_personal,lyc personal model,zyf,20260907_zyf_focus_01,data/locked/2026-09-07/zyf_focus1_20260907.edf,focus,focus,462.0,466.0
lyc_personal,lyc personal model,zyf,20260907_zyf_focus_01,data/locked/2026-09-07/zyf_focus1_20260907.edf,focus,focus,464.0,468.0
lyc_personal,lyc personal model,zyf,20260907_zyf_focus_01,data/locked/2026-09-07/zyf_focus1_20260907.edf,focus,focus,466.0,470.0
lyc_personal,lyc personal model,zyf,20260907_zyf_focus_01,data/locked/2026-09-07/zyf_focus1_20260907.edf,focus,focus,468.0,472.0
lyc_personal,lyc personal model,zyf,20260907_zyf_focus_01,data/locked/2026-09-07/zyf_focus1_20260907.edf,focus,focus,470.0,474.0
lyc_personal,lyc personal model,zyf,20260907_zyf_focus_01,data/locked/2026-09-07/zyf_focus1_20260907.edf,focus,focus,472.0,476.0
lyc_personal,lyc personal model,zyf,20260907_zyf_focus_01,data/locked/2026-09-07/zyf_focus1_20260907.edf,focus,focus,474.0,478.0
lyc_personal,lyc personal model,zyf,20260907_zyf_focus_01,data/locked/2026-09-07/zyf_focus1_20260907.edf,focus,focus,476.0,480.0
lyc_personal,lyc personal model,zyf,20260907_zyf_focus_01,data/locked/2026-09-07/zyf_focus1_20260907.edf,focus,focus,478.0,482.0
lyc_personal,lyc personal model,zyf,20260907_zyf_focus_01,data/locked/2026-09-07/zyf_focus1_20260907.edf,focus,focus,480.0,484.0
lyc_personal,lyc personal model,zyf,20260907_zyf_focus_01,data/locked/2026-09-07/zyf_focus1_20260907.edf,focus,focus,482.0,486.0
lyc_personal,lyc personal model,zyf,20260907_zyf_focus_01,data/locked/2026-09-07/zyf_focus1_20260907.edf,focus,focus,484.0,488.0
lyc_personal,lyc personal model,zyf,20260907_zyf_focus_01,data/locked/2026-09-07/zyf_focus1_20260907.edf,focus,focus,486.0,490.0
lyc_personal,lyc personal model,zyf,20260907_zyf_focus_01,data/locked/2026-09-07/zyf_focus1_20260907.edf,focus,focus,488.0,492.0
lyc_personal,lyc personal model,zyf,20260907_zyf_focus_01,data/locked/2026-09-07/zyf_focus1_20260907.edf,focus,focus,490.0,494.0
lyc_personal,lyc personal model,zyf,20260907_zyf_focus_01,data/locked/2026-09-07/zyf_focus1_20260907.edf,focus,focus,492.0,496.0
lyc_personal,lyc personal model,zyf,20260907_zyf_focus_01,data/locked/2026-09-07/zyf_focus1_20260907.edf,focus,focus,494.0,498.0
lyc_personal,lyc personal model,zyf,20260907_zyf_focus_01,data/locked/2026-09-07/zyf_focus1_20260907.edf,focus,focus,496.0,500.0
lyc_personal,lyc personal model,zyf,20260907_zyf_focus_01,data/locked/2026-09-07/zyf_focus1_20260907.edf,focus,focus,498.0,502.0
lyc_personal,lyc personal model,zyf,20260907_zyf_focus_01,data/locked/2026-09-07/zyf_focus1_20260907.edf,focus,focus,500.0,504.0
lyc_personal,lyc personal model,zyf,20260907_zyf_focus_01,data/locked/2026-09-07/zyf_focus1_20260907.edf,focus,focus,502.0,506.0
lyc_personal,lyc personal model,zyf,20260907_zyf_focus_01,data/locked/2026-09-07/zyf_focus1_20260907.edf,focus,focus,504.0,508.0
lyc_personal,lyc personal model,zyf,20260907_zyf_focus_01,data/locked/2026-09-07/zyf_focus1_20260907.edf,focus,focus,506.0,510.0
lyc_personal,lyc personal model,zyf,20260907_zyf_focus_01,data/locked/2026-09-07/zyf_focus1_20260907.edf,focus,focus,508.0,512.0
lyc_personal,lyc personal model,zyf,20260907_zyf_focus_01,data/locked/2026-09-07/zyf_focus1_20260907.edf,focus,focus,510.0,514.0
lyc_personal,lyc personal model,zyf,20260907_zyf_focus_01,data/locked/2026-09-07/zyf_focus1_20260907.edf,focus,focus,512.0,516.0
lyc_personal,lyc personal model,zyf,20260907_zyf_focus_01,data/locked/2026-09-07/zyf_focus1_20260907.edf,focus,focus,514.0,518.0
lyc_personal,lyc personal model,zyf,20260907_zyf_focus_01,data/locked/2026-09-07/zyf_focus1_20260907.edf,focus,focus,516.0,520.0
lyc_personal,lyc personal model,zyf,20260907_zyf_focus_01,data/locked/2026-09-07/zyf_focus1_20260907.edf,focus,focus,518.0,522.0
lyc_personal,lyc personal model,zyf,20260907_zyf_focus_01,data/locked/2026-09-07/zyf_focus1_20260907.edf,focus,focus,520.0,524.0
lyc_personal,lyc personal model,zyf,20260907_zyf_focus_01,data/locked/2026-09-07/zyf_focus1_20260907.edf,focus,focus,522.0,526.0
lyc_personal,lyc personal model,zyf,20260907_zyf_focus_01,data/locked/2026-09-07/zyf_focus1_20260907.edf,focus,focus,524.0,528.0
lyc_personal,lyc personal model,zyf,20260907_zyf_focus_01,data/locked/2026-09-07/zyf_focus1_20260907.edf,focus,focus,526.0,530.0
lyc_personal,lyc personal model,zyf,20260907_zyf_focus_01,data/locked/2026-09-07/zyf_focus1_20260907.edf,focus,focus,528.0,532.0
lyc_personal,lyc personal model,zyf,20260907_zyf_focus_01,data/locked/2026-09-07/zyf_focus1_20260907.edf,focus,focus,530.0,534.0
lyc_personal,lyc personal model,zyf,20260907_zyf_focus_01,data/locked/2026-09-07/zyf_focus1_20260907.edf,focus,focus,532.0,536.0
lyc_personal,lyc personal model,zyf,20260907_zyf_focus_01,data/locked/2026-09-07/zyf_focus1_20260907.edf,focus,focus,534.0,538.0
lyc_personal,lyc personal model,zyf,20260907_zyf_focus_01,data/locked/2026-09-07/zyf_focus1_20260907.edf,focus,focus,536.0,540.0
lyc_personal,lyc personal model,zyf,20260907_zyf_focus_01,data/locked/2026-09-07/zyf_focus1_20260907.edf,focus,focus,538.0,542.0
lyc_personal,lyc personal model,zyf,20260907_zyf_focus_01,data/locked/2026-09-07/zyf_focus1_20260907.edf,focus,focus,540.0,544.0
lyc_personal,lyc personal model,zyf,20260907_zyf_focus_01,data/locked/2026-09-07/zyf_focus1_20260907.edf,focus,focus,542.0,546.0
lyc_personal,lyc personal model,zyf,20260907_zyf_focus_01,data/locked/2026-09-07/zyf_focus1_20260907.edf,focus,focus,544.0,548.0
lyc_personal,lyc personal model,zyf,20260907_zyf_focus_01,data/locked/2026-09-07/zyf_focus1_20260907.edf,focus,focus,546.0,550.0
lyc_personal,lyc personal model,zyf,20260907_zyf_focus_01,data/locked/2026-09-07/zyf_focus1_20260907.edf,focus,focus,548.0,552.0
lyc_personal,lyc personal model,zyf,20260907_zyf_focus_01,data/locked/2026-09-07/zyf_focus1_20260907.edf,focus,focus,550.0,554.0
lyc_personal,lyc personal model,zyf,20260907_zyf_focus_01,data/locked/2026-09-07/zyf_focus1_20260907.edf,focus,focus,552.0,556.0
lyc_personal,lyc personal model,zyf,20260907_zyf_focus_01,data/locked/2026-09-07/zyf_focus1_20260907.edf,focus,focus,554.0,558.0
lyc_personal,lyc personal model,zyf,20260907_zyf_focus_01,data/locked/2026-09-07/zyf_focus1_20260907.edf,focus,focus,556.0,560.0
lyc_personal,lyc personal model,zyf,20260907_zyf_focus_01,data/locked/2026-09-07/zyf_focus1_20260907.edf,focus,focus,558.0,562.0
lyc_personal,lyc personal model,zyf,20260907_zyf_focus_01,data/locked/2026-09-07/zyf_focus1_20260907.edf,focus,focus,560.0,564.0
lyc_personal,lyc personal model,zyf,20260907_zyf_focus_01,data/locked/2026-09-07/zyf_focus1_20260907.edf,focus,focus,562.0,566.0
lyc_personal,lyc personal model,zyf,20260907_zyf_focus_01,data/locked/2026-09-07/zyf_focus1_20260907.edf,focus,focus,564.0,568.0
lyc_personal,lyc personal model,zyf,20260907_zyf_focus_01,data/locked/2026-09-07/zyf_focus1_20260907.edf,focus,focus,566.0,570.0
lyc_personal,lyc personal model,zyf,20260907_zyf_focus_01,data/locked/2026-09-07/zyf_focus1_20260907.edf,focus,focus,568.0,572.0
lyc_personal,lyc personal model,zyf,20260907_zyf_focus_01,data/locked/2026-09-07/zyf_focus1_20260907.edf,focus,focus,570.0,574.0
lyc_personal,lyc personal model,zyf,20260907_zyf_focus_01,data/locked/2026-09-07/zyf_focus1_20260907.edf,focus,focus,572.0,576.0
lyc_personal,lyc personal model,zyf,20260907_zyf_focus_01,data/locked/2026-09-07/zyf_focus1_20260907.edf,focus,focus,574.0,578.0
lyc_personal,lyc personal model,zyf,20260907_zyf_focus_01,data/locked/2026-09-07/zyf_focus1_20260907.edf,focus,focus,576.0,580.0
lyc_personal,lyc personal model,zyf,20260907_zyf_focus_01,data/locked/2026-09-07/zyf_focus1_20260907.edf,focus,focus,578.0,582.0
lyc_personal,lyc personal model,zyf,20260907_zyf_focus_01,data/locked/2026-09-07/zyf_focus1_20260907.edf,focus,focus,580.0,584.0
lyc_personal,lyc personal model,zyf,20260907_zyf_focus_01,data/locked/2026-09-07/zyf_focus1_20260907.edf,focus,focus,582.0,586.0
lyc_personal,lyc personal model,zyf,20260907_zyf_focus_01,data/locked/2026-09-07/zyf_focus1_20260907.edf,focus,focus,584.0,588.0
lyc_personal,lyc personal model,zyf,20260907_zyf_focus_01,data/locked/2026-09-07/zyf_focus1_20260907.edf,focus,focus,586.0,590.0
lyc_personal,lyc personal model,zyf,20260907_zyf_focus_01,data/locked/2026-09-07/zyf_focus1_20260907.edf,focus,focus,588.0,592.0
lyc_personal,lyc personal model,zyf,20260907_zyf_focus_01,data/locked/2026-09-07/zyf_focus1_20260907.edf,focus,focus,590.0,594.0
lyc_personal,lyc personal model,zyf,20260907_zyf_focus_01,data/locked/2026-09-07/zyf_focus1_20260907.edf,focus,focus,592.0,596.0
lyc_personal,lyc personal model,zyf,20260907_zyf_focus_01,data/locked/2026-09-07/zyf_focus1_20260907.edf,focus,focus,594.0,598.0
lyc_personal,lyc personal model,zyf,20260907_zyf_focus_01,data/locked/2026-09-07/zyf_focus1_20260907.edf,focus,focus,596.0,600.0
lyc_personal,lyc personal model,zyf,20260907_zyf_focus_01,data/locked/2026-09-07/zyf_focus1_20260907.edf,focus,focus,598.0,602.0
lyc_personal,lyc personal model,zyf,20260907_zyf_focus_01,data/locked/2026-09-07/zyf_focus1_20260907.edf,focus,focus,600.0,604.0
lyc_personal,lyc personal model,zyf,20260907_zyf_focus_01,data/locked/2026-09-07/zyf_focus1_20260907.edf,focus,focus,602.0,606.0
lyc_personal,lyc personal model,zyf,20260907_zyf_focus_01,data/locked/2026-09-07/zyf_focus1_20260907.edf,focus,focus,604.0,608.0
lyc_personal,lyc personal model,zyf,20260907_zyf_focus_01,data/locked/2026-09-07/zyf_focus1_20260907.edf,focus,focus,606.0,610.0
lyc_personal,lyc personal model,zyf,20260907_zyf_focus_01,data/locked/2026-09-07/zyf_focus1_20260907.edf,focus,focus,608.0,612.0
lyc_personal,lyc personal model,zyf,20260907_zyf_focus_01,data/locked/2026-09-07/zyf_focus1_20260907.edf,focus,focus,610.0,614.0
lyc_personal,lyc personal model,zyf,20260907_zyf_focus_01,data/locked/2026-09-07/zyf_focus1_20260907.edf,focus,focus,612.0,616.0
lyc_personal,lyc personal model,zyf,20260907_zyf_focus_01,data/locked/2026-09-07/zyf_focus1_20260907.edf,focus,focus,614.0,618.0
lyc_personal,lyc personal model,zyf,20260907_zyf_focus_01,data/locked/2026-09-07/zyf_focus1_20260907.edf,focus,focus,616.0,620.0
lyc_personal,lyc personal model,zyf,20260907_zyf_focus_01,data/locked/2026-09-07/zyf_focus1_20260907.edf,focus,focus,618.0,622.0
lyc_personal,lyc personal model,zyf,20260907_zyf_focus_01,data/locked/2026-09-07/zyf_focus1_20260907.edf,focus,focus,620.0,624.0
lyc_personal,lyc personal model,zyf,20260907_zyf_focus_01,data/locked/2026-09-07/zyf_focus1_20260907.edf,focus,focus,622.0,626.0
lyc_personal,lyc personal model,zyf,20260907_zyf_focus_01,data/locked/2026-09-07/zyf_focus1_20260907.edf,focus,focus,624.0,628.0
lyc_personal,lyc personal model,zyf,20260907_zyf_focus_01,data/locked/2026-09-07/zyf_focus1_20260907.edf,focus,focus,626.0,630.0
lyc_personal,lyc personal model,zyf,20260907_zyf_focus_01,data/locked/2026-09-07/zyf_focus1_20260907.edf,focus,focus,628.0,632.0
lyc_personal,lyc personal model,zyf,20260907_zyf_focus_01,data/locked/2026-09-07/zyf_focus1_20260907.edf,focus,focus,630.0,634.0
lyc_personal,lyc personal model,zyf,20260907_zyf_focus_01,data/locked/2026-09-07/zyf_focus1_20260907.edf,focus,focus,632.0,636.0
lyc_personal,lyc personal model,zyf,20260907_zyf_focus_01,data/locked/2026-09-07/zyf_focus1_20260907.edf,focus,focus,634.0,638.0
lyc_personal,lyc personal model,zyf,20260907_zyf_focus_01,data/locked/2026-09-07/zyf_focus1_20260907.edf,focus,focus,636.0,640.0
lyc_personal,lyc personal model,zyf,20260907_zyf_focus_01,data/locked/2026-09-07/zyf_focus1_20260907.edf,focus,focus,638.0,642.0
lyc_personal,lyc personal model,zyf,20260907_zyf_focus_01,data/locked/2026-09-07/zyf_focus1_20260907.edf,focus,focus,640.0,644.0
lyc_personal,lyc personal model,zyf,20260907_zyf_focus_01,data/locked/2026-09-07/zyf_focus1_20260907.edf,focus,focus,642.0,646.0
lyc_personal,lyc personal model,zyf,20260907_zyf_focus_01,data/locked/2026-09-07/zyf_focus1_20260907.edf,focus,focus,644.0,648.0
lyc_personal,lyc personal model,zyf,20260907_zyf_focus_01,data/locked/2026-09-07/zyf_focus1_20260907.edf,focus,focus,646.0,650.0
lyc_personal,lyc personal model,zyf,20260907_zyf_focus_01,data/locked/2026-09-07/zyf_focus1_20260907.edf,focus,focus,648.0,652.0
lyc_personal,lyc personal model,zyf,20260907_zyf_focus_01,data/locked/2026-09-07/zyf_focus1_20260907.edf,focus,focus,650.0,654.0
lyc_personal,lyc personal model,zyf,20260907_zyf_focus_01,data/locked/2026-09-07/zyf_focus1_20260907.edf,focus,focus,652.0,656.0
lyc_personal,lyc personal model,zyf,20260907_zyf_focus_01,data/locked/2026-09-07/zyf_focus1_20260907.edf,focus,focus,654.0,658.0
lyc_personal,lyc personal model,zyf,20260907_zyf_focus_01,data/locked/2026-09-07/zyf_focus1_20260907.edf,focus,focus,656.0,660.0
lyc_personal,lyc personal model,zyf,20260907_zyf_focus_01,data/locked/2026-09-07/zyf_focus1_20260907.edf,focus,focus,658.0,662.0
lyc_personal,lyc personal model,zyf,20260907_zyf_focus_01,data/locked/2026-09-07/zyf_focus1_20260907.edf,focus,focus,660.0,664.0
lyc_personal,lyc personal model,zyf,20260907_zyf_focus_01,data/locked/2026-09-07/zyf_focus1_20260907.edf,focus,focus,662.0,666.0
lyc_personal,lyc personal model,zyf,20260907_zyf_focus_01,data/locked/2026-09-07/zyf_focus1_20260907.edf,focus,focus,664.0,668.0
lyc_personal,lyc personal model,zyf,20260907_zyf_focus_01,data/locked/2026-09-07/zyf_focus1_20260907.edf,focus,focus,666.0,670.0
lyc_personal,lyc personal model,zyf,20260907_zyf_focus_01,data/locked/2026-09-07/zyf_focus1_20260907.edf,focus,focus,668.0,672.0
lyc_personal,lyc personal model,zyf,20260907_zyf_focus_01,data/locked/2026-09-07/zyf_focus1_20260907.edf,focus,focus,670.0,674.0
lyc_personal,lyc personal model,zyf,20260907_zyf_focus_01,data/locked/2026-09-07/zyf_focus1_20260907.edf,focus,focus,672.0,676.0
lyc_personal,lyc personal model,zyf,20260907_zyf_focus_01,data/locked/2026-09-07/zyf_focus1_20260907.edf,focus,focus,674.0,678.0
lyc_personal,lyc personal model,zyf,20260907_zyf_focus_01,data/locked/2026-09-07/zyf_focus1_20260907.edf,focus,focus,676.0,680.0
lyc_personal,lyc personal model,zyf,20260907_zyf_focus_01,data/locked/2026-09-07/zyf_focus1_20260907.edf,focus,focus,678.0,682.0
lyc_personal,lyc personal model,zyf,20260907_zyf_focus_01,data/locked/2026-09-07/zyf_focus1_20260907.edf,focus,focus,680.0,684.0
lyc_personal,lyc personal model,zyf,20260907_zyf_focus_01,data/locked/2026-09-07/zyf_focus1_20260907.edf,focus,focus,682.0,686.0
lyc_personal,lyc personal model,zyf,20260907_zyf_focus_01,data/locked/2026-09-07/zyf_focus1_20260907.edf,focus,focus,684.0,688.0
lyc_personal,lyc personal model,zyf,20260907_zyf_focus_01,data/locked/2026-09-07/zyf_focus1_20260907.edf,focus,focus,686.0,690.0
lyc_personal,lyc personal model,zyf,20260907_zyf_focus_01,data/locked/2026-09-07/zyf_focus1_20260907.edf,focus,focus,688.0,692.0
lyc_personal,lyc personal model,zyf,20260907_zyf_focus_01,data/locked/2026-09-07/zyf_focus1_20260907.edf,focus,focus,690.0,694.0
lyc_personal,lyc personal model,zyf,20260907_zyf_focus_01,data/locked/2026-09-07/zyf_focus1_20260907.edf,focus,focus,692.0,696.0
lyc_personal,lyc personal model,zyf,20260907_zyf_focus_01,data/locked/2026-09-07/zyf_focus1_20260907.edf,focus,focus,694.0,698.0
lyc_personal,lyc personal model,zyf,20260907_zyf_focus_01,data/locked/2026-09-07/zyf_focus1_20260907.edf,focus,focus,696.0,700.0
lyc_personal,lyc personal model,zyf,20260907_zyf_focus_01,data/locked/2026-09-07/zyf_focus1_20260907.edf,focus,focus,698.0,702.0
lyc_personal,lyc personal model,zyf,20260907_zyf_focus_01,data/locked/2026-09-07/zyf_focus1_20260907.edf,focus,focus,700.0,704.0
lyc_personal,lyc personal model,zyf,20260907_zyf_focus_01,data/locked/2026-09-07/zyf_focus1_20260907.edf,focus,focus,702.0,706.0
lyc_personal,lyc personal model,zyf,20260907_zyf_focus_01,data/locked/2026-09-07/zyf_focus1_20260907.edf,focus,focus,704.0,708.0
lyc_personal,lyc personal model,zyf,20260907_zyf_focus_01,data/locked/2026-09-07/zyf_focus1_20260907.edf,focus,focus,706.0,710.0
lyc_personal,lyc personal model,zyf,20260907_zyf_focus_01,data/locked/2026-09-07/zyf_focus1_20260907.edf,focus,focus,708.0,712.0
lyc_personal,lyc personal model,zyf,20260907_zyf_focus_01,data/locked/2026-09-07/zyf_focus1_20260907.edf,focus,focus,710.0,714.0
lyc_personal,lyc personal model,zyf,20260907_zyf_focus_01,data/locked/2026-09-07/zyf_focus1_20260907.edf,focus,focus,712.0,716.0
lyc_personal,lyc personal model,zyf,20260907_zyf_focus_01,data/locked/2026-09-07/zyf_focus1_20260907.edf,focus,focus,714.0,718.0
lyc_personal,lyc personal model,zyf,20260907_zyf_focus_01,data/locked/2026-09-07/zyf_focus1_20260907.edf,focus,focus,716.0,720.0
lyc_personal,lyc personal model,zyf,20260907_zyf_focus_01,data/locked/2026-09-07/zyf_focus1_20260907.edf,focus,focus,718.0,722.0
lyc_personal,lyc personal model,zyf,20260907_zyf_focus_01,data/locked/2026-09-07/zyf_focus1_20260907.edf,focus,focus,720.0,724.0
lyc_personal,lyc personal model,zyf,20260907_zyf_focus_01,data/locked/2026-09-07/zyf_focus1_20260907.edf,focus,focus,722.0,726.0
lyc_personal,lyc personal model,zyf,20260907_zyf_focus_01,data/locked/2026-09-07/zyf_focus1_20260907.edf,focus,focus,724.0,728.0
lyc_personal,lyc personal model,zyf,20260907_zyf_focus_01,data/locked/2026-09-07/zyf_focus1_20260907.edf,focus,focus,726.0,730.0
lyc_personal,lyc personal model,zyf,20260907_zyf_focus_01,data/locked/2026-09-07/zyf_focus1_20260907.edf,focus,focus,728.0,732.0
lyc_personal,lyc personal model,zyf,20260907_zyf_focus_01,data/locked/2026-09-07/zyf_focus1_20260907.edf,focus,focus,730.0,734.0
lyc_personal,lyc personal model,zyf,20260907_zyf_focus_01,data/locked/2026-09-07/zyf_focus1_20260907.edf,focus,focus,732.0,736.0
lyc_personal,lyc personal model,zyf,20260907_zyf_focus_01,data/locked/2026-09-07/zyf_focus1_20260907.edf,focus,focus,734.0,738.0
lyc_personal,lyc personal model,zyf,20260907_zyf_focus_01,data/locked/2026-09-07/zyf_focus1_20260907.edf,focus,focus,736.0,740.0
lyc_personal,lyc personal model,zyf,20260907_zyf_focus_01,data/locked/2026-09-07/zyf_focus1_20260907.edf,focus,focus,738.0,742.0
lyc_personal,lyc personal model,zyf,20260907_zyf_focus_01,data/locked/2026-09-07/zyf_focus1_20260907.edf,focus,focus,740.0,744.0
lyc_personal,lyc personal model,zyf,20260907_zyf_focus_01,data/locked/2026-09-07/zyf_focus1_20260907.edf,focus,focus,742.0,746.0
lyc_personal,lyc personal model,zyf,20260907_zyf_focus_01,data/locked/2026-09-07/zyf_focus1_20260907.edf,focus,focus,744.0,748.0
lyc_personal,lyc personal model,zyf,20260907_zyf_focus_01,data/locked/2026-09-07/zyf_focus1_20260907.edf,focus,focus,746.0,750.0
lyc_personal,lyc personal model,zyf,20260907_zyf_focus_01,data/locked/2026-09-07/zyf_focus1_20260907.edf,focus,focus,748.0,752.0
lyc_personal,lyc personal model,zyf,20260907_zyf_focus_01,data/locked/2026-09-07/zyf_focus1_20260907.edf,focus,focus,750.0,754.0
lyc_personal,lyc personal model,zyf,20260907_zyf_focus_01,data/locked/2026-09-07/zyf_focus1_20260907.edf,focus,focus,752.0,756.0
lyc_personal,lyc personal model,zyf,20260907_zyf_focus_01,data/locked/2026-09-07/zyf_focus1_20260907.edf,focus,focus,754.0,758.0
lyc_personal,lyc personal model,zyf,20260907_zyf_focus_01,data/locked/2026-09-07/zyf_focus1_20260907.edf,focus,focus,756.0,760.0
lyc_personal,lyc personal model,zyf,20260907_zyf_focus_01,data/locked/2026-09-07/zyf_focus1_20260907.edf,focus,focus,758.0,762.0
lyc_personal,lyc personal model,zyf,20260907_zyf_focus_01,data/locked/2026-09-07/zyf_focus1_20260907.edf,focus,focus,760.0,764.0
lyc_personal,lyc personal model,zyf,20260907_zyf_focus_01,data/locked/2026-09-07/zyf_focus1_20260907.edf,focus,focus,762.0,766.0
lyc_personal,lyc personal model,zyf,20260907_zyf_focus_01,data/locked/2026-09-07/zyf_focus1_20260907.edf,focus,focus,764.0,768.0
lyc_personal,lyc personal model,zyf,20260907_zyf_focus_01,data/locked/2026-09-07/zyf_focus1_20260907.edf,focus,focus,766.0,770.0
lyc_personal,lyc personal model,zyf,20260907_zyf_focus_01,data/locked/2026-09-07/zyf_focus1_20260907.edf,focus,focus,768.0,772.0
lyc_personal,lyc personal model,zyf,20260907_zyf_focus_01,data/locked/2026-09-07/zyf_focus1_20260907.edf,focus,focus,770.0,774.0
lyc_personal,lyc personal model,zyf,20260907_zyf_focus_01,data/locked/2026-09-07/zyf_focus1_20260907.edf,focus,focus,772.0,776.0
lyc_personal,lyc personal model,zyf,20260907_zyf_focus_01,data/locked/2026-09-07/zyf_focus1_20260907.edf,focus,focus,774.0,778.0
lyc_personal,lyc personal model,zyf,20260907_zyf_focus_01,data/locked/2026-09-07/zyf_focus1_20260907.edf,focus,focus,776.0,780.0
lyc_personal,lyc personal model,zyf,20260907_zyf_focus_01,data/locked/2026-09-07/zyf_focus1_20260907.edf,focus,focus,778.0,782.0
lyc_personal,lyc personal model,zyf,20260907_zyf_focus_01,data/locked/2026-09-07/zyf_focus1_20260907.edf,focus,focus,780.0,784.0
lyc_personal,lyc personal model,zyf,20260907_zyf_focus_01,data/locked/2026-09-07/zyf_focus1_20260907.edf,focus,focus,782.0,786.0
lyc_personal,lyc personal model,zyf,20260907_zyf_focus_01,data/locked/2026-09-07/zyf_focus1_20260907.edf,focus,focus,784.0,788.0
lyc_personal,lyc personal model,zyf,20260907_zyf_focus_01,data/locked/2026-09-07/zyf_focus1_20260907.edf,focus,focus,786.0,790.0
lyc_personal,lyc personal model,zyf,20260907_zyf_focus_01,data/locked/2026-09-07/zyf_focus1_20260907.edf,focus,focus,788.0,792.0
lyc_personal,lyc personal model,zyf,20260907_zyf_focus_01,data/locked/2026-09-07/zyf_focus1_20260907.edf,focus,focus,790.0,794.0
lyc_personal,lyc personal model,zyf,20260907_zyf_focus_01,data/locked/2026-09-07/zyf_focus1_20260907.edf,focus,focus,792.0,796.0
lyc_personal,lyc personal model,zyf,20260907_zyf_focus_01,data/locked/2026-09-07/zyf_focus1_20260907.edf,focus,focus,794.0,798.0
lyc_personal,lyc personal model,zyf,20260907_zyf_focus_01,data/locked/2026-09-07/zyf_focus1_20260907.edf,focus,focus,796.0,800.0
lyc_personal,lyc personal model,zyf,20260907_zyf_focus_01,data/locked/2026-09-07/zyf_focus1_20260907.edf,focus,focus,798.0,802.0
lyc_personal,lyc personal model,zyf,20260907_zyf_focus_01,data/locked/2026-09-07/zyf_focus1_20260907.edf,focus,unfocus,800.0,804.0
lyc_personal,lyc personal model,zyf,20260907_zyf_focus_01,data/locked/2026-09-07/zyf_focus1_20260907.edf,focus,focus,802.0,806.0
lyc_personal,lyc personal model,zyf,20260907_zyf_focus_01,data/locked/2026-09-07/zyf_focus1_20260907.edf,focus,focus,804.0,808.0
lyc_personal,lyc personal model,zyf,20260907_zyf_focus_01,data/locked/2026-09-07/zyf_focus1_20260907.edf,focus,focus,806.0,810.0
lyc_personal,lyc personal model,zyf,20260907_zyf_focus_01,data/locked/2026-09-07/zyf_focus1_20260907.edf,focus,focus,808.0,812.0
lyc_personal,lyc personal model,zyf,20260907_zyf_focus_01,data/locked/2026-09-07/zyf_focus1_20260907.edf,focus,focus,810.0,814.0
lyc_personal,lyc personal model,zyf,20260907_zyf_focus_01,data/locked/2026-09-07/zyf_focus1_20260907.edf,focus,focus,812.0,816.0
lyc_personal,lyc personal model,zyf,20260907_zyf_focus_01,data/locked/2026-09-07/zyf_focus1_20260907.edf,focus,focus,814.0,818.0
lyc_personal,lyc personal model,zyf,20260907_zyf_focus_01,data/locked/2026-09-07/zyf_focus1_20260907.edf,focus,focus,816.0,820.0
lyc_personal,lyc personal model,zyf,20260907_zyf_focus_01,data/locked/2026-09-07/zyf_focus1_20260907.edf,focus,focus,818.0,822.0
lyc_personal,lyc personal model,zyf,20260907_zyf_focus_01,data/locked/2026-09-07/zyf_focus1_20260907.edf,focus,focus,820.0,824.0
lyc_personal,lyc personal model,zyf,20260907_zyf_focus_01,data/locked/2026-09-07/zyf_focus1_20260907.edf,focus,focus,822.0,826.0
lyc_personal,lyc personal model,zyf,20260907_zyf_focus_01,data/locked/2026-09-07/zyf_focus1_20260907.edf,focus,focus,824.0,828.0
lyc_personal,lyc personal model,zyf,20260907_zyf_focus_01,data/locked/2026-09-07/zyf_focus1_20260907.edf,focus,focus,826.0,830.0
lyc_personal,lyc personal model,zyf,20260907_zyf_focus_01,data/locked/2026-09-07/zyf_focus1_20260907.edf,focus,focus,828.0,832.0
lyc_personal,lyc personal model,zyf,20260907_zyf_focus_01,data/locked/2026-09-07/zyf_focus1_20260907.edf,focus,focus,830.0,834.0
lyc_personal,lyc personal model,zyf,20260907_zyf_focus_01,data/locked/2026-09-07/zyf_focus1_20260907.edf,focus,focus,832.0,836.0
lyc_personal,lyc personal model,zyf,20260907_zyf_focus_01,data/locked/2026-09-07/zyf_focus1_20260907.edf,focus,focus,834.0,838.0
lyc_personal,lyc personal model,zyf,20260907_zyf_focus_01,data/locked/2026-09-07/zyf_focus1_20260907.edf,focus,focus,836.0,840.0
lyc_personal,lyc personal model,zyf,20260907_zyf_focus_01,data/locked/2026-09-07/zyf_focus1_20260907.edf,focus,focus,838.0,842.0
lyc_personal,lyc personal model,zyf,20260907_zyf_focus_01,data/locked/2026-09-07/zyf_focus1_20260907.edf,focus,focus,840.0,844.0
lyc_personal,lyc personal model,zyf,20260907_zyf_focus_01,data/locked/2026-09-07/zyf_focus1_20260907.edf,focus,focus,842.0,846.0
lyc_personal,lyc personal model,zyf,20260907_zyf_focus_01,data/locked/2026-09-07/zyf_focus1_20260907.edf,focus,focus,844.0,848.0
lyc_personal,lyc personal model,zyf,20260907_zyf_focus_01,data/locked/2026-09-07/zyf_focus1_20260907.edf,focus,focus,846.0,850.0
lyc_personal,lyc personal model,zyf,20260907_zyf_focus_01,data/locked/2026-09-07/zyf_focus1_20260907.edf,focus,focus,848.0,852.0
lyc_personal,lyc personal model,zyf,20260907_zyf_focus_01,data/locked/2026-09-07/zyf_focus1_20260907.edf,focus,focus,850.0,854.0
lyc_personal,lyc personal model,zyf,20260907_zyf_focus_01,data/locked/2026-09-07/zyf_focus1_20260907.edf,focus,focus,852.0,856.0
lyc_personal,lyc personal model,zyf,20260907_zyf_focus_01,data/locked/2026-09-07/zyf_focus1_20260907.edf,focus,focus,854.0,858.0
lyc_personal,lyc personal model,zyf,20260907_zyf_focus_01,data/locked/2026-09-07/zyf_focus1_20260907.edf,focus,focus,856.0,860.0
lyc_personal,lyc personal model,zyf,20260907_zyf_focus_01,data/locked/2026-09-07/zyf_focus1_20260907.edf,focus,focus,858.0,862.0
lyc_personal,lyc personal model,zyf,20260907_zyf_focus_01,data/locked/2026-09-07/zyf_focus1_20260907.edf,focus,focus,860.0,864.0
lyc_personal,lyc personal model,zyf,20260907_zyf_focus_01,data/locked/2026-09-07/zyf_focus1_20260907.edf,focus,focus,862.0,866.0
lyc_personal,lyc personal model,zyf,20260907_zyf_focus_01,data/locked/2026-09-07/zyf_focus1_20260907.edf,focus,focus,864.0,868.0
lyc_personal,lyc personal model,zyf,20260907_zyf_focus_01,data/locked/2026-09-07/zyf_focus1_20260907.edf,focus,focus,866.0,870.0
lyc_personal,lyc personal model,zyf,20260907_zyf_focus_01,data/locked/2026-09-07/zyf_focus1_20260907.edf,focus,focus,868.0,872.0
lyc_personal,lyc personal model,zyf,20260907_zyf_focus_01,data/locked/2026-09-07/zyf_focus1_20260907.edf,focus,focus,870.0,874.0
lyc_personal,lyc personal model,zyf,20260907_zyf_focus_01,data/locked/2026-09-07/zyf_focus1_20260907.edf,focus,focus,872.0,876.0
lyc_personal,lyc personal model,zyf,20260907_zyf_focus_01,data/locked/2026-09-07/zyf_focus1_20260907.edf,focus,focus,874.0,878.0
lyc_personal,lyc personal model,zyf,20260907_zyf_focus_01,data/locked/2026-09-07/zyf_focus1_20260907.edf,focus,focus,876.0,880.0
zyf_personal,zyf personal model,zyf,20260907_zyf_focus_01,data/locked/2026-09-07/zyf_focus1_20260907.edf,focus,unfocus,30.0,34.0
zyf_personal,zyf personal model,zyf,20260907_zyf_focus_01,data/locked/2026-09-07/zyf_focus1_20260907.edf,focus,unfocus,32.0,36.0
zyf_personal,zyf personal model,zyf,20260907_zyf_focus_01,data/locked/2026-09-07/zyf_focus1_20260907.edf,focus,unfocus,34.0,38.0
zyf_personal,zyf personal model,zyf,20260907_zyf_focus_01,data/locked/2026-09-07/zyf_focus1_20260907.edf,focus,unfocus,36.0,40.0
zyf_personal,zyf personal model,zyf,20260907_zyf_focus_01,data/locked/2026-09-07/zyf_focus1_20260907.edf,focus,unfocus,38.0,42.0
zyf_personal,zyf personal model,zyf,20260907_zyf_focus_01,data/locked/2026-09-07/zyf_focus1_20260907.edf,focus,unfocus,40.0,44.0
zyf_personal,zyf personal model,zyf,20260907_zyf_focus_01,data/locked/2026-09-07/zyf_focus1_20260907.edf,focus,unfocus,42.0,46.0
zyf_personal,zyf personal model,zyf,20260907_zyf_focus_01,data/locked/2026-09-07/zyf_focus1_20260907.edf,focus,unfocus,44.0,48.0
zyf_personal,zyf personal model,zyf,20260907_zyf_focus_01,data/locked/2026-09-07/zyf_focus1_20260907.edf,focus,unfocus,46.0,50.0
zyf_personal,zyf personal model,zyf,20260907_zyf_focus_01,data/locked/2026-09-07/zyf_focus1_20260907.edf,focus,unfocus,48.0,52.0
zyf_personal,zyf personal model,zyf,20260907_zyf_focus_01,data/locked/2026-09-07/zyf_focus1_20260907.edf,focus,unfocus,50.0,54.0
zyf_personal,zyf personal model,zyf,20260907_zyf_focus_01,data/locked/2026-09-07/zyf_focus1_20260907.edf,focus,unfocus,52.0,56.0
zyf_personal,zyf personal model,zyf,20260907_zyf_focus_01,data/locked/2026-09-07/zyf_focus1_20260907.edf,focus,unfocus,54.0,58.0
zyf_personal,zyf personal model,zyf,20260907_zyf_focus_01,data/locked/2026-09-07/zyf_focus1_20260907.edf,focus,unfocus,56.0,60.0
zyf_personal,zyf personal model,zyf,20260907_zyf_focus_01,data/locked/2026-09-07/zyf_focus1_20260907.edf,focus,unfocus,58.0,62.0
zyf_personal,zyf personal model,zyf,20260907_zyf_focus_01,data/locked/2026-09-07/zyf_focus1_20260907.edf,focus,unfocus,60.0,64.0
zyf_personal,zyf personal model,zyf,20260907_zyf_focus_01,data/locked/2026-09-07/zyf_focus1_20260907.edf,focus,unfocus,62.0,66.0
zyf_personal,zyf personal model,zyf,20260907_zyf_focus_01,data/locked/2026-09-07/zyf_focus1_20260907.edf,focus,unfocus,64.0,68.0
zyf_personal,zyf personal model,zyf,20260907_zyf_focus_01,data/locked/2026-09-07/zyf_focus1_20260907.edf,focus,unfocus,66.0,70.0
zyf_personal,zyf personal model,zyf,20260907_zyf_focus_01,data/locked/2026-09-07/zyf_focus1_20260907.edf,focus,unfocus,68.0,72.0
zyf_personal,zyf personal model,zyf,20260907_zyf_focus_01,data/locked/2026-09-07/zyf_focus1_20260907.edf,focus,unfocus,70.0,74.0
zyf_personal,zyf personal model,zyf,20260907_zyf_focus_01,data/locked/2026-09-07/zyf_focus1_20260907.edf,focus,unfocus,72.0,76.0
zyf_personal,zyf personal model,zyf,20260907_zyf_focus_01,data/locked/2026-09-07/zyf_focus1_20260907.edf,focus,unfocus,74.0,78.0
zyf_personal,zyf personal model,zyf,20260907_zyf_focus_01,data/locked/2026-09-07/zyf_focus1_20260907.edf,focus,unfocus,76.0,80.0
zyf_personal,zyf personal model,zyf,20260907_zyf_focus_01,data/locked/2026-09-07/zyf_focus1_20260907.edf,focus,unfocus,78.0,82.0
zyf_personal,zyf personal model,zyf,20260907_zyf_focus_01,data/locked/2026-09-07/zyf_focus1_20260907.edf,focus,unfocus,80.0,84.0
zyf_personal,zyf personal model,zyf,20260907_zyf_focus_01,data/locked/2026-09-07/zyf_focus1_20260907.edf,focus,unfocus,82.0,86.0
zyf_personal,zyf personal model,zyf,20260907_zyf_focus_01,data/locked/2026-09-07/zyf_focus1_20260907.edf,focus,unfocus,84.0,88.0
zyf_personal,zyf personal model,zyf,20260907_zyf_focus_01,data/locked/2026-09-07/zyf_focus1_20260907.edf,focus,unfocus,86.0,90.0
zyf_personal,zyf personal model,zyf,20260907_zyf_focus_01,data/locked/2026-09-07/zyf_focus1_20260907.edf,focus,unfocus,88.0,92.0
zyf_personal,zyf personal model,zyf,20260907_zyf_focus_01,data/locked/2026-09-07/zyf_focus1_20260907.edf,focus,unfocus,90.0,94.0
zyf_personal,zyf personal model,zyf,20260907_zyf_focus_01,data/locked/2026-09-07/zyf_focus1_20260907.edf,focus,unfocus,92.0,96.0
zyf_personal,zyf personal model,zyf,20260907_zyf_focus_01,data/locked/2026-09-07/zyf_focus1_20260907.edf,focus,unfocus,94.0,98.0
zyf_personal,zyf personal model,zyf,20260907_zyf_focus_01,data/locked/2026-09-07/zyf_focus1_20260907.edf,focus,unfocus,96.0,100.0
zyf_personal,zyf personal model,zyf,20260907_zyf_focus_01,data/locked/2026-09-07/zyf_focus1_20260907.edf,focus,unfocus,98.0,102.0
zyf_personal,zyf personal model,zyf,20260907_zyf_focus_01,data/locked/2026-09-07/zyf_focus1_20260907.edf,focus,unfocus,100.0,104.0
zyf_personal,zyf personal model,zyf,20260907_zyf_focus_01,data/locked/2026-09-07/zyf_focus1_20260907.edf,focus,unfocus,102.0,106.0
zyf_personal,zyf personal model,zyf,20260907_zyf_focus_01,data/locked/2026-09-07/zyf_focus1_20260907.edf,focus,unfocus,104.0,108.0
zyf_personal,zyf personal model,zyf,20260907_zyf_focus_01,data/locked/2026-09-07/zyf_focus1_20260907.edf,focus,unfocus,106.0,110.0
zyf_personal,zyf personal model,zyf,20260907_zyf_focus_01,data/locked/2026-09-07/zyf_focus1_20260907.edf,focus,unfocus,108.0,112.0
zyf_personal,zyf personal model,zyf,20260907_zyf_focus_01,data/locked/2026-09-07/zyf_focus1_20260907.edf,focus,unfocus,110.0,114.0
zyf_personal,zyf personal model,zyf,20260907_zyf_focus_01,data/locked/2026-09-07/zyf_focus1_20260907.edf,focus,unfocus,112.0,116.0
zyf_personal,zyf personal model,zyf,20260907_zyf_focus_01,data/locked/2026-09-07/zyf_focus1_20260907.edf,focus,unfocus,114.0,118.0
zyf_personal,zyf personal model,zyf,20260907_zyf_focus_01,data/locked/2026-09-07/zyf_focus1_20260907.edf,focus,unfocus,116.0,120.0
zyf_personal,zyf personal model,zyf,20260907_zyf_focus_01,data/locked/2026-09-07/zyf_focus1_20260907.edf,focus,unfocus,118.0,122.0
zyf_personal,zyf personal model,zyf,20260907_zyf_focus_01,data/locked/2026-09-07/zyf_focus1_20260907.edf,focus,unfocus,120.0,124.0
zyf_personal,zyf personal model,zyf,20260907_zyf_focus_01,data/locked/2026-09-07/zyf_focus1_20260907.edf,focus,unfocus,122.0,126.0
zyf_personal,zyf personal model,zyf,20260907_zyf_focus_01,data/locked/2026-09-07/zyf_focus1_20260907.edf,focus,unfocus,124.0,128.0
zyf_personal,zyf personal model,zyf,20260907_zyf_focus_01,data/locked/2026-09-07/zyf_focus1_20260907.edf,focus,unfocus,126.0,130.0
zyf_personal,zyf personal model,zyf,20260907_zyf_focus_01,data/locked/2026-09-07/zyf_focus1_20260907.edf,focus,unfocus,128.0,132.0
zyf_personal,zyf personal model,zyf,20260907_zyf_focus_01,data/locked/2026-09-07/zyf_focus1_20260907.edf,focus,unfocus,130.0,134.0
zyf_personal,zyf personal model,zyf,20260907_zyf_focus_01,data/locked/2026-09-07/zyf_focus1_20260907.edf,focus,unfocus,132.0,136.0
zyf_personal,zyf personal model,zyf,20260907_zyf_focus_01,data/locked/2026-09-07/zyf_focus1_20260907.edf,focus,unfocus,134.0,138.0
zyf_personal,zyf personal model,zyf,20260907_zyf_focus_01,data/locked/2026-09-07/zyf_focus1_20260907.edf,focus,unfocus,136.0,140.0
zyf_personal,zyf personal model,zyf,20260907_zyf_focus_01,data/locked/2026-09-07/zyf_focus1_20260907.edf,focus,unfocus,138.0,142.0
zyf_personal,zyf personal model,zyf,20260907_zyf_focus_01,data/locked/2026-09-07/zyf_focus1_20260907.edf,focus,unfocus,140.0,144.0
zyf_personal,zyf personal model,zyf,20260907_zyf_focus_01,data/locked/2026-09-07/zyf_focus1_20260907.edf,focus,unfocus,142.0,146.0
zyf_personal,zyf personal model,zyf,20260907_zyf_focus_01,data/locked/2026-09-07/zyf_focus1_20260907.edf,focus,unfocus,144.0,148.0
zyf_personal,zyf personal model,zyf,20260907_zyf_focus_01,data/locked/2026-09-07/zyf_focus1_20260907.edf,focus,unfocus,146.0,150.0
zyf_personal,zyf personal model,zyf,20260907_zyf_focus_01,data/locked/2026-09-07/zyf_focus1_20260907.edf,focus,unfocus,148.0,152.0
zyf_personal,zyf personal model,zyf,20260907_zyf_focus_01,data/locked/2026-09-07/zyf_focus1_20260907.edf,focus,unfocus,150.0,154.0
zyf_personal,zyf personal model,zyf,20260907_zyf_focus_01,data/locked/2026-09-07/zyf_focus1_20260907.edf,focus,unfocus,152.0,156.0
zyf_personal,zyf personal model,zyf,20260907_zyf_focus_01,data/locked/2026-09-07/zyf_focus1_20260907.edf,focus,unfocus,154.0,158.0
zyf_personal,zyf personal model,zyf,20260907_zyf_focus_01,data/locked/2026-09-07/zyf_focus1_20260907.edf,focus,unfocus,156.0,160.0
zyf_personal,zyf personal model,zyf,20260907_zyf_focus_01,data/locked/2026-09-07/zyf_focus1_20260907.edf,focus,unfocus,158.0,162.0
zyf_personal,zyf personal model,zyf,20260907_zyf_focus_01,data/locked/2026-09-07/zyf_focus1_20260907.edf,focus,unfocus,160.0,164.0
zyf_personal,zyf personal model,zyf,20260907_zyf_focus_01,data/locked/2026-09-07/zyf_focus1_20260907.edf,focus,unfocus,162.0,166.0
zyf_personal,zyf personal model,zyf,20260907_zyf_focus_01,data/locked/2026-09-07/zyf_focus1_20260907.edf,focus,unfocus,164.0,168.0
zyf_personal,zyf personal model,zyf,20260907_zyf_focus_01,data/locked/2026-09-07/zyf_focus1_20260907.edf,focus,unfocus,166.0,170.0
zyf_personal,zyf personal model,zyf,20260907_zyf_focus_01,data/locked/2026-09-07/zyf_focus1_20260907.edf,focus,unfocus,168.0,172.0
zyf_personal,zyf personal model,zyf,20260907_zyf_focus_01,data/locked/2026-09-07/zyf_focus1_20260907.edf,focus,unfocus,170.0,174.0
zyf_personal,zyf personal model,zyf,20260907_zyf_focus_01,data/locked/2026-09-07/zyf_focus1_20260907.edf,focus,unfocus,172.0,176.0
zyf_personal,zyf personal model,zyf,20260907_zyf_focus_01,data/locked/2026-09-07/zyf_focus1_20260907.edf,focus,unfocus,174.0,178.0
zyf_personal,zyf personal model,zyf,20260907_zyf_focus_01,data/locked/2026-09-07/zyf_focus1_20260907.edf,focus,unfocus,176.0,180.0
zyf_personal,zyf personal model,zyf,20260907_zyf_focus_01,data/locked/2026-09-07/zyf_focus1_20260907.edf,focus,unfocus,178.0,182.0
zyf_personal,zyf personal model,zyf,20260907_zyf_focus_01,data/locked/2026-09-07/zyf_focus1_20260907.edf,focus,unfocus,180.0,184.0
zyf_personal,zyf personal model,zyf,20260907_zyf_focus_01,data/locked/2026-09-07/zyf_focus1_20260907.edf,focus,unfocus,182.0,186.0
zyf_personal,zyf personal model,zyf,20260907_zyf_focus_01,data/locked/2026-09-07/zyf_focus1_20260907.edf,focus,unfocus,184.0,188.0
zyf_personal,zyf personal model,zyf,20260907_zyf_focus_01,data/locked/2026-09-07/zyf_focus1_20260907.edf,focus,unfocus,186.0,190.0
zyf_personal,zyf personal model,zyf,20260907_zyf_focus_01,data/locked/2026-09-07/zyf_focus1_20260907.edf,focus,unfocus,188.0,192.0
zyf_personal,zyf personal model,zyf,20260907_zyf_focus_01,data/locked/2026-09-07/zyf_focus1_20260907.edf,focus,unfocus,190.0,194.0
zyf_personal,zyf personal model,zyf,20260907_zyf_focus_01,data/locked/2026-09-07/zyf_focus1_20260907.edf,focus,unfocus,192.0,196.0
zyf_personal,zyf personal model,zyf,20260907_zyf_focus_01,data/locked/2026-09-07/zyf_focus1_20260907.edf,focus,unfocus,194.0,198.0
zyf_personal,zyf personal model,zyf,20260907_zyf_focus_01,data/locked/2026-09-07/zyf_focus1_20260907.edf,focus,unfocus,196.0,200.0
zyf_personal,zyf personal model,zyf,20260907_zyf_focus_01,data/locked/2026-09-07/zyf_focus1_20260907.edf,focus,unfocus,198.0,202.0
zyf_personal,zyf personal model,zyf,20260907_zyf_focus_01,data/locked/2026-09-07/zyf_focus1_20260907.edf,focus,unfocus,200.0,204.0
zyf_personal,zyf personal model,zyf,20260907_zyf_focus_01,data/locked/2026-09-07/zyf_focus1_20260907.edf,focus,focus,202.0,206.0
zyf_personal,zyf personal model,zyf,20260907_zyf_focus_01,data/locked/2026-09-07/zyf_focus1_20260907.edf,focus,focus,204.0,208.0
zyf_personal,zyf personal model,zyf,20260907_zyf_focus_01,data/locked/2026-09-07/zyf_focus1_20260907.edf,focus,focus,206.0,210.0
zyf_personal,zyf personal model,zyf,20260907_zyf_focus_01,data/locked/2026-09-07/zyf_focus1_20260907.edf,focus,focus,208.0,212.0
zyf_personal,zyf personal model,zyf,20260907_zyf_focus_01,data/locked/2026-09-07/zyf_focus1_20260907.edf,focus,unfocus,210.0,214.0
zyf_personal,zyf personal model,zyf,20260907_zyf_focus_01,data/locked/2026-09-07/zyf_focus1_20260907.edf,focus,unfocus,212.0,216.0
zyf_personal,zyf personal model,zyf,20260907_zyf_focus_01,data/locked/2026-09-07/zyf_focus1_20260907.edf,focus,unfocus,214.0,218.0
zyf_personal,zyf personal model,zyf,20260907_zyf_focus_01,data/locked/2026-09-07/zyf_focus1_20260907.edf,focus,unfocus,216.0,220.0
zyf_personal,zyf personal model,zyf,20260907_zyf_focus_01,data/locked/2026-09-07/zyf_focus1_20260907.edf,focus,unfocus,218.0,222.0
zyf_personal,zyf personal model,zyf,20260907_zyf_focus_01,data/locked/2026-09-07/zyf_focus1_20260907.edf,focus,unfocus,220.0,224.0
zyf_personal,zyf personal model,zyf,20260907_zyf_focus_01,data/locked/2026-09-07/zyf_focus1_20260907.edf,focus,unfocus,222.0,226.0
zyf_personal,zyf personal model,zyf,20260907_zyf_focus_01,data/locked/2026-09-07/zyf_focus1_20260907.edf,focus,unfocus,224.0,228.0
zyf_personal,zyf personal model,zyf,20260907_zyf_focus_01,data/locked/2026-09-07/zyf_focus1_20260907.edf,focus,unfocus,226.0,230.0
zyf_personal,zyf personal model,zyf,20260907_zyf_focus_01,data/locked/2026-09-07/zyf_focus1_20260907.edf,focus,unfocus,228.0,232.0
zyf_personal,zyf personal model,zyf,20260907_zyf_focus_01,data/locked/2026-09-07/zyf_focus1_20260907.edf,focus,unfocus,230.0,234.0
zyf_personal,zyf personal model,zyf,20260907_zyf_focus_01,data/locked/2026-09-07/zyf_focus1_20260907.edf,focus,unfocus,232.0,236.0
zyf_personal,zyf personal model,zyf,20260907_zyf_focus_01,data/locked/2026-09-07/zyf_focus1_20260907.edf,focus,unfocus,234.0,238.0
zyf_personal,zyf personal model,zyf,20260907_zyf_focus_01,data/locked/2026-09-07/zyf_focus1_20260907.edf,focus,unfocus,236.0,240.0
zyf_personal,zyf personal model,zyf,20260907_zyf_focus_01,data/locked/2026-09-07/zyf_focus1_20260907.edf,focus,unfocus,238.0,242.0
zyf_personal,zyf personal model,zyf,20260907_zyf_focus_01,data/locked/2026-09-07/zyf_focus1_20260907.edf,focus,unfocus,240.0,244.0
zyf_personal,zyf personal model,zyf,20260907_zyf_focus_01,data/locked/2026-09-07/zyf_focus1_20260907.edf,focus,unfocus,242.0,246.0
zyf_personal,zyf personal model,zyf,20260907_zyf_focus_01,data/locked/2026-09-07/zyf_focus1_20260907.edf,focus,unfocus,244.0,248.0
zyf_personal,zyf personal model,zyf,20260907_zyf_focus_01,data/locked/2026-09-07/zyf_focus1_20260907.edf,focus,unfocus,246.0,250.0
zyf_personal,zyf personal model,zyf,20260907_zyf_focus_01,data/locked/2026-09-07/zyf_focus1_20260907.edf,focus,unfocus,248.0,252.0
zyf_personal,zyf personal model,zyf,20260907_zyf_focus_01,data/locked/2026-09-07/zyf_focus1_20260907.edf,focus,unfocus,250.0,254.0
zyf_personal,zyf personal model,zyf,20260907_zyf_focus_01,data/locked/2026-09-07/zyf_focus1_20260907.edf,focus,unfocus,252.0,256.0
zyf_personal,zyf personal model,zyf,20260907_zyf_focus_01,data/locked/2026-09-07/zyf_focus1_20260907.edf,focus,unfocus,254.0,258.0
zyf_personal,zyf personal model,zyf,20260907_zyf_focus_01,data/locked/2026-09-07/zyf_focus1_20260907.edf,focus,unfocus,256.0,260.0
zyf_personal,zyf personal model,zyf,20260907_zyf_focus_01,data/locked/2026-09-07/zyf_focus1_20260907.edf,focus,unfocus,258.0,262.0
zyf_personal,zyf personal model,zyf,20260907_zyf_focus_01,data/locked/2026-09-07/zyf_focus1_20260907.edf,focus,unfocus,260.0,264.0
zyf_personal,zyf personal model,zyf,20260907_zyf_focus_01,data/locked/2026-09-07/zyf_focus1_20260907.edf,focus,unfocus,262.0,266.0
zyf_personal,zyf personal model,zyf,20260907_zyf_focus_01,data/locked/2026-09-07/zyf_focus1_20260907.edf,focus,unfocus,264.0,268.0
zyf_personal,zyf personal model,zyf,20260907_zyf_focus_01,data/locked/2026-09-07/zyf_focus1_20260907.edf,focus,unfocus,266.0,270.0
zyf_personal,zyf personal model,zyf,20260907_zyf_focus_01,data/locked/2026-09-07/zyf_focus1_20260907.edf,focus,unfocus,268.0,272.0
zyf_personal,zyf personal model,zyf,20260907_zyf_focus_01,data/locked/2026-09-07/zyf_focus1_20260907.edf,focus,unfocus,270.0,274.0
zyf_personal,zyf personal model,zyf,20260907_zyf_focus_01,data/locked/2026-09-07/zyf_focus1_20260907.edf,focus,unfocus,272.0,276.0
zyf_personal,zyf personal model,zyf,20260907_zyf_focus_01,data/locked/2026-09-07/zyf_focus1_20260907.edf,focus,unfocus,274.0,278.0
zyf_personal,zyf personal model,zyf,20260907_zyf_focus_01,data/locked/2026-09-07/zyf_focus1_20260907.edf,focus,unfocus,276.0,280.0
zyf_personal,zyf personal model,zyf,20260907_zyf_focus_01,data/locked/2026-09-07/zyf_focus1_20260907.edf,focus,unfocus,278.0,282.0
zyf_personal,zyf personal model,zyf,20260907_zyf_focus_01,data/locked/2026-09-07/zyf_focus1_20260907.edf,focus,unfocus,280.0,284.0
zyf_personal,zyf personal model,zyf,20260907_zyf_focus_01,data/locked/2026-09-07/zyf_focus1_20260907.edf,focus,unfocus,282.0,286.0
zyf_personal,zyf personal model,zyf,20260907_zyf_focus_01,data/locked/2026-09-07/zyf_focus1_20260907.edf,focus,unfocus,284.0,288.0
zyf_personal,zyf personal model,zyf,20260907_zyf_focus_01,data/locked/2026-09-07/zyf_focus1_20260907.edf,focus,unfocus,286.0,290.0
zyf_personal,zyf personal model,zyf,20260907_zyf_focus_01,data/locked/2026-09-07/zyf_focus1_20260907.edf,focus,unfocus,288.0,292.0
zyf_personal,zyf personal model,zyf,20260907_zyf_focus_01,data/locked/2026-09-07/zyf_focus1_20260907.edf,focus,unfocus,290.0,294.0
zyf_personal,zyf personal model,zyf,20260907_zyf_focus_01,data/locked/2026-09-07/zyf_focus1_20260907.edf,focus,unfocus,292.0,296.0
zyf_personal,zyf personal model,zyf,20260907_zyf_focus_01,data/locked/2026-09-07/zyf_focus1_20260907.edf,focus,unfocus,294.0,298.0
zyf_personal,zyf personal model,zyf,20260907_zyf_focus_01,data/locked/2026-09-07/zyf_focus1_20260907.edf,focus,unfocus,296.0,300.0
zyf_personal,zyf personal model,zyf,20260907_zyf_focus_01,data/locked/2026-09-07/zyf_focus1_20260907.edf,focus,unfocus,298.0,302.0
zyf_personal,zyf personal model,zyf,20260907_zyf_focus_01,data/locked/2026-09-07/zyf_focus1_20260907.edf,focus,unfocus,300.0,304.0
zyf_personal,zyf personal model,zyf,20260907_zyf_focus_01,data/locked/2026-09-07/zyf_focus1_20260907.edf,focus,unfocus,302.0,306.0
zyf_personal,zyf personal model,zyf,20260907_zyf_focus_01,data/locked/2026-09-07/zyf_focus1_20260907.edf,focus,unfocus,304.0,308.0
zyf_personal,zyf personal model,zyf,20260907_zyf_focus_01,data/locked/2026-09-07/zyf_focus1_20260907.edf,focus,unfocus,306.0,310.0
zyf_personal,zyf personal model,zyf,20260907_zyf_focus_01,data/locked/2026-09-07/zyf_focus1_20260907.edf,focus,unfocus,308.0,312.0
zyf_personal,zyf personal model,zyf,20260907_zyf_focus_01,data/locked/2026-09-07/zyf_focus1_20260907.edf,focus,unfocus,310.0,314.0
zyf_personal,zyf personal model,zyf,20260907_zyf_focus_01,data/locked/2026-09-07/zyf_focus1_20260907.edf,focus,unfocus,312.0,316.0
zyf_personal,zyf personal model,zyf,20260907_zyf_focus_01,data/locked/2026-09-07/zyf_focus1_20260907.edf,focus,unfocus,314.0,318.0
zyf_personal,zyf personal model,zyf,20260907_zyf_focus_01,data/locked/2026-09-07/zyf_focus1_20260907.edf,focus,unfocus,316.0,320.0
zyf_personal,zyf personal model,zyf,20260907_zyf_focus_01,data/locked/2026-09-07/zyf_focus1_20260907.edf,focus,unfocus,318.0,322.0
zyf_personal,zyf personal model,zyf,20260907_zyf_focus_01,data/locked/2026-09-07/zyf_focus1_20260907.edf,focus,unfocus,320.0,324.0
zyf_personal,zyf personal model,zyf,20260907_zyf_focus_01,data/locked/2026-09-07/zyf_focus1_20260907.edf,focus,unfocus,322.0,326.0
zyf_personal,zyf personal model,zyf,20260907_zyf_focus_01,data/locked/2026-09-07/zyf_focus1_20260907.edf,focus,unfocus,324.0,328.0
zyf_personal,zyf personal model,zyf,20260907_zyf_focus_01,data/locked/2026-09-07/zyf_focus1_20260907.edf,focus,unfocus,326.0,330.0
zyf_personal,zyf personal model,zyf,20260907_zyf_focus_01,data/locked/2026-09-07/zyf_focus1_20260907.edf,focus,unfocus,328.0,332.0
zyf_personal,zyf personal model,zyf,20260907_zyf_focus_01,data/locked/2026-09-07/zyf_focus1_20260907.edf,focus,unfocus,330.0,334.0
zyf_personal,zyf personal model,zyf,20260907_zyf_focus_01,data/locked/2026-09-07/zyf_focus1_20260907.edf,focus,unfocus,332.0,336.0
zyf_personal,zyf personal model,zyf,20260907_zyf_focus_01,data/locked/2026-09-07/zyf_focus1_20260907.edf,focus,unfocus,334.0,338.0
zyf_personal,zyf personal model,zyf,20260907_zyf_focus_01,data/locked/2026-09-07/zyf_focus1_20260907.edf,focus,unfocus,336.0,340.0
zyf_personal,zyf personal model,zyf,20260907_zyf_focus_01,data/locked/2026-09-07/zyf_focus1_20260907.edf,focus,unfocus,338.0,342.0
zyf_personal,zyf personal model,zyf,20260907_zyf_focus_01,data/locked/2026-09-07/zyf_focus1_20260907.edf,focus,unfocus,340.0,344.0
zyf_personal,zyf personal model,zyf,20260907_zyf_focus_01,data/locked/2026-09-07/zyf_focus1_20260907.edf,focus,unfocus,342.0,346.0
zyf_personal,zyf personal model,zyf,20260907_zyf_focus_01,data/locked/2026-09-07/zyf_focus1_20260907.edf,focus,unfocus,344.0,348.0
zyf_personal,zyf personal model,zyf,20260907_zyf_focus_01,data/locked/2026-09-07/zyf_focus1_20260907.edf,focus,unfocus,346.0,350.0
zyf_personal,zyf personal model,zyf,20260907_zyf_focus_01,data/locked/2026-09-07/zyf_focus1_20260907.edf,focus,unfocus,348.0,352.0
zyf_personal,zyf personal model,zyf,20260907_zyf_focus_01,data/locked/2026-09-07/zyf_focus1_20260907.edf,focus,unfocus,350.0,354.0
zyf_personal,zyf personal model,zyf,20260907_zyf_focus_01,data/locked/2026-09-07/zyf_focus1_20260907.edf,focus,unfocus,352.0,356.0
zyf_personal,zyf personal model,zyf,20260907_zyf_focus_01,data/locked/2026-09-07/zyf_focus1_20260907.edf,focus,unfocus,354.0,358.0
zyf_personal,zyf personal model,zyf,20260907_zyf_focus_01,data/locked/2026-09-07/zyf_focus1_20260907.edf,focus,unfocus,356.0,360.0
zyf_personal,zyf personal model,zyf,20260907_zyf_focus_01,data/locked/2026-09-07/zyf_focus1_20260907.edf,focus,unfocus,358.0,362.0
zyf_personal,zyf personal model,zyf,20260907_zyf_focus_01,data/locked/2026-09-07/zyf_focus1_20260907.edf,focus,unfocus,360.0,364.0
zyf_personal,zyf personal model,zyf,20260907_zyf_focus_01,data/locked/2026-09-07/zyf_focus1_20260907.edf,focus,unfocus,362.0,366.0
zyf_personal,zyf personal model,zyf,20260907_zyf_focus_01,data/locked/2026-09-07/zyf_focus1_20260907.edf,focus,unfocus,364.0,368.0
zyf_personal,zyf personal model,zyf,20260907_zyf_focus_01,data/locked/2026-09-07/zyf_focus1_20260907.edf,focus,unfocus,366.0,370.0
zyf_personal,zyf personal model,zyf,20260907_zyf_focus_01,data/locked/2026-09-07/zyf_focus1_20260907.edf,focus,unfocus,368.0,372.0
zyf_personal,zyf personal model,zyf,20260907_zyf_focus_01,data/locked/2026-09-07/zyf_focus1_20260907.edf,focus,unfocus,370.0,374.0
zyf_personal,zyf personal model,zyf,20260907_zyf_focus_01,data/locked/2026-09-07/zyf_focus1_20260907.edf,focus,unfocus,372.0,376.0
zyf_personal,zyf personal model,zyf,20260907_zyf_focus_01,data/locked/2026-09-07/zyf_focus1_20260907.edf,focus,unfocus,374.0,378.0
zyf_personal,zyf personal model,zyf,20260907_zyf_focus_01,data/locked/2026-09-07/zyf_focus1_20260907.edf,focus,unfocus,376.0,380.0
zyf_personal,zyf personal model,zyf,20260907_zyf_focus_01,data/locked/2026-09-07/zyf_focus1_20260907.edf,focus,unfocus,378.0,382.0
zyf_personal,zyf personal model,zyf,20260907_zyf_focus_01,data/locked/2026-09-07/zyf_focus1_20260907.edf,focus,unfocus,380.0,384.0
zyf_personal,zyf personal model,zyf,20260907_zyf_focus_01,data/locked/2026-09-07/zyf_focus1_20260907.edf,focus,unfocus,382.0,386.0
zyf_personal,zyf personal model,zyf,20260907_zyf_focus_01,data/locked/2026-09-07/zyf_focus1_20260907.edf,focus,unfocus,384.0,388.0
zyf_personal,zyf personal model,zyf,20260907_zyf_focus_01,data/locked/2026-09-07/zyf_focus1_20260907.edf,focus,unfocus,386.0,390.0
zyf_personal,zyf personal model,zyf,20260907_zyf_focus_01,data/locked/2026-09-07/zyf_focus1_20260907.edf,focus,unfocus,388.0,392.0
zyf_personal,zyf personal model,zyf,20260907_zyf_focus_01,data/locked/2026-09-07/zyf_focus1_20260907.edf,focus,unfocus,390.0,394.0
zyf_personal,zyf personal model,zyf,20260907_zyf_focus_01,data/locked/2026-09-07/zyf_focus1_20260907.edf,focus,unfocus,392.0,396.0
zyf_personal,zyf personal model,zyf,20260907_zyf_focus_01,data/locked/2026-09-07/zyf_focus1_20260907.edf,focus,unfocus,394.0,398.0
zyf_personal,zyf personal model,zyf,20260907_zyf_focus_01,data/locked/2026-09-07/zyf_focus1_20260907.edf,focus,unfocus,396.0,400.0
zyf_personal,zyf personal model,zyf,20260907_zyf_focus_01,data/locked/2026-09-07/zyf_focus1_20260907.edf,focus,unfocus,398.0,402.0
zyf_personal,zyf personal model,zyf,20260907_zyf_focus_01,data/locked/2026-09-07/zyf_focus1_20260907.edf,focus,unfocus,400.0,404.0
zyf_personal,zyf personal model,zyf,20260907_zyf_focus_01,data/locked/2026-09-07/zyf_focus1_20260907.edf,focus,unfocus,402.0,406.0
zyf_personal,zyf personal model,zyf,20260907_zyf_focus_01,data/locked/2026-09-07/zyf_focus1_20260907.edf,focus,unfocus,404.0,408.0
zyf_personal,zyf personal model,zyf,20260907_zyf_focus_01,data/locked/2026-09-07/zyf_focus1_20260907.edf,focus,unfocus,406.0,410.0
zyf_personal,zyf personal model,zyf,20260907_zyf_focus_01,data/locked/2026-09-07/zyf_focus1_20260907.edf,focus,unfocus,408.0,412.0
zyf_personal,zyf personal model,zyf,20260907_zyf_focus_01,data/locked/2026-09-07/zyf_focus1_20260907.edf,focus,unfocus,410.0,414.0
zyf_personal,zyf personal model,zyf,20260907_zyf_focus_01,data/locked/2026-09-07/zyf_focus1_20260907.edf,focus,focus,412.0,416.0
zyf_personal,zyf personal model,zyf,20260907_zyf_focus_01,data/locked/2026-09-07/zyf_focus1_20260907.edf,focus,unfocus,414.0,418.0
zyf_personal,zyf personal model,zyf,20260907_zyf_focus_01,data/locked/2026-09-07/zyf_focus1_20260907.edf,focus,unfocus,416.0,420.0
zyf_personal,zyf personal model,zyf,20260907_zyf_focus_01,data/locked/2026-09-07/zyf_focus1_20260907.edf,focus,unfocus,418.0,422.0
zyf_personal,zyf personal model,zyf,20260907_zyf_focus_01,data/locked/2026-09-07/zyf_focus1_20260907.edf,focus,unfocus,420.0,424.0
zyf_personal,zyf personal model,zyf,20260907_zyf_focus_01,data/locked/2026-09-07/zyf_focus1_20260907.edf,focus,unfocus,422.0,426.0
zyf_personal,zyf personal model,zyf,20260907_zyf_focus_01,data/locked/2026-09-07/zyf_focus1_20260907.edf,focus,unfocus,424.0,428.0
zyf_personal,zyf personal model,zyf,20260907_zyf_focus_01,data/locked/2026-09-07/zyf_focus1_20260907.edf,focus,unfocus,426.0,430.0
zyf_personal,zyf personal model,zyf,20260907_zyf_focus_01,data/locked/2026-09-07/zyf_focus1_20260907.edf,focus,unfocus,428.0,432.0
zyf_personal,zyf personal model,zyf,20260907_zyf_focus_01,data/locked/2026-09-07/zyf_focus1_20260907.edf,focus,unfocus,430.0,434.0
zyf_personal,zyf personal model,zyf,20260907_zyf_focus_01,data/locked/2026-09-07/zyf_focus1_20260907.edf,focus,unfocus,432.0,436.0
zyf_personal,zyf personal model,zyf,20260907_zyf_focus_01,data/locked/2026-09-07/zyf_focus1_20260907.edf,focus,unfocus,434.0,438.0
zyf_personal,zyf personal model,zyf,20260907_zyf_focus_01,data/locked/2026-09-07/zyf_focus1_20260907.edf,focus,unfocus,436.0,440.0
zyf_personal,zyf personal model,zyf,20260907_zyf_focus_01,data/locked/2026-09-07/zyf_focus1_20260907.edf,focus,unfocus,438.0,442.0
zyf_personal,zyf personal model,zyf,20260907_zyf_focus_01,data/locked/2026-09-07/zyf_focus1_20260907.edf,focus,unfocus,440.0,444.0
zyf_personal,zyf personal model,zyf,20260907_zyf_focus_01,data/locked/2026-09-07/zyf_focus1_20260907.edf,focus,unfocus,442.0,446.0
zyf_personal,zyf personal model,zyf,20260907_zyf_focus_01,data/locked/2026-09-07/zyf_focus1_20260907.edf,focus,unfocus,444.0,448.0
zyf_personal,zyf personal model,zyf,20260907_zyf_focus_01,data/locked/2026-09-07/zyf_focus1_20260907.edf,focus,unfocus,446.0,450.0
zyf_personal,zyf personal model,zyf,20260907_zyf_focus_01,data/locked/2026-09-07/zyf_focus1_20260907.edf,focus,unfocus,448.0,452.0
zyf_personal,zyf personal model,zyf,20260907_zyf_focus_01,data/locked/2026-09-07/zyf_focus1_20260907.edf,focus,unfocus,450.0,454.0
zyf_personal,zyf personal model,zyf,20260907_zyf_focus_01,data/locked/2026-09-07/zyf_focus1_20260907.edf,focus,unfocus,452.0,456.0
zyf_personal,zyf personal model,zyf,20260907_zyf_focus_01,data/locked/2026-09-07/zyf_focus1_20260907.edf,focus,unfocus,454.0,458.0
zyf_personal,zyf personal model,zyf,20260907_zyf_focus_01,data/locked/2026-09-07/zyf_focus1_20260907.edf,focus,focus,456.0,460.0
zyf_personal,zyf personal model,zyf,20260907_zyf_focus_01,data/locked/2026-09-07/zyf_focus1_20260907.edf,focus,focus,458.0,462.0
zyf_personal,zyf personal model,zyf,20260907_zyf_focus_01,data/locked/2026-09-07/zyf_focus1_20260907.edf,focus,focus,460.0,464.0
zyf_personal,zyf personal model,zyf,20260907_zyf_focus_01,data/locked/2026-09-07/zyf_focus1_20260907.edf,focus,unfocus,462.0,466.0
zyf_personal,zyf personal model,zyf,20260907_zyf_focus_01,data/locked/2026-09-07/zyf_focus1_20260907.edf,focus,focus,464.0,468.0
zyf_personal,zyf personal model,zyf,20260907_zyf_focus_01,data/locked/2026-09-07/zyf_focus1_20260907.edf,focus,focus,466.0,470.0
zyf_personal,zyf personal model,zyf,20260907_zyf_focus_01,data/locked/2026-09-07/zyf_focus1_20260907.edf,focus,focus,468.0,472.0
zyf_personal,zyf personal model,zyf,20260907_zyf_focus_01,data/locked/2026-09-07/zyf_focus1_20260907.edf,focus,unfocus,470.0,474.0
zyf_personal,zyf personal model,zyf,20260907_zyf_focus_01,data/locked/2026-09-07/zyf_focus1_20260907.edf,focus,unfocus,472.0,476.0
zyf_personal,zyf personal model,zyf,20260907_zyf_focus_01,data/locked/2026-09-07/zyf_focus1_20260907.edf,focus,unfocus,474.0,478.0
zyf_personal,zyf personal model,zyf,20260907_zyf_focus_01,data/locked/2026-09-07/zyf_focus1_20260907.edf,focus,unfocus,476.0,480.0
zyf_personal,zyf personal model,zyf,20260907_zyf_focus_01,data/locked/2026-09-07/zyf_focus1_20260907.edf,focus,unfocus,478.0,482.0
zyf_personal,zyf personal model,zyf,20260907_zyf_focus_01,data/locked/2026-09-07/zyf_focus1_20260907.edf,focus,unfocus,480.0,484.0
zyf_personal,zyf personal model,zyf,20260907_zyf_focus_01,data/locked/2026-09-07/zyf_focus1_20260907.edf,focus,unfocus,482.0,486.0
zyf_personal,zyf personal model,zyf,20260907_zyf_focus_01,data/locked/2026-09-07/zyf_focus1_20260907.edf,focus,unfocus,484.0,488.0
zyf_personal,zyf personal model,zyf,20260907_zyf_focus_01,data/locked/2026-09-07/zyf_focus1_20260907.edf,focus,unfocus,486.0,490.0
zyf_personal,zyf personal model,zyf,20260907_zyf_focus_01,data/locked/2026-09-07/zyf_focus1_20260907.edf,focus,unfocus,488.0,492.0
zyf_personal,zyf personal model,zyf,20260907_zyf_focus_01,data/locked/2026-09-07/zyf_focus1_20260907.edf,focus,unfocus,490.0,494.0
zyf_personal,zyf personal model,zyf,20260907_zyf_focus_01,data/locked/2026-09-07/zyf_focus1_20260907.edf,focus,unfocus,492.0,496.0
zyf_personal,zyf personal model,zyf,20260907_zyf_focus_01,data/locked/2026-09-07/zyf_focus1_20260907.edf,focus,unfocus,494.0,498.0
zyf_personal,zyf personal model,zyf,20260907_zyf_focus_01,data/locked/2026-09-07/zyf_focus1_20260907.edf,focus,unfocus,496.0,500.0
zyf_personal,zyf personal model,zyf,20260907_zyf_focus_01,data/locked/2026-09-07/zyf_focus1_20260907.edf,focus,unfocus,498.0,502.0
zyf_personal,zyf personal model,zyf,20260907_zyf_focus_01,data/locked/2026-09-07/zyf_focus1_20260907.edf,focus,unfocus,500.0,504.0
zyf_personal,zyf personal model,zyf,20260907_zyf_focus_01,data/locked/2026-09-07/zyf_focus1_20260907.edf,focus,unfocus,502.0,506.0
zyf_personal,zyf personal model,zyf,20260907_zyf_focus_01,data/locked/2026-09-07/zyf_focus1_20260907.edf,focus,unfocus,504.0,508.0
zyf_personal,zyf personal model,zyf,20260907_zyf_focus_01,data/locked/2026-09-07/zyf_focus1_20260907.edf,focus,unfocus,506.0,510.0
zyf_personal,zyf personal model,zyf,20260907_zyf_focus_01,data/locked/2026-09-07/zyf_focus1_20260907.edf,focus,unfocus,508.0,512.0
zyf_personal,zyf personal model,zyf,20260907_zyf_focus_01,data/locked/2026-09-07/zyf_focus1_20260907.edf,focus,unfocus,510.0,514.0
zyf_personal,zyf personal model,zyf,20260907_zyf_focus_01,data/locked/2026-09-07/zyf_focus1_20260907.edf,focus,unfocus,512.0,516.0
zyf_personal,zyf personal model,zyf,20260907_zyf_focus_01,data/locked/2026-09-07/zyf_focus1_20260907.edf,focus,unfocus,514.0,518.0
zyf_personal,zyf personal model,zyf,20260907_zyf_focus_01,data/locked/2026-09-07/zyf_focus1_20260907.edf,focus,unfocus,516.0,520.0
zyf_personal,zyf personal model,zyf,20260907_zyf_focus_01,data/locked/2026-09-07/zyf_focus1_20260907.edf,focus,unfocus,518.0,522.0
zyf_personal,zyf personal model,zyf,20260907_zyf_focus_01,data/locked/2026-09-07/zyf_focus1_20260907.edf,focus,unfocus,520.0,524.0
zyf_personal,zyf personal model,zyf,20260907_zyf_focus_01,data/locked/2026-09-07/zyf_focus1_20260907.edf,focus,unfocus,522.0,526.0
zyf_personal,zyf personal model,zyf,20260907_zyf_focus_01,data/locked/2026-09-07/zyf_focus1_20260907.edf,focus,focus,524.0,528.0
zyf_personal,zyf personal model,zyf,20260907_zyf_focus_01,data/locked/2026-09-07/zyf_focus1_20260907.edf,focus,focus,526.0,530.0
zyf_personal,zyf personal model,zyf,20260907_zyf_focus_01,data/locked/2026-09-07/zyf_focus1_20260907.edf,focus,unfocus,528.0,532.0
zyf_personal,zyf personal model,zyf,20260907_zyf_focus_01,data/locked/2026-09-07/zyf_focus1_20260907.edf,focus,focus,530.0,534.0
zyf_personal,zyf personal model,zyf,20260907_zyf_focus_01,data/locked/2026-09-07/zyf_focus1_20260907.edf,focus,unfocus,532.0,536.0
zyf_personal,zyf personal model,zyf,20260907_zyf_focus_01,data/locked/2026-09-07/zyf_focus1_20260907.edf,focus,unfocus,534.0,538.0
zyf_personal,zyf personal model,zyf,20260907_zyf_focus_01,data/locked/2026-09-07/zyf_focus1_20260907.edf,focus,unfocus,536.0,540.0
zyf_personal,zyf personal model,zyf,20260907_zyf_focus_01,data/locked/2026-09-07/zyf_focus1_20260907.edf,focus,unfocus,538.0,542.0
zyf_personal,zyf personal model,zyf,20260907_zyf_focus_01,data/locked/2026-09-07/zyf_focus1_20260907.edf,focus,unfocus,540.0,544.0
zyf_personal,zyf personal model,zyf,20260907_zyf_focus_01,data/locked/2026-09-07/zyf_focus1_20260907.edf,focus,unfocus,542.0,546.0
zyf_personal,zyf personal model,zyf,20260907_zyf_focus_01,data/locked/2026-09-07/zyf_focus1_20260907.edf,focus,unfocus,544.0,548.0
zyf_personal,zyf personal model,zyf,20260907_zyf_focus_01,data/locked/2026-09-07/zyf_focus1_20260907.edf,focus,unfocus,546.0,550.0
zyf_personal,zyf personal model,zyf,20260907_zyf_focus_01,data/locked/2026-09-07/zyf_focus1_20260907.edf,focus,unfocus,548.0,552.0
zyf_personal,zyf personal model,zyf,20260907_zyf_focus_01,data/locked/2026-09-07/zyf_focus1_20260907.edf,focus,unfocus,550.0,554.0
zyf_personal,zyf personal model,zyf,20260907_zyf_focus_01,data/locked/2026-09-07/zyf_focus1_20260907.edf,focus,unfocus,552.0,556.0
zyf_personal,zyf personal model,zyf,20260907_zyf_focus_01,data/locked/2026-09-07/zyf_focus1_20260907.edf,focus,unfocus,554.0,558.0
zyf_personal,zyf personal model,zyf,20260907_zyf_focus_01,data/locked/2026-09-07/zyf_focus1_20260907.edf,focus,unfocus,556.0,560.0
zyf_personal,zyf personal model,zyf,20260907_zyf_focus_01,data/locked/2026-09-07/zyf_focus1_20260907.edf,focus,unfocus,558.0,562.0
zyf_personal,zyf personal model,zyf,20260907_zyf_focus_01,data/locked/2026-09-07/zyf_focus1_20260907.edf,focus,unfocus,560.0,564.0
zyf_personal,zyf personal model,zyf,20260907_zyf_focus_01,data/locked/2026-09-07/zyf_focus1_20260907.edf,focus,unfocus,562.0,566.0
zyf_personal,zyf personal model,zyf,20260907_zyf_focus_01,data/locked/2026-09-07/zyf_focus1_20260907.edf,focus,unfocus,564.0,568.0
zyf_personal,zyf personal model,zyf,20260907_zyf_focus_01,data/locked/2026-09-07/zyf_focus1_20260907.edf,focus,unfocus,566.0,570.0
zyf_personal,zyf personal model,zyf,20260907_zyf_focus_01,data/locked/2026-09-07/zyf_focus1_20260907.edf,focus,unfocus,568.0,572.0
zyf_personal,zyf personal model,zyf,20260907_zyf_focus_01,data/locked/2026-09-07/zyf_focus1_20260907.edf,focus,unfocus,570.0,574.0
zyf_personal,zyf personal model,zyf,20260907_zyf_focus_01,data/locked/2026-09-07/zyf_focus1_20260907.edf,focus,unfocus,572.0,576.0
zyf_personal,zyf personal model,zyf,20260907_zyf_focus_01,data/locked/2026-09-07/zyf_focus1_20260907.edf,focus,unfocus,574.0,578.0
zyf_personal,zyf personal model,zyf,20260907_zyf_focus_01,data/locked/2026-09-07/zyf_focus1_20260907.edf,focus,unfocus,576.0,580.0
zyf_personal,zyf personal model,zyf,20260907_zyf_focus_01,data/locked/2026-09-07/zyf_focus1_20260907.edf,focus,unfocus,578.0,582.0
zyf_personal,zyf personal model,zyf,20260907_zyf_focus_01,data/locked/2026-09-07/zyf_focus1_20260907.edf,focus,unfocus,580.0,584.0
zyf_personal,zyf personal model,zyf,20260907_zyf_focus_01,data/locked/2026-09-07/zyf_focus1_20260907.edf,focus,focus,582.0,586.0
zyf_personal,zyf personal model,zyf,20260907_zyf_focus_01,data/locked/2026-09-07/zyf_focus1_20260907.edf,focus,unfocus,584.0,588.0
zyf_personal,zyf personal model,zyf,20260907_zyf_focus_01,data/locked/2026-09-07/zyf_focus1_20260907.edf,focus,unfocus,586.0,590.0
zyf_personal,zyf personal model,zyf,20260907_zyf_focus_01,data/locked/2026-09-07/zyf_focus1_20260907.edf,focus,unfocus,588.0,592.0
zyf_personal,zyf personal model,zyf,20260907_zyf_focus_01,data/locked/2026-09-07/zyf_focus1_20260907.edf,focus,unfocus,590.0,594.0
zyf_personal,zyf personal model,zyf,20260907_zyf_focus_01,data/locked/2026-09-07/zyf_focus1_20260907.edf,focus,unfocus,592.0,596.0
zyf_personal,zyf personal model,zyf,20260907_zyf_focus_01,data/locked/2026-09-07/zyf_focus1_20260907.edf,focus,unfocus,594.0,598.0
zyf_personal,zyf personal model,zyf,20260907_zyf_focus_01,data/locked/2026-09-07/zyf_focus1_20260907.edf,focus,unfocus,596.0,600.0
zyf_personal,zyf personal model,zyf,20260907_zyf_focus_01,data/locked/2026-09-07/zyf_focus1_20260907.edf,focus,unfocus,598.0,602.0
zyf_personal,zyf personal model,zyf,20260907_zyf_focus_01,data/locked/2026-09-07/zyf_focus1_20260907.edf,focus,unfocus,600.0,604.0
zyf_personal,zyf personal model,zyf,20260907_zyf_focus_01,data/locked/2026-09-07/zyf_focus1_20260907.edf,focus,unfocus,602.0,606.0
zyf_personal,zyf personal model,zyf,20260907_zyf_focus_01,data/locked/2026-09-07/zyf_focus1_20260907.edf,focus,unfocus,604.0,608.0
zyf_personal,zyf personal model,zyf,20260907_zyf_focus_01,data/locked/2026-09-07/zyf_focus1_20260907.edf,focus,unfocus,606.0,610.0
zyf_personal,zyf personal model,zyf,20260907_zyf_focus_01,data/locked/2026-09-07/zyf_focus1_20260907.edf,focus,unfocus,608.0,612.0
zyf_personal,zyf personal model,zyf,20260907_zyf_focus_01,data/locked/2026-09-07/zyf_focus1_20260907.edf,focus,unfocus,610.0,614.0
zyf_personal,zyf personal model,zyf,20260907_zyf_focus_01,data/locked/2026-09-07/zyf_focus1_20260907.edf,focus,unfocus,612.0,616.0
zyf_personal,zyf personal model,zyf,20260907_zyf_focus_01,data/locked/2026-09-07/zyf_focus1_20260907.edf,focus,unfocus,614.0,618.0
zyf_personal,zyf personal model,zyf,20260907_zyf_focus_01,data/locked/2026-09-07/zyf_focus1_20260907.edf,focus,unfocus,616.0,620.0
zyf_personal,zyf personal model,zyf,20260907_zyf_focus_01,data/locked/2026-09-07/zyf_focus1_20260907.edf,focus,unfocus,618.0,622.0
zyf_personal,zyf personal model,zyf,20260907_zyf_focus_01,data/locked/2026-09-07/zyf_focus1_20260907.edf,focus,focus,620.0,624.0
zyf_personal,zyf personal model,zyf,20260907_zyf_focus_01,data/locked/2026-09-07/zyf_focus1_20260907.edf,focus,unfocus,622.0,626.0
zyf_personal,zyf personal model,zyf,20260907_zyf_focus_01,data/locked/2026-09-07/zyf_focus1_20260907.edf,focus,unfocus,624.0,628.0
zyf_personal,zyf personal model,zyf,20260907_zyf_focus_01,data/locked/2026-09-07/zyf_focus1_20260907.edf,focus,unfocus,626.0,630.0
zyf_personal,zyf personal model,zyf,20260907_zyf_focus_01,data/locked/2026-09-07/zyf_focus1_20260907.edf,focus,unfocus,628.0,632.0
zyf_personal,zyf personal model,zyf,20260907_zyf_focus_01,data/locked/2026-09-07/zyf_focus1_20260907.edf,focus,unfocus,630.0,634.0
zyf_personal,zyf personal model,zyf,20260907_zyf_focus_01,data/locked/2026-09-07/zyf_focus1_20260907.edf,focus,unfocus,632.0,636.0
zyf_personal,zyf personal model,zyf,20260907_zyf_focus_01,data/locked/2026-09-07/zyf_focus1_20260907.edf,focus,unfocus,634.0,638.0
zyf_personal,zyf personal model,zyf,20260907_zyf_focus_01,data/locked/2026-09-07/zyf_focus1_20260907.edf,focus,unfocus,636.0,640.0
zyf_personal,zyf personal model,zyf,20260907_zyf_focus_01,data/locked/2026-09-07/zyf_focus1_20260907.edf,focus,unfocus,638.0,642.0
zyf_personal,zyf personal model,zyf,20260907_zyf_focus_01,data/locked/2026-09-07/zyf_focus1_20260907.edf,focus,unfocus,640.0,644.0
zyf_personal,zyf personal model,zyf,20260907_zyf_focus_01,data/locked/2026-09-07/zyf_focus1_20260907.edf,focus,unfocus,642.0,646.0
zyf_personal,zyf personal model,zyf,20260907_zyf_focus_01,data/locked/2026-09-07/zyf_focus1_20260907.edf,focus,unfocus,644.0,648.0
zyf_personal,zyf personal model,zyf,20260907_zyf_focus_01,data/locked/2026-09-07/zyf_focus1_20260907.edf,focus,unfocus,646.0,650.0
zyf_personal,zyf personal model,zyf,20260907_zyf_focus_01,data/locked/2026-09-07/zyf_focus1_20260907.edf,focus,unfocus,648.0,652.0
zyf_personal,zyf personal model,zyf,20260907_zyf_focus_01,data/locked/2026-09-07/zyf_focus1_20260907.edf,focus,unfocus,650.0,654.0
zyf_personal,zyf personal model,zyf,20260907_zyf_focus_01,data/locked/2026-09-07/zyf_focus1_20260907.edf,focus,unfocus,652.0,656.0
zyf_personal,zyf personal model,zyf,20260907_zyf_focus_01,data/locked/2026-09-07/zyf_focus1_20260907.edf,focus,unfocus,654.0,658.0
zyf_personal,zyf personal model,zyf,20260907_zyf_focus_01,data/locked/2026-09-07/zyf_focus1_20260907.edf,focus,unfocus,656.0,660.0
zyf_personal,zyf personal model,zyf,20260907_zyf_focus_01,data/locked/2026-09-07/zyf_focus1_20260907.edf,focus,unfocus,658.0,662.0
zyf_personal,zyf personal model,zyf,20260907_zyf_focus_01,data/locked/2026-09-07/zyf_focus1_20260907.edf,focus,unfocus,660.0,664.0
zyf_personal,zyf personal model,zyf,20260907_zyf_focus_01,data/locked/2026-09-07/zyf_focus1_20260907.edf,focus,unfocus,662.0,666.0
zyf_personal,zyf personal model,zyf,20260907_zyf_focus_01,data/locked/2026-09-07/zyf_focus1_20260907.edf,focus,unfocus,664.0,668.0
zyf_personal,zyf personal model,zyf,20260907_zyf_focus_01,data/locked/2026-09-07/zyf_focus1_20260907.edf,focus,unfocus,666.0,670.0
zyf_personal,zyf personal model,zyf,20260907_zyf_focus_01,data/locked/2026-09-07/zyf_focus1_20260907.edf,focus,unfocus,668.0,672.0
zyf_personal,zyf personal model,zyf,20260907_zyf_focus_01,data/locked/2026-09-07/zyf_focus1_20260907.edf,focus,unfocus,670.0,674.0
zyf_personal,zyf personal model,zyf,20260907_zyf_focus_01,data/locked/2026-09-07/zyf_focus1_20260907.edf,focus,focus,672.0,676.0
zyf_personal,zyf personal model,zyf,20260907_zyf_focus_01,data/locked/2026-09-07/zyf_focus1_20260907.edf,focus,unfocus,674.0,678.0
zyf_personal,zyf personal model,zyf,20260907_zyf_focus_01,data/locked/2026-09-07/zyf_focus1_20260907.edf,focus,focus,676.0,680.0
zyf_personal,zyf personal model,zyf,20260907_zyf_focus_01,data/locked/2026-09-07/zyf_focus1_20260907.edf,focus,focus,678.0,682.0
zyf_personal,zyf personal model,zyf,20260907_zyf_focus_01,data/locked/2026-09-07/zyf_focus1_20260907.edf,focus,unfocus,680.0,684.0
zyf_personal,zyf personal model,zyf,20260907_zyf_focus_01,data/locked/2026-09-07/zyf_focus1_20260907.edf,focus,focus,682.0,686.0
zyf_personal,zyf personal model,zyf,20260907_zyf_focus_01,data/locked/2026-09-07/zyf_focus1_20260907.edf,focus,unfocus,684.0,688.0
zyf_personal,zyf personal model,zyf,20260907_zyf_focus_01,data/locked/2026-09-07/zyf_focus1_20260907.edf,focus,focus,686.0,690.0
zyf_personal,zyf personal model,zyf,20260907_zyf_focus_01,data/locked/2026-09-07/zyf_focus1_20260907.edf,focus,focus,688.0,692.0
zyf_personal,zyf personal model,zyf,20260907_zyf_focus_01,data/locked/2026-09-07/zyf_focus1_20260907.edf,focus,focus,690.0,694.0
zyf_personal,zyf personal model,zyf,20260907_zyf_focus_01,data/locked/2026-09-07/zyf_focus1_20260907.edf,focus,focus,692.0,696.0
zyf_personal,zyf personal model,zyf,20260907_zyf_focus_01,data/locked/2026-09-07/zyf_focus1_20260907.edf,focus,focus,694.0,698.0
zyf_personal,zyf personal model,zyf,20260907_zyf_focus_01,data/locked/2026-09-07/zyf_focus1_20260907.edf,focus,unfocus,696.0,700.0
zyf_personal,zyf personal model,zyf,20260907_zyf_focus_01,data/locked/2026-09-07/zyf_focus1_20260907.edf,focus,unfocus,698.0,702.0
zyf_personal,zyf personal model,zyf,20260907_zyf_focus_01,data/locked/2026-09-07/zyf_focus1_20260907.edf,focus,unfocus,700.0,704.0
zyf_personal,zyf personal model,zyf,20260907_zyf_focus_01,data/locked/2026-09-07/zyf_focus1_20260907.edf,focus,focus,702.0,706.0
zyf_personal,zyf personal model,zyf,20260907_zyf_focus_01,data/locked/2026-09-07/zyf_focus1_20260907.edf,focus,focus,704.0,708.0
zyf_personal,zyf personal model,zyf,20260907_zyf_focus_01,data/locked/2026-09-07/zyf_focus1_20260907.edf,focus,unfocus,706.0,710.0
zyf_personal,zyf personal model,zyf,20260907_zyf_focus_01,data/locked/2026-09-07/zyf_focus1_20260907.edf,focus,unfocus,708.0,712.0
zyf_personal,zyf personal model,zyf,20260907_zyf_focus_01,data/locked/2026-09-07/zyf_focus1_20260907.edf,focus,unfocus,710.0,714.0
zyf_personal,zyf personal model,zyf,20260907_zyf_focus_01,data/locked/2026-09-07/zyf_focus1_20260907.edf,focus,unfocus,712.0,716.0
zyf_personal,zyf personal model,zyf,20260907_zyf_focus_01,data/locked/2026-09-07/zyf_focus1_20260907.edf,focus,unfocus,714.0,718.0
zyf_personal,zyf personal model,zyf,20260907_zyf_focus_01,data/locked/2026-09-07/zyf_focus1_20260907.edf,focus,unfocus,716.0,720.0
zyf_personal,zyf personal model,zyf,20260907_zyf_focus_01,data/locked/2026-09-07/zyf_focus1_20260907.edf,focus,focus,718.0,722.0
zyf_personal,zyf personal model,zyf,20260907_zyf_focus_01,data/locked/2026-09-07/zyf_focus1_20260907.edf,focus,focus,720.0,724.0
zyf_personal,zyf personal model,zyf,20260907_zyf_focus_01,data/locked/2026-09-07/zyf_focus1_20260907.edf,focus,unfocus,722.0,726.0
zyf_personal,zyf personal model,zyf,20260907_zyf_focus_01,data/locked/2026-09-07/zyf_focus1_20260907.edf,focus,unfocus,724.0,728.0
zyf_personal,zyf personal model,zyf,20260907_zyf_focus_01,data/locked/2026-09-07/zyf_focus1_20260907.edf,focus,unfocus,726.0,730.0
zyf_personal,zyf personal model,zyf,20260907_zyf_focus_01,data/locked/2026-09-07/zyf_focus1_20260907.edf,focus,unfocus,728.0,732.0
zyf_personal,zyf personal model,zyf,20260907_zyf_focus_01,data/locked/2026-09-07/zyf_focus1_20260907.edf,focus,unfocus,730.0,734.0
zyf_personal,zyf personal model,zyf,20260907_zyf_focus_01,data/locked/2026-09-07/zyf_focus1_20260907.edf,focus,unfocus,732.0,736.0
zyf_personal,zyf personal model,zyf,20260907_zyf_focus_01,data/locked/2026-09-07/zyf_focus1_20260907.edf,focus,unfocus,734.0,738.0
zyf_personal,zyf personal model,zyf,20260907_zyf_focus_01,data/locked/2026-09-07/zyf_focus1_20260907.edf,focus,unfocus,736.0,740.0
zyf_personal,zyf personal model,zyf,20260907_zyf_focus_01,data/locked/2026-09-07/zyf_focus1_20260907.edf,focus,unfocus,738.0,742.0
zyf_personal,zyf personal model,zyf,20260907_zyf_focus_01,data/locked/2026-09-07/zyf_focus1_20260907.edf,focus,unfocus,740.0,744.0
zyf_personal,zyf personal model,zyf,20260907_zyf_focus_01,data/locked/2026-09-07/zyf_focus1_20260907.edf,focus,unfocus,742.0,746.0
zyf_personal,zyf personal model,zyf,20260907_zyf_focus_01,data/locked/2026-09-07/zyf_focus1_20260907.edf,focus,unfocus,744.0,748.0
zyf_personal,zyf personal model,zyf,20260907_zyf_focus_01,data/locked/2026-09-07/zyf_focus1_20260907.edf,focus,unfocus,746.0,750.0
zyf_personal,zyf personal model,zyf,20260907_zyf_focus_01,data/locked/2026-09-07/zyf_focus1_20260907.edf,focus,unfocus,748.0,752.0
zyf_personal,zyf personal model,zyf,20260907_zyf_focus_01,data/locked/2026-09-07/zyf_focus1_20260907.edf,focus,unfocus,750.0,754.0
zyf_personal,zyf personal model,zyf,20260907_zyf_focus_01,data/locked/2026-09-07/zyf_focus1_20260907.edf,focus,unfocus,752.0,756.0
zyf_personal,zyf personal model,zyf,20260907_zyf_focus_01,data/locked/2026-09-07/zyf_focus1_20260907.edf,focus,unfocus,754.0,758.0
zyf_personal,zyf personal model,zyf,20260907_zyf_focus_01,data/locked/2026-09-07/zyf_focus1_20260907.edf,focus,unfocus,756.0,760.0
zyf_personal,zyf personal model,zyf,20260907_zyf_focus_01,data/locked/2026-09-07/zyf_focus1_20260907.edf,focus,unfocus,758.0,762.0
zyf_personal,zyf personal model,zyf,20260907_zyf_focus_01,data/locked/2026-09-07/zyf_focus1_20260907.edf,focus,unfocus,760.0,764.0
zyf_personal,zyf personal model,zyf,20260907_zyf_focus_01,data/locked/2026-09-07/zyf_focus1_20260907.edf,focus,unfocus,762.0,766.0
zyf_personal,zyf personal model,zyf,20260907_zyf_focus_01,data/locked/2026-09-07/zyf_focus1_20260907.edf,focus,unfocus,764.0,768.0
zyf_personal,zyf personal model,zyf,20260907_zyf_focus_01,data/locked/2026-09-07/zyf_focus1_20260907.edf,focus,focus,766.0,770.0
zyf_personal,zyf personal model,zyf,20260907_zyf_focus_01,data/locked/2026-09-07/zyf_focus1_20260907.edf,focus,unfocus,768.0,772.0
zyf_personal,zyf personal model,zyf,20260907_zyf_focus_01,data/locked/2026-09-07/zyf_focus1_20260907.edf,focus,focus,770.0,774.0
zyf_personal,zyf personal model,zyf,20260907_zyf_focus_01,data/locked/2026-09-07/zyf_focus1_20260907.edf,focus,focus,772.0,776.0
zyf_personal,zyf personal model,zyf,20260907_zyf_focus_01,data/locked/2026-09-07/zyf_focus1_20260907.edf,focus,focus,774.0,778.0
zyf_personal,zyf personal model,zyf,20260907_zyf_focus_01,data/locked/2026-09-07/zyf_focus1_20260907.edf,focus,unfocus,776.0,780.0
zyf_personal,zyf personal model,zyf,20260907_zyf_focus_01,data/locked/2026-09-07/zyf_focus1_20260907.edf,focus,unfocus,778.0,782.0
zyf_personal,zyf personal model,zyf,20260907_zyf_focus_01,data/locked/2026-09-07/zyf_focus1_20260907.edf,focus,unfocus,780.0,784.0
zyf_personal,zyf personal model,zyf,20260907_zyf_focus_01,data/locked/2026-09-07/zyf_focus1_20260907.edf,focus,unfocus,782.0,786.0
zyf_personal,zyf personal model,zyf,20260907_zyf_focus_01,data/locked/2026-09-07/zyf_focus1_20260907.edf,focus,unfocus,784.0,788.0
zyf_personal,zyf personal model,zyf,20260907_zyf_focus_01,data/locked/2026-09-07/zyf_focus1_20260907.edf,focus,unfocus,786.0,790.0
zyf_personal,zyf personal model,zyf,20260907_zyf_focus_01,data/locked/2026-09-07/zyf_focus1_20260907.edf,focus,unfocus,788.0,792.0
zyf_personal,zyf personal model,zyf,20260907_zyf_focus_01,data/locked/2026-09-07/zyf_focus1_20260907.edf,focus,unfocus,790.0,794.0
zyf_personal,zyf personal model,zyf,20260907_zyf_focus_01,data/locked/2026-09-07/zyf_focus1_20260907.edf,focus,focus,792.0,796.0
zyf_personal,zyf personal model,zyf,20260907_zyf_focus_01,data/locked/2026-09-07/zyf_focus1_20260907.edf,focus,unfocus,794.0,798.0
zyf_personal,zyf personal model,zyf,20260907_zyf_focus_01,data/locked/2026-09-07/zyf_focus1_20260907.edf,focus,unfocus,796.0,800.0
zyf_personal,zyf personal model,zyf,20260907_zyf_focus_01,data/locked/2026-09-07/zyf_focus1_20260907.edf,focus,focus,798.0,802.0
zyf_personal,zyf personal model,zyf,20260907_zyf_focus_01,data/locked/2026-09-07/zyf_focus1_20260907.edf,focus,unfocus,800.0,804.0
zyf_personal,zyf personal model,zyf,20260907_zyf_focus_01,data/locked/2026-09-07/zyf_focus1_20260907.edf,focus,unfocus,802.0,806.0
zyf_personal,zyf personal model,zyf,20260907_zyf_focus_01,data/locked/2026-09-07/zyf_focus1_20260907.edf,focus,focus,804.0,808.0
zyf_personal,zyf personal model,zyf,20260907_zyf_focus_01,data/locked/2026-09-07/zyf_focus1_20260907.edf,focus,focus,806.0,810.0
zyf_personal,zyf personal model,zyf,20260907_zyf_focus_01,data/locked/2026-09-07/zyf_focus1_20260907.edf,focus,unfocus,808.0,812.0
zyf_personal,zyf personal model,zyf,20260907_zyf_focus_01,data/locked/2026-09-07/zyf_focus1_20260907.edf,focus,unfocus,810.0,814.0
zyf_personal,zyf personal model,zyf,20260907_zyf_focus_01,data/locked/2026-09-07/zyf_focus1_20260907.edf,focus,unfocus,812.0,816.0
zyf_personal,zyf personal model,zyf,20260907_zyf_focus_01,data/locked/2026-09-07/zyf_focus1_20260907.edf,focus,unfocus,814.0,818.0
zyf_personal,zyf personal model,zyf,20260907_zyf_focus_01,data/locked/2026-09-07/zyf_focus1_20260907.edf,focus,unfocus,816.0,820.0
zyf_personal,zyf personal model,zyf,20260907_zyf_focus_01,data/locked/2026-09-07/zyf_focus1_20260907.edf,focus,unfocus,818.0,822.0
zyf_personal,zyf personal model,zyf,20260907_zyf_focus_01,data/locked/2026-09-07/zyf_focus1_20260907.edf,focus,focus,820.0,824.0
zyf_personal,zyf personal model,zyf,20260907_zyf_focus_01,data/locked/2026-09-07/zyf_focus1_20260907.edf,focus,unfocus,822.0,826.0
zyf_personal,zyf personal model,zyf,20260907_zyf_focus_01,data/locked/2026-09-07/zyf_focus1_20260907.edf,focus,unfocus,824.0,828.0
zyf_personal,zyf personal model,zyf,20260907_zyf_focus_01,data/locked/2026-09-07/zyf_focus1_20260907.edf,focus,unfocus,826.0,830.0
zyf_personal,zyf personal model,zyf,20260907_zyf_focus_01,data/locked/2026-09-07/zyf_focus1_20260907.edf,focus,unfocus,828.0,832.0
zyf_personal,zyf personal model,zyf,20260907_zyf_focus_01,data/locked/2026-09-07/zyf_focus1_20260907.edf,focus,unfocus,830.0,834.0
zyf_personal,zyf personal model,zyf,20260907_zyf_focus_01,data/locked/2026-09-07/zyf_focus1_20260907.edf,focus,focus,832.0,836.0
zyf_personal,zyf personal model,zyf,20260907_zyf_focus_01,data/locked/2026-09-07/zyf_focus1_20260907.edf,focus,focus,834.0,838.0
zyf_personal,zyf personal model,zyf,20260907_zyf_focus_01,data/locked/2026-09-07/zyf_focus1_20260907.edf,focus,unfocus,836.0,840.0
zyf_personal,zyf personal model,zyf,20260907_zyf_focus_01,data/locked/2026-09-07/zyf_focus1_20260907.edf,focus,unfocus,838.0,842.0
zyf_personal,zyf personal model,zyf,20260907_zyf_focus_01,data/locked/2026-09-07/zyf_focus1_20260907.edf,focus,unfocus,840.0,844.0
zyf_personal,zyf personal model,zyf,20260907_zyf_focus_01,data/locked/2026-09-07/zyf_focus1_20260907.edf,focus,unfocus,842.0,846.0
zyf_personal,zyf personal model,zyf,20260907_zyf_focus_01,data/locked/2026-09-07/zyf_focus1_20260907.edf,focus,unfocus,844.0,848.0
zyf_personal,zyf personal model,zyf,20260907_zyf_focus_01,data/locked/2026-09-07/zyf_focus1_20260907.edf,focus,unfocus,846.0,850.0
zyf_personal,zyf personal model,zyf,20260907_zyf_focus_01,data/locked/2026-09-07/zyf_focus1_20260907.edf,focus,unfocus,848.0,852.0
zyf_personal,zyf personal model,zyf,20260907_zyf_focus_01,data/locked/2026-09-07/zyf_focus1_20260907.edf,focus,unfocus,850.0,854.0
zyf_personal,zyf personal model,zyf,20260907_zyf_focus_01,data/locked/2026-09-07/zyf_focus1_20260907.edf,focus,unfocus,852.0,856.0
zyf_personal,zyf personal model,zyf,20260907_zyf_focus_01,data/locked/2026-09-07/zyf_focus1_20260907.edf,focus,unfocus,854.0,858.0
zyf_personal,zyf personal model,zyf,20260907_zyf_focus_01,data/locked/2026-09-07/zyf_focus1_20260907.edf,focus,unfocus,856.0,860.0
zyf_personal,zyf personal model,zyf,20260907_zyf_focus_01,data/locked/2026-09-07/zyf_focus1_20260907.edf,focus,unfocus,858.0,862.0
zyf_personal,zyf personal model,zyf,20260907_zyf_focus_01,data/locked/2026-09-07/zyf_focus1_20260907.edf,focus,unfocus,860.0,864.0
zyf_personal,zyf personal model,zyf,20260907_zyf_focus_01,data/locked/2026-09-07/zyf_focus1_20260907.edf,focus,unfocus,862.0,866.0
zyf_personal,zyf personal model,zyf,20260907_zyf_focus_01,data/locked/2026-09-07/zyf_focus1_20260907.edf,focus,unfocus,864.0,868.0
zyf_personal,zyf personal model,zyf,20260907_zyf_focus_01,data/locked/2026-09-07/zyf_focus1_20260907.edf,focus,unfocus,866.0,870.0
zyf_personal,zyf personal model,zyf,20260907_zyf_focus_01,data/locked/2026-09-07/zyf_focus1_20260907.edf,focus,unfocus,868.0,872.0
zyf_personal,zyf personal model,zyf,20260907_zyf_focus_01,data/locked/2026-09-07/zyf_focus1_20260907.edf,focus,unfocus,870.0,874.0
zyf_personal,zyf personal model,zyf,20260907_zyf_focus_01,data/locked/2026-09-07/zyf_focus1_20260907.edf,focus,unfocus,872.0,876.0
zyf_personal,zyf personal model,zyf,20260907_zyf_focus_01,data/locked/2026-09-07/zyf_focus1_20260907.edf,focus,unfocus,874.0,878.0
zyf_personal,zyf personal model,zyf,20260907_zyf_focus_01,data/locked/2026-09-07/zyf_focus1_20260907.edf,focus,unfocus,876.0,880.0
pooled,Existing pooled frozen model,zyf,20260907_zyf_focus_02,data/locked/2026-09-07/zyf_focus2_20260907.edf,focus,focus,30.0,34.0
pooled,Existing pooled frozen model,zyf,20260907_zyf_focus_02,data/locked/2026-09-07/zyf_focus2_20260907.edf,focus,unfocus,32.0,36.0
pooled,Existing pooled frozen model,zyf,20260907_zyf_focus_02,data/locked/2026-09-07/zyf_focus2_20260907.edf,focus,unfocus,34.0,38.0
pooled,Existing pooled frozen model,zyf,20260907_zyf_focus_02,data/locked/2026-09-07/zyf_focus2_20260907.edf,focus,unfocus,36.0,40.0
pooled,Existing pooled frozen model,zyf,20260907_zyf_focus_02,data/locked/2026-09-07/zyf_focus2_20260907.edf,focus,unfocus,38.0,42.0
pooled,Existing pooled frozen model,zyf,20260907_zyf_focus_02,data/locked/2026-09-07/zyf_focus2_20260907.edf,focus,unfocus,40.0,44.0
pooled,Existing pooled frozen model,zyf,20260907_zyf_focus_02,data/locked/2026-09-07/zyf_focus2_20260907.edf,focus,unfocus,42.0,46.0
pooled,Existing pooled frozen model,zyf,20260907_zyf_focus_02,data/locked/2026-09-07/zyf_focus2_20260907.edf,focus,unfocus,44.0,48.0
pooled,Existing pooled frozen model,zyf,20260907_zyf_focus_02,data/locked/2026-09-07/zyf_focus2_20260907.edf,focus,unfocus,46.0,50.0
pooled,Existing pooled frozen model,zyf,20260907_zyf_focus_02,data/locked/2026-09-07/zyf_focus2_20260907.edf,focus,focus,48.0,52.0
pooled,Existing pooled frozen model,zyf,20260907_zyf_focus_02,data/locked/2026-09-07/zyf_focus2_20260907.edf,focus,focus,50.0,54.0
pooled,Existing pooled frozen model,zyf,20260907_zyf_focus_02,data/locked/2026-09-07/zyf_focus2_20260907.edf,focus,focus,52.0,56.0
pooled,Existing pooled frozen model,zyf,20260907_zyf_focus_02,data/locked/2026-09-07/zyf_focus2_20260907.edf,focus,focus,54.0,58.0
pooled,Existing pooled frozen model,zyf,20260907_zyf_focus_02,data/locked/2026-09-07/zyf_focus2_20260907.edf,focus,focus,56.0,60.0
pooled,Existing pooled frozen model,zyf,20260907_zyf_focus_02,data/locked/2026-09-07/zyf_focus2_20260907.edf,focus,focus,58.0,62.0
pooled,Existing pooled frozen model,zyf,20260907_zyf_focus_02,data/locked/2026-09-07/zyf_focus2_20260907.edf,focus,focus,60.0,64.0
pooled,Existing pooled frozen model,zyf,20260907_zyf_focus_02,data/locked/2026-09-07/zyf_focus2_20260907.edf,focus,focus,62.0,66.0
pooled,Existing pooled frozen model,zyf,20260907_zyf_focus_02,data/locked/2026-09-07/zyf_focus2_20260907.edf,focus,focus,64.0,68.0
pooled,Existing pooled frozen model,zyf,20260907_zyf_focus_02,data/locked/2026-09-07/zyf_focus2_20260907.edf,focus,focus,66.0,70.0
pooled,Existing pooled frozen model,zyf,20260907_zyf_focus_02,data/locked/2026-09-07/zyf_focus2_20260907.edf,focus,focus,68.0,72.0
pooled,Existing pooled frozen model,zyf,20260907_zyf_focus_02,data/locked/2026-09-07/zyf_focus2_20260907.edf,focus,unfocus,70.0,74.0
pooled,Existing pooled frozen model,zyf,20260907_zyf_focus_02,data/locked/2026-09-07/zyf_focus2_20260907.edf,focus,unfocus,72.0,76.0
pooled,Existing pooled frozen model,zyf,20260907_zyf_focus_02,data/locked/2026-09-07/zyf_focus2_20260907.edf,focus,unfocus,74.0,78.0
pooled,Existing pooled frozen model,zyf,20260907_zyf_focus_02,data/locked/2026-09-07/zyf_focus2_20260907.edf,focus,unfocus,76.0,80.0
pooled,Existing pooled frozen model,zyf,20260907_zyf_focus_02,data/locked/2026-09-07/zyf_focus2_20260907.edf,focus,focus,78.0,82.0
pooled,Existing pooled frozen model,zyf,20260907_zyf_focus_02,data/locked/2026-09-07/zyf_focus2_20260907.edf,focus,unfocus,80.0,84.0
pooled,Existing pooled frozen model,zyf,20260907_zyf_focus_02,data/locked/2026-09-07/zyf_focus2_20260907.edf,focus,focus,82.0,86.0
pooled,Existing pooled frozen model,zyf,20260907_zyf_focus_02,data/locked/2026-09-07/zyf_focus2_20260907.edf,focus,focus,84.0,88.0
pooled,Existing pooled frozen model,zyf,20260907_zyf_focus_02,data/locked/2026-09-07/zyf_focus2_20260907.edf,focus,focus,86.0,90.0
pooled,Existing pooled frozen model,zyf,20260907_zyf_focus_02,data/locked/2026-09-07/zyf_focus2_20260907.edf,focus,focus,88.0,92.0
pooled,Existing pooled frozen model,zyf,20260907_zyf_focus_02,data/locked/2026-09-07/zyf_focus2_20260907.edf,focus,focus,90.0,94.0
pooled,Existing pooled frozen model,zyf,20260907_zyf_focus_02,data/locked/2026-09-07/zyf_focus2_20260907.edf,focus,unfocus,92.0,96.0
pooled,Existing pooled frozen model,zyf,20260907_zyf_focus_02,data/locked/2026-09-07/zyf_focus2_20260907.edf,focus,unfocus,94.0,98.0
pooled,Existing pooled frozen model,zyf,20260907_zyf_focus_02,data/locked/2026-09-07/zyf_focus2_20260907.edf,focus,unfocus,96.0,100.0
pooled,Existing pooled frozen model,zyf,20260907_zyf_focus_02,data/locked/2026-09-07/zyf_focus2_20260907.edf,focus,focus,98.0,102.0
pooled,Existing pooled frozen model,zyf,20260907_zyf_focus_02,data/locked/2026-09-07/zyf_focus2_20260907.edf,focus,focus,100.0,104.0
pooled,Existing pooled frozen model,zyf,20260907_zyf_focus_02,data/locked/2026-09-07/zyf_focus2_20260907.edf,focus,unfocus,102.0,106.0
pooled,Existing pooled frozen model,zyf,20260907_zyf_focus_02,data/locked/2026-09-07/zyf_focus2_20260907.edf,focus,focus,104.0,108.0
pooled,Existing pooled frozen model,zyf,20260907_zyf_focus_02,data/locked/2026-09-07/zyf_focus2_20260907.edf,focus,focus,106.0,110.0
pooled,Existing pooled frozen model,zyf,20260907_zyf_focus_02,data/locked/2026-09-07/zyf_focus2_20260907.edf,focus,focus,108.0,112.0
pooled,Existing pooled frozen model,zyf,20260907_zyf_focus_02,data/locked/2026-09-07/zyf_focus2_20260907.edf,focus,focus,110.0,114.0
pooled,Existing pooled frozen model,zyf,20260907_zyf_focus_02,data/locked/2026-09-07/zyf_focus2_20260907.edf,focus,unfocus,112.0,116.0
pooled,Existing pooled frozen model,zyf,20260907_zyf_focus_02,data/locked/2026-09-07/zyf_focus2_20260907.edf,focus,focus,114.0,118.0
pooled,Existing pooled frozen model,zyf,20260907_zyf_focus_02,data/locked/2026-09-07/zyf_focus2_20260907.edf,focus,focus,116.0,120.0
pooled,Existing pooled frozen model,zyf,20260907_zyf_focus_02,data/locked/2026-09-07/zyf_focus2_20260907.edf,focus,focus,118.0,122.0
pooled,Existing pooled frozen model,zyf,20260907_zyf_focus_02,data/locked/2026-09-07/zyf_focus2_20260907.edf,focus,unfocus,120.0,124.0
pooled,Existing pooled frozen model,zyf,20260907_zyf_focus_02,data/locked/2026-09-07/zyf_focus2_20260907.edf,focus,focus,122.0,126.0
pooled,Existing pooled frozen model,zyf,20260907_zyf_focus_02,data/locked/2026-09-07/zyf_focus2_20260907.edf,focus,unfocus,124.0,128.0
pooled,Existing pooled frozen model,zyf,20260907_zyf_focus_02,data/locked/2026-09-07/zyf_focus2_20260907.edf,focus,focus,126.0,130.0
pooled,Existing pooled frozen model,zyf,20260907_zyf_focus_02,data/locked/2026-09-07/zyf_focus2_20260907.edf,focus,focus,128.0,132.0
pooled,Existing pooled frozen model,zyf,20260907_zyf_focus_02,data/locked/2026-09-07/zyf_focus2_20260907.edf,focus,focus,130.0,134.0
pooled,Existing pooled frozen model,zyf,20260907_zyf_focus_02,data/locked/2026-09-07/zyf_focus2_20260907.edf,focus,unfocus,132.0,136.0
pooled,Existing pooled frozen model,zyf,20260907_zyf_focus_02,data/locked/2026-09-07/zyf_focus2_20260907.edf,focus,unfocus,134.0,138.0
pooled,Existing pooled frozen model,zyf,20260907_zyf_focus_02,data/locked/2026-09-07/zyf_focus2_20260907.edf,focus,unfocus,136.0,140.0
pooled,Existing pooled frozen model,zyf,20260907_zyf_focus_02,data/locked/2026-09-07/zyf_focus2_20260907.edf,focus,unfocus,138.0,142.0
pooled,Existing pooled frozen model,zyf,20260907_zyf_focus_02,data/locked/2026-09-07/zyf_focus2_20260907.edf,focus,unfocus,140.0,144.0
pooled,Existing pooled frozen model,zyf,20260907_zyf_focus_02,data/locked/2026-09-07/zyf_focus2_20260907.edf,focus,unfocus,142.0,146.0
pooled,Existing pooled frozen model,zyf,20260907_zyf_focus_02,data/locked/2026-09-07/zyf_focus2_20260907.edf,focus,unfocus,144.0,148.0
pooled,Existing pooled frozen model,zyf,20260907_zyf_focus_02,data/locked/2026-09-07/zyf_focus2_20260907.edf,focus,unfocus,146.0,150.0
pooled,Existing pooled frozen model,zyf,20260907_zyf_focus_02,data/locked/2026-09-07/zyf_focus2_20260907.edf,focus,unfocus,148.0,152.0
pooled,Existing pooled frozen model,zyf,20260907_zyf_focus_02,data/locked/2026-09-07/zyf_focus2_20260907.edf,focus,focus,150.0,154.0
pooled,Existing pooled frozen model,zyf,20260907_zyf_focus_02,data/locked/2026-09-07/zyf_focus2_20260907.edf,focus,focus,152.0,156.0
pooled,Existing pooled frozen model,zyf,20260907_zyf_focus_02,data/locked/2026-09-07/zyf_focus2_20260907.edf,focus,unfocus,154.0,158.0
pooled,Existing pooled frozen model,zyf,20260907_zyf_focus_02,data/locked/2026-09-07/zyf_focus2_20260907.edf,focus,unfocus,156.0,160.0
pooled,Existing pooled frozen model,zyf,20260907_zyf_focus_02,data/locked/2026-09-07/zyf_focus2_20260907.edf,focus,focus,158.0,162.0
pooled,Existing pooled frozen model,zyf,20260907_zyf_focus_02,data/locked/2026-09-07/zyf_focus2_20260907.edf,focus,focus,160.0,164.0
pooled,Existing pooled frozen model,zyf,20260907_zyf_focus_02,data/locked/2026-09-07/zyf_focus2_20260907.edf,focus,focus,162.0,166.0
pooled,Existing pooled frozen model,zyf,20260907_zyf_focus_02,data/locked/2026-09-07/zyf_focus2_20260907.edf,focus,unfocus,164.0,168.0
pooled,Existing pooled frozen model,zyf,20260907_zyf_focus_02,data/locked/2026-09-07/zyf_focus2_20260907.edf,focus,unfocus,166.0,170.0
pooled,Existing pooled frozen model,zyf,20260907_zyf_focus_02,data/locked/2026-09-07/zyf_focus2_20260907.edf,focus,unfocus,168.0,172.0
pooled,Existing pooled frozen model,zyf,20260907_zyf_focus_02,data/locked/2026-09-07/zyf_focus2_20260907.edf,focus,focus,170.0,174.0
pooled,Existing pooled frozen model,zyf,20260907_zyf_focus_02,data/locked/2026-09-07/zyf_focus2_20260907.edf,focus,unfocus,172.0,176.0
pooled,Existing pooled frozen model,zyf,20260907_zyf_focus_02,data/locked/2026-09-07/zyf_focus2_20260907.edf,focus,focus,174.0,178.0
pooled,Existing pooled frozen model,zyf,20260907_zyf_focus_02,data/locked/2026-09-07/zyf_focus2_20260907.edf,focus,unfocus,176.0,180.0
pooled,Existing pooled frozen model,zyf,20260907_zyf_focus_02,data/locked/2026-09-07/zyf_focus2_20260907.edf,focus,unfocus,178.0,182.0
pooled,Existing pooled frozen model,zyf,20260907_zyf_focus_02,data/locked/2026-09-07/zyf_focus2_20260907.edf,focus,unfocus,180.0,184.0
pooled,Existing pooled frozen model,zyf,20260907_zyf_focus_02,data/locked/2026-09-07/zyf_focus2_20260907.edf,focus,focus,182.0,186.0
pooled,Existing pooled frozen model,zyf,20260907_zyf_focus_02,data/locked/2026-09-07/zyf_focus2_20260907.edf,focus,focus,184.0,188.0
pooled,Existing pooled frozen model,zyf,20260907_zyf_focus_02,data/locked/2026-09-07/zyf_focus2_20260907.edf,focus,focus,186.0,190.0
pooled,Existing pooled frozen model,zyf,20260907_zyf_focus_02,data/locked/2026-09-07/zyf_focus2_20260907.edf,focus,focus,188.0,192.0
pooled,Existing pooled frozen model,zyf,20260907_zyf_focus_02,data/locked/2026-09-07/zyf_focus2_20260907.edf,focus,unfocus,190.0,194.0
pooled,Existing pooled frozen model,zyf,20260907_zyf_focus_02,data/locked/2026-09-07/zyf_focus2_20260907.edf,focus,unfocus,192.0,196.0
pooled,Existing pooled frozen model,zyf,20260907_zyf_focus_02,data/locked/2026-09-07/zyf_focus2_20260907.edf,focus,unfocus,194.0,198.0
pooled,Existing pooled frozen model,zyf,20260907_zyf_focus_02,data/locked/2026-09-07/zyf_focus2_20260907.edf,focus,unfocus,196.0,200.0
pooled,Existing pooled frozen model,zyf,20260907_zyf_focus_02,data/locked/2026-09-07/zyf_focus2_20260907.edf,focus,focus,198.0,202.0
pooled,Existing pooled frozen model,zyf,20260907_zyf_focus_02,data/locked/2026-09-07/zyf_focus2_20260907.edf,focus,focus,200.0,204.0
pooled,Existing pooled frozen model,zyf,20260907_zyf_focus_02,data/locked/2026-09-07/zyf_focus2_20260907.edf,focus,unfocus,202.0,206.0
pooled,Existing pooled frozen model,zyf,20260907_zyf_focus_02,data/locked/2026-09-07/zyf_focus2_20260907.edf,focus,focus,204.0,208.0
pooled,Existing pooled frozen model,zyf,20260907_zyf_focus_02,data/locked/2026-09-07/zyf_focus2_20260907.edf,focus,unfocus,206.0,210.0
pooled,Existing pooled frozen model,zyf,20260907_zyf_focus_02,data/locked/2026-09-07/zyf_focus2_20260907.edf,focus,unfocus,208.0,212.0
pooled,Existing pooled frozen model,zyf,20260907_zyf_focus_02,data/locked/2026-09-07/zyf_focus2_20260907.edf,focus,unfocus,210.0,214.0
pooled,Existing pooled frozen model,zyf,20260907_zyf_focus_02,data/locked/2026-09-07/zyf_focus2_20260907.edf,focus,unfocus,212.0,216.0
pooled,Existing pooled frozen model,zyf,20260907_zyf_focus_02,data/locked/2026-09-07/zyf_focus2_20260907.edf,focus,unfocus,214.0,218.0
pooled,Existing pooled frozen model,zyf,20260907_zyf_focus_02,data/locked/2026-09-07/zyf_focus2_20260907.edf,focus,focus,216.0,220.0
pooled,Existing pooled frozen model,zyf,20260907_zyf_focus_02,data/locked/2026-09-07/zyf_focus2_20260907.edf,focus,focus,218.0,222.0
pooled,Existing pooled frozen model,zyf,20260907_zyf_focus_02,data/locked/2026-09-07/zyf_focus2_20260907.edf,focus,focus,220.0,224.0
pooled,Existing pooled frozen model,zyf,20260907_zyf_focus_02,data/locked/2026-09-07/zyf_focus2_20260907.edf,focus,unfocus,222.0,226.0
pooled,Existing pooled frozen model,zyf,20260907_zyf_focus_02,data/locked/2026-09-07/zyf_focus2_20260907.edf,focus,focus,224.0,228.0
pooled,Existing pooled frozen model,zyf,20260907_zyf_focus_02,data/locked/2026-09-07/zyf_focus2_20260907.edf,focus,focus,226.0,230.0
pooled,Existing pooled frozen model,zyf,20260907_zyf_focus_02,data/locked/2026-09-07/zyf_focus2_20260907.edf,focus,focus,228.0,232.0
pooled,Existing pooled frozen model,zyf,20260907_zyf_focus_02,data/locked/2026-09-07/zyf_focus2_20260907.edf,focus,focus,230.0,234.0
pooled,Existing pooled frozen model,zyf,20260907_zyf_focus_02,data/locked/2026-09-07/zyf_focus2_20260907.edf,focus,unfocus,232.0,236.0
pooled,Existing pooled frozen model,zyf,20260907_zyf_focus_02,data/locked/2026-09-07/zyf_focus2_20260907.edf,focus,focus,234.0,238.0
pooled,Existing pooled frozen model,zyf,20260907_zyf_focus_02,data/locked/2026-09-07/zyf_focus2_20260907.edf,focus,focus,236.0,240.0
pooled,Existing pooled frozen model,zyf,20260907_zyf_focus_02,data/locked/2026-09-07/zyf_focus2_20260907.edf,focus,focus,238.0,242.0
pooled,Existing pooled frozen model,zyf,20260907_zyf_focus_02,data/locked/2026-09-07/zyf_focus2_20260907.edf,focus,unfocus,240.0,244.0
pooled,Existing pooled frozen model,zyf,20260907_zyf_focus_02,data/locked/2026-09-07/zyf_focus2_20260907.edf,focus,unfocus,242.0,246.0
pooled,Existing pooled frozen model,zyf,20260907_zyf_focus_02,data/locked/2026-09-07/zyf_focus2_20260907.edf,focus,unfocus,244.0,248.0
pooled,Existing pooled frozen model,zyf,20260907_zyf_focus_02,data/locked/2026-09-07/zyf_focus2_20260907.edf,focus,unfocus,246.0,250.0
pooled,Existing pooled frozen model,zyf,20260907_zyf_focus_02,data/locked/2026-09-07/zyf_focus2_20260907.edf,focus,focus,248.0,252.0
pooled,Existing pooled frozen model,zyf,20260907_zyf_focus_02,data/locked/2026-09-07/zyf_focus2_20260907.edf,focus,unfocus,250.0,254.0
pooled,Existing pooled frozen model,zyf,20260907_zyf_focus_02,data/locked/2026-09-07/zyf_focus2_20260907.edf,focus,unfocus,252.0,256.0
pooled,Existing pooled frozen model,zyf,20260907_zyf_focus_02,data/locked/2026-09-07/zyf_focus2_20260907.edf,focus,unfocus,254.0,258.0
pooled,Existing pooled frozen model,zyf,20260907_zyf_focus_02,data/locked/2026-09-07/zyf_focus2_20260907.edf,focus,unfocus,256.0,260.0
pooled,Existing pooled frozen model,zyf,20260907_zyf_focus_02,data/locked/2026-09-07/zyf_focus2_20260907.edf,focus,unfocus,258.0,262.0
pooled,Existing pooled frozen model,zyf,20260907_zyf_focus_02,data/locked/2026-09-07/zyf_focus2_20260907.edf,focus,unfocus,260.0,264.0
pooled,Existing pooled frozen model,zyf,20260907_zyf_focus_02,data/locked/2026-09-07/zyf_focus2_20260907.edf,focus,unfocus,262.0,266.0
pooled,Existing pooled frozen model,zyf,20260907_zyf_focus_02,data/locked/2026-09-07/zyf_focus2_20260907.edf,focus,unfocus,264.0,268.0
pooled,Existing pooled frozen model,zyf,20260907_zyf_focus_02,data/locked/2026-09-07/zyf_focus2_20260907.edf,focus,unfocus,266.0,270.0
pooled,Existing pooled frozen model,zyf,20260907_zyf_focus_02,data/locked/2026-09-07/zyf_focus2_20260907.edf,focus,unfocus,268.0,272.0
pooled,Existing pooled frozen model,zyf,20260907_zyf_focus_02,data/locked/2026-09-07/zyf_focus2_20260907.edf,focus,focus,270.0,274.0
pooled,Existing pooled frozen model,zyf,20260907_zyf_focus_02,data/locked/2026-09-07/zyf_focus2_20260907.edf,focus,focus,272.0,276.0
pooled,Existing pooled frozen model,zyf,20260907_zyf_focus_02,data/locked/2026-09-07/zyf_focus2_20260907.edf,focus,unfocus,274.0,278.0
pooled,Existing pooled frozen model,zyf,20260907_zyf_focus_02,data/locked/2026-09-07/zyf_focus2_20260907.edf,focus,focus,276.0,280.0
pooled,Existing pooled frozen model,zyf,20260907_zyf_focus_02,data/locked/2026-09-07/zyf_focus2_20260907.edf,focus,focus,278.0,282.0
pooled,Existing pooled frozen model,zyf,20260907_zyf_focus_02,data/locked/2026-09-07/zyf_focus2_20260907.edf,focus,focus,280.0,284.0
pooled,Existing pooled frozen model,zyf,20260907_zyf_focus_02,data/locked/2026-09-07/zyf_focus2_20260907.edf,focus,focus,282.0,286.0
pooled,Existing pooled frozen model,zyf,20260907_zyf_focus_02,data/locked/2026-09-07/zyf_focus2_20260907.edf,focus,focus,284.0,288.0
pooled,Existing pooled frozen model,zyf,20260907_zyf_focus_02,data/locked/2026-09-07/zyf_focus2_20260907.edf,focus,focus,286.0,290.0
pooled,Existing pooled frozen model,zyf,20260907_zyf_focus_02,data/locked/2026-09-07/zyf_focus2_20260907.edf,focus,focus,288.0,292.0
pooled,Existing pooled frozen model,zyf,20260907_zyf_focus_02,data/locked/2026-09-07/zyf_focus2_20260907.edf,focus,focus,290.0,294.0
pooled,Existing pooled frozen model,zyf,20260907_zyf_focus_02,data/locked/2026-09-07/zyf_focus2_20260907.edf,focus,unfocus,292.0,296.0
pooled,Existing pooled frozen model,zyf,20260907_zyf_focus_02,data/locked/2026-09-07/zyf_focus2_20260907.edf,focus,unfocus,294.0,298.0
pooled,Existing pooled frozen model,zyf,20260907_zyf_focus_02,data/locked/2026-09-07/zyf_focus2_20260907.edf,focus,focus,296.0,300.0
pooled,Existing pooled frozen model,zyf,20260907_zyf_focus_02,data/locked/2026-09-07/zyf_focus2_20260907.edf,focus,unfocus,298.0,302.0
pooled,Existing pooled frozen model,zyf,20260907_zyf_focus_02,data/locked/2026-09-07/zyf_focus2_20260907.edf,focus,focus,300.0,304.0
pooled,Existing pooled frozen model,zyf,20260907_zyf_focus_02,data/locked/2026-09-07/zyf_focus2_20260907.edf,focus,focus,302.0,306.0
pooled,Existing pooled frozen model,zyf,20260907_zyf_focus_02,data/locked/2026-09-07/zyf_focus2_20260907.edf,focus,unfocus,304.0,308.0
pooled,Existing pooled frozen model,zyf,20260907_zyf_focus_02,data/locked/2026-09-07/zyf_focus2_20260907.edf,focus,focus,306.0,310.0
pooled,Existing pooled frozen model,zyf,20260907_zyf_focus_02,data/locked/2026-09-07/zyf_focus2_20260907.edf,focus,focus,308.0,312.0
pooled,Existing pooled frozen model,zyf,20260907_zyf_focus_02,data/locked/2026-09-07/zyf_focus2_20260907.edf,focus,focus,310.0,314.0
pooled,Existing pooled frozen model,zyf,20260907_zyf_focus_02,data/locked/2026-09-07/zyf_focus2_20260907.edf,focus,unfocus,312.0,316.0
pooled,Existing pooled frozen model,zyf,20260907_zyf_focus_02,data/locked/2026-09-07/zyf_focus2_20260907.edf,focus,unfocus,314.0,318.0
pooled,Existing pooled frozen model,zyf,20260907_zyf_focus_02,data/locked/2026-09-07/zyf_focus2_20260907.edf,focus,focus,316.0,320.0
pooled,Existing pooled frozen model,zyf,20260907_zyf_focus_02,data/locked/2026-09-07/zyf_focus2_20260907.edf,focus,focus,318.0,322.0
pooled,Existing pooled frozen model,zyf,20260907_zyf_focus_02,data/locked/2026-09-07/zyf_focus2_20260907.edf,focus,unfocus,320.0,324.0
pooled,Existing pooled frozen model,zyf,20260907_zyf_focus_02,data/locked/2026-09-07/zyf_focus2_20260907.edf,focus,focus,322.0,326.0
pooled,Existing pooled frozen model,zyf,20260907_zyf_focus_02,data/locked/2026-09-07/zyf_focus2_20260907.edf,focus,focus,324.0,328.0
pooled,Existing pooled frozen model,zyf,20260907_zyf_focus_02,data/locked/2026-09-07/zyf_focus2_20260907.edf,focus,unfocus,326.0,330.0
pooled,Existing pooled frozen model,zyf,20260907_zyf_focus_02,data/locked/2026-09-07/zyf_focus2_20260907.edf,focus,unfocus,328.0,332.0
pooled,Existing pooled frozen model,zyf,20260907_zyf_focus_02,data/locked/2026-09-07/zyf_focus2_20260907.edf,focus,focus,330.0,334.0
pooled,Existing pooled frozen model,zyf,20260907_zyf_focus_02,data/locked/2026-09-07/zyf_focus2_20260907.edf,focus,focus,332.0,336.0
pooled,Existing pooled frozen model,zyf,20260907_zyf_focus_02,data/locked/2026-09-07/zyf_focus2_20260907.edf,focus,unfocus,334.0,338.0
pooled,Existing pooled frozen model,zyf,20260907_zyf_focus_02,data/locked/2026-09-07/zyf_focus2_20260907.edf,focus,unfocus,336.0,340.0
pooled,Existing pooled frozen model,zyf,20260907_zyf_focus_02,data/locked/2026-09-07/zyf_focus2_20260907.edf,focus,focus,338.0,342.0
pooled,Existing pooled frozen model,zyf,20260907_zyf_focus_02,data/locked/2026-09-07/zyf_focus2_20260907.edf,focus,unfocus,340.0,344.0
pooled,Existing pooled frozen model,zyf,20260907_zyf_focus_02,data/locked/2026-09-07/zyf_focus2_20260907.edf,focus,unfocus,342.0,346.0
pooled,Existing pooled frozen model,zyf,20260907_zyf_focus_02,data/locked/2026-09-07/zyf_focus2_20260907.edf,focus,unfocus,344.0,348.0
pooled,Existing pooled frozen model,zyf,20260907_zyf_focus_02,data/locked/2026-09-07/zyf_focus2_20260907.edf,focus,focus,346.0,350.0
pooled,Existing pooled frozen model,zyf,20260907_zyf_focus_02,data/locked/2026-09-07/zyf_focus2_20260907.edf,focus,focus,348.0,352.0
pooled,Existing pooled frozen model,zyf,20260907_zyf_focus_02,data/locked/2026-09-07/zyf_focus2_20260907.edf,focus,focus,350.0,354.0
pooled,Existing pooled frozen model,zyf,20260907_zyf_focus_02,data/locked/2026-09-07/zyf_focus2_20260907.edf,focus,unfocus,352.0,356.0
pooled,Existing pooled frozen model,zyf,20260907_zyf_focus_02,data/locked/2026-09-07/zyf_focus2_20260907.edf,focus,unfocus,354.0,358.0
pooled,Existing pooled frozen model,zyf,20260907_zyf_focus_02,data/locked/2026-09-07/zyf_focus2_20260907.edf,focus,unfocus,356.0,360.0
pooled,Existing pooled frozen model,zyf,20260907_zyf_focus_02,data/locked/2026-09-07/zyf_focus2_20260907.edf,focus,focus,358.0,362.0
pooled,Existing pooled frozen model,zyf,20260907_zyf_focus_02,data/locked/2026-09-07/zyf_focus2_20260907.edf,focus,unfocus,360.0,364.0
pooled,Existing pooled frozen model,zyf,20260907_zyf_focus_02,data/locked/2026-09-07/zyf_focus2_20260907.edf,focus,focus,362.0,366.0
pooled,Existing pooled frozen model,zyf,20260907_zyf_focus_02,data/locked/2026-09-07/zyf_focus2_20260907.edf,focus,focus,364.0,368.0
pooled,Existing pooled frozen model,zyf,20260907_zyf_focus_02,data/locked/2026-09-07/zyf_focus2_20260907.edf,focus,focus,366.0,370.0
pooled,Existing pooled frozen model,zyf,20260907_zyf_focus_02,data/locked/2026-09-07/zyf_focus2_20260907.edf,focus,focus,368.0,372.0
pooled,Existing pooled frozen model,zyf,20260907_zyf_focus_02,data/locked/2026-09-07/zyf_focus2_20260907.edf,focus,focus,370.0,374.0
pooled,Existing pooled frozen model,zyf,20260907_zyf_focus_02,data/locked/2026-09-07/zyf_focus2_20260907.edf,focus,focus,372.0,376.0
pooled,Existing pooled frozen model,zyf,20260907_zyf_focus_02,data/locked/2026-09-07/zyf_focus2_20260907.edf,focus,focus,374.0,378.0
pooled,Existing pooled frozen model,zyf,20260907_zyf_focus_02,data/locked/2026-09-07/zyf_focus2_20260907.edf,focus,unfocus,376.0,380.0
pooled,Existing pooled frozen model,zyf,20260907_zyf_focus_02,data/locked/2026-09-07/zyf_focus2_20260907.edf,focus,focus,378.0,382.0
pooled,Existing pooled frozen model,zyf,20260907_zyf_focus_02,data/locked/2026-09-07/zyf_focus2_20260907.edf,focus,unfocus,380.0,384.0
pooled,Existing pooled frozen model,zyf,20260907_zyf_focus_02,data/locked/2026-09-07/zyf_focus2_20260907.edf,focus,focus,382.0,386.0
pooled,Existing pooled frozen model,zyf,20260907_zyf_focus_02,data/locked/2026-09-07/zyf_focus2_20260907.edf,focus,focus,384.0,388.0
pooled,Existing pooled frozen model,zyf,20260907_zyf_focus_02,data/locked/2026-09-07/zyf_focus2_20260907.edf,focus,focus,386.0,390.0
pooled,Existing pooled frozen model,zyf,20260907_zyf_focus_02,data/locked/2026-09-07/zyf_focus2_20260907.edf,focus,unfocus,388.0,392.0
pooled,Existing pooled frozen model,zyf,20260907_zyf_focus_02,data/locked/2026-09-07/zyf_focus2_20260907.edf,focus,focus,390.0,394.0
pooled,Existing pooled frozen model,zyf,20260907_zyf_focus_02,data/locked/2026-09-07/zyf_focus2_20260907.edf,focus,focus,392.0,396.0
pooled,Existing pooled frozen model,zyf,20260907_zyf_focus_02,data/locked/2026-09-07/zyf_focus2_20260907.edf,focus,focus,394.0,398.0
pooled,Existing pooled frozen model,zyf,20260907_zyf_focus_02,data/locked/2026-09-07/zyf_focus2_20260907.edf,focus,focus,396.0,400.0
pooled,Existing pooled frozen model,zyf,20260907_zyf_focus_02,data/locked/2026-09-07/zyf_focus2_20260907.edf,focus,focus,398.0,402.0
pooled,Existing pooled frozen model,zyf,20260907_zyf_focus_02,data/locked/2026-09-07/zyf_focus2_20260907.edf,focus,focus,400.0,404.0
pooled,Existing pooled frozen model,zyf,20260907_zyf_focus_02,data/locked/2026-09-07/zyf_focus2_20260907.edf,focus,focus,402.0,406.0
pooled,Existing pooled frozen model,zyf,20260907_zyf_focus_02,data/locked/2026-09-07/zyf_focus2_20260907.edf,focus,unfocus,404.0,408.0
pooled,Existing pooled frozen model,zyf,20260907_zyf_focus_02,data/locked/2026-09-07/zyf_focus2_20260907.edf,focus,unfocus,406.0,410.0
pooled,Existing pooled frozen model,zyf,20260907_zyf_focus_02,data/locked/2026-09-07/zyf_focus2_20260907.edf,focus,focus,408.0,412.0
pooled,Existing pooled frozen model,zyf,20260907_zyf_focus_02,data/locked/2026-09-07/zyf_focus2_20260907.edf,focus,unfocus,410.0,414.0
pooled,Existing pooled frozen model,zyf,20260907_zyf_focus_02,data/locked/2026-09-07/zyf_focus2_20260907.edf,focus,unfocus,412.0,416.0
pooled,Existing pooled frozen model,zyf,20260907_zyf_focus_02,data/locked/2026-09-07/zyf_focus2_20260907.edf,focus,unfocus,414.0,418.0
pooled,Existing pooled frozen model,zyf,20260907_zyf_focus_02,data/locked/2026-09-07/zyf_focus2_20260907.edf,focus,unfocus,416.0,420.0
pooled,Existing pooled frozen model,zyf,20260907_zyf_focus_02,data/locked/2026-09-07/zyf_focus2_20260907.edf,focus,unfocus,418.0,422.0
pooled,Existing pooled frozen model,zyf,20260907_zyf_focus_02,data/locked/2026-09-07/zyf_focus2_20260907.edf,focus,unfocus,420.0,424.0
pooled,Existing pooled frozen model,zyf,20260907_zyf_focus_02,data/locked/2026-09-07/zyf_focus2_20260907.edf,focus,unfocus,422.0,426.0
pooled,Existing pooled frozen model,zyf,20260907_zyf_focus_02,data/locked/2026-09-07/zyf_focus2_20260907.edf,focus,unfocus,424.0,428.0
pooled,Existing pooled frozen model,zyf,20260907_zyf_focus_02,data/locked/2026-09-07/zyf_focus2_20260907.edf,focus,unfocus,426.0,430.0
pooled,Existing pooled frozen model,zyf,20260907_zyf_focus_02,data/locked/2026-09-07/zyf_focus2_20260907.edf,focus,focus,428.0,432.0
pooled,Existing pooled frozen model,zyf,20260907_zyf_focus_02,data/locked/2026-09-07/zyf_focus2_20260907.edf,focus,unfocus,430.0,434.0
pooled,Existing pooled frozen model,zyf,20260907_zyf_focus_02,data/locked/2026-09-07/zyf_focus2_20260907.edf,focus,unfocus,432.0,436.0
pooled,Existing pooled frozen model,zyf,20260907_zyf_focus_02,data/locked/2026-09-07/zyf_focus2_20260907.edf,focus,unfocus,434.0,438.0
pooled,Existing pooled frozen model,zyf,20260907_zyf_focus_02,data/locked/2026-09-07/zyf_focus2_20260907.edf,focus,unfocus,436.0,440.0
pooled,Existing pooled frozen model,zyf,20260907_zyf_focus_02,data/locked/2026-09-07/zyf_focus2_20260907.edf,focus,unfocus,438.0,442.0
pooled,Existing pooled frozen model,zyf,20260907_zyf_focus_02,data/locked/2026-09-07/zyf_focus2_20260907.edf,focus,focus,440.0,444.0
pooled,Existing pooled frozen model,zyf,20260907_zyf_focus_02,data/locked/2026-09-07/zyf_focus2_20260907.edf,focus,unfocus,442.0,446.0
pooled,Existing pooled frozen model,zyf,20260907_zyf_focus_02,data/locked/2026-09-07/zyf_focus2_20260907.edf,focus,unfocus,444.0,448.0
pooled,Existing pooled frozen model,zyf,20260907_zyf_focus_02,data/locked/2026-09-07/zyf_focus2_20260907.edf,focus,unfocus,446.0,450.0
pooled,Existing pooled frozen model,zyf,20260907_zyf_focus_02,data/locked/2026-09-07/zyf_focus2_20260907.edf,focus,unfocus,448.0,452.0
pooled,Existing pooled frozen model,zyf,20260907_zyf_focus_02,data/locked/2026-09-07/zyf_focus2_20260907.edf,focus,unfocus,450.0,454.0
pooled,Existing pooled frozen model,zyf,20260907_zyf_focus_02,data/locked/2026-09-07/zyf_focus2_20260907.edf,focus,unfocus,452.0,456.0
pooled,Existing pooled frozen model,zyf,20260907_zyf_focus_02,data/locked/2026-09-07/zyf_focus2_20260907.edf,focus,unfocus,454.0,458.0
pooled,Existing pooled frozen model,zyf,20260907_zyf_focus_02,data/locked/2026-09-07/zyf_focus2_20260907.edf,focus,unfocus,456.0,460.0
pooled,Existing pooled frozen model,zyf,20260907_zyf_focus_02,data/locked/2026-09-07/zyf_focus2_20260907.edf,focus,unfocus,458.0,462.0
pooled,Existing pooled frozen model,zyf,20260907_zyf_focus_02,data/locked/2026-09-07/zyf_focus2_20260907.edf,focus,unfocus,460.0,464.0
pooled,Existing pooled frozen model,zyf,20260907_zyf_focus_02,data/locked/2026-09-07/zyf_focus2_20260907.edf,focus,focus,462.0,466.0
pooled,Existing pooled frozen model,zyf,20260907_zyf_focus_02,data/locked/2026-09-07/zyf_focus2_20260907.edf,focus,unfocus,464.0,468.0
pooled,Existing pooled frozen model,zyf,20260907_zyf_focus_02,data/locked/2026-09-07/zyf_focus2_20260907.edf,focus,unfocus,466.0,470.0
pooled,Existing pooled frozen model,zyf,20260907_zyf_focus_02,data/locked/2026-09-07/zyf_focus2_20260907.edf,focus,unfocus,468.0,472.0
pooled,Existing pooled frozen model,zyf,20260907_zyf_focus_02,data/locked/2026-09-07/zyf_focus2_20260907.edf,focus,unfocus,470.0,474.0
pooled,Existing pooled frozen model,zyf,20260907_zyf_focus_02,data/locked/2026-09-07/zyf_focus2_20260907.edf,focus,unfocus,472.0,476.0
pooled,Existing pooled frozen model,zyf,20260907_zyf_focus_02,data/locked/2026-09-07/zyf_focus2_20260907.edf,focus,unfocus,474.0,478.0
pooled,Existing pooled frozen model,zyf,20260907_zyf_focus_02,data/locked/2026-09-07/zyf_focus2_20260907.edf,focus,focus,476.0,480.0
pooled,Existing pooled frozen model,zyf,20260907_zyf_focus_02,data/locked/2026-09-07/zyf_focus2_20260907.edf,focus,focus,478.0,482.0
pooled,Existing pooled frozen model,zyf,20260907_zyf_focus_02,data/locked/2026-09-07/zyf_focus2_20260907.edf,focus,focus,480.0,484.0
pooled,Existing pooled frozen model,zyf,20260907_zyf_focus_02,data/locked/2026-09-07/zyf_focus2_20260907.edf,focus,focus,482.0,486.0
pooled,Existing pooled frozen model,zyf,20260907_zyf_focus_02,data/locked/2026-09-07/zyf_focus2_20260907.edf,focus,focus,484.0,488.0
pooled,Existing pooled frozen model,zyf,20260907_zyf_focus_02,data/locked/2026-09-07/zyf_focus2_20260907.edf,focus,focus,486.0,490.0
pooled,Existing pooled frozen model,zyf,20260907_zyf_focus_02,data/locked/2026-09-07/zyf_focus2_20260907.edf,focus,focus,488.0,492.0
pooled,Existing pooled frozen model,zyf,20260907_zyf_focus_02,data/locked/2026-09-07/zyf_focus2_20260907.edf,focus,focus,490.0,494.0
pooled,Existing pooled frozen model,zyf,20260907_zyf_focus_02,data/locked/2026-09-07/zyf_focus2_20260907.edf,focus,focus,492.0,496.0
pooled,Existing pooled frozen model,zyf,20260907_zyf_focus_02,data/locked/2026-09-07/zyf_focus2_20260907.edf,focus,unfocus,494.0,498.0
pooled,Existing pooled frozen model,zyf,20260907_zyf_focus_02,data/locked/2026-09-07/zyf_focus2_20260907.edf,focus,unfocus,496.0,500.0
pooled,Existing pooled frozen model,zyf,20260907_zyf_focus_02,data/locked/2026-09-07/zyf_focus2_20260907.edf,focus,unfocus,498.0,502.0
pooled,Existing pooled frozen model,zyf,20260907_zyf_focus_02,data/locked/2026-09-07/zyf_focus2_20260907.edf,focus,focus,500.0,504.0
pooled,Existing pooled frozen model,zyf,20260907_zyf_focus_02,data/locked/2026-09-07/zyf_focus2_20260907.edf,focus,focus,502.0,506.0
pooled,Existing pooled frozen model,zyf,20260907_zyf_focus_02,data/locked/2026-09-07/zyf_focus2_20260907.edf,focus,focus,504.0,508.0
pooled,Existing pooled frozen model,zyf,20260907_zyf_focus_02,data/locked/2026-09-07/zyf_focus2_20260907.edf,focus,focus,506.0,510.0
pooled,Existing pooled frozen model,zyf,20260907_zyf_focus_02,data/locked/2026-09-07/zyf_focus2_20260907.edf,focus,focus,508.0,512.0
pooled,Existing pooled frozen model,zyf,20260907_zyf_focus_02,data/locked/2026-09-07/zyf_focus2_20260907.edf,focus,focus,510.0,514.0
pooled,Existing pooled frozen model,zyf,20260907_zyf_focus_02,data/locked/2026-09-07/zyf_focus2_20260907.edf,focus,unfocus,512.0,516.0
pooled,Existing pooled frozen model,zyf,20260907_zyf_focus_02,data/locked/2026-09-07/zyf_focus2_20260907.edf,focus,unfocus,514.0,518.0
pooled,Existing pooled frozen model,zyf,20260907_zyf_focus_02,data/locked/2026-09-07/zyf_focus2_20260907.edf,focus,unfocus,516.0,520.0
pooled,Existing pooled frozen model,zyf,20260907_zyf_focus_02,data/locked/2026-09-07/zyf_focus2_20260907.edf,focus,unfocus,518.0,522.0
pooled,Existing pooled frozen model,zyf,20260907_zyf_focus_02,data/locked/2026-09-07/zyf_focus2_20260907.edf,focus,unfocus,520.0,524.0
pooled,Existing pooled frozen model,zyf,20260907_zyf_focus_02,data/locked/2026-09-07/zyf_focus2_20260907.edf,focus,unfocus,522.0,526.0
pooled,Existing pooled frozen model,zyf,20260907_zyf_focus_02,data/locked/2026-09-07/zyf_focus2_20260907.edf,focus,unfocus,524.0,528.0
pooled,Existing pooled frozen model,zyf,20260907_zyf_focus_02,data/locked/2026-09-07/zyf_focus2_20260907.edf,focus,unfocus,526.0,530.0
pooled,Existing pooled frozen model,zyf,20260907_zyf_focus_02,data/locked/2026-09-07/zyf_focus2_20260907.edf,focus,unfocus,528.0,532.0
pooled,Existing pooled frozen model,zyf,20260907_zyf_focus_02,data/locked/2026-09-07/zyf_focus2_20260907.edf,focus,unfocus,530.0,534.0
pooled,Existing pooled frozen model,zyf,20260907_zyf_focus_02,data/locked/2026-09-07/zyf_focus2_20260907.edf,focus,unfocus,532.0,536.0
pooled,Existing pooled frozen model,zyf,20260907_zyf_focus_02,data/locked/2026-09-07/zyf_focus2_20260907.edf,focus,unfocus,534.0,538.0
pooled,Existing pooled frozen model,zyf,20260907_zyf_focus_02,data/locked/2026-09-07/zyf_focus2_20260907.edf,focus,unfocus,536.0,540.0
pooled,Existing pooled frozen model,zyf,20260907_zyf_focus_02,data/locked/2026-09-07/zyf_focus2_20260907.edf,focus,unfocus,538.0,542.0
pooled,Existing pooled frozen model,zyf,20260907_zyf_focus_02,data/locked/2026-09-07/zyf_focus2_20260907.edf,focus,unfocus,540.0,544.0
pooled,Existing pooled frozen model,zyf,20260907_zyf_focus_02,data/locked/2026-09-07/zyf_focus2_20260907.edf,focus,unfocus,542.0,546.0
pooled,Existing pooled frozen model,zyf,20260907_zyf_focus_02,data/locked/2026-09-07/zyf_focus2_20260907.edf,focus,unfocus,544.0,548.0
pooled,Existing pooled frozen model,zyf,20260907_zyf_focus_02,data/locked/2026-09-07/zyf_focus2_20260907.edf,focus,unfocus,546.0,550.0
pooled,Existing pooled frozen model,zyf,20260907_zyf_focus_02,data/locked/2026-09-07/zyf_focus2_20260907.edf,focus,unfocus,548.0,552.0
pooled,Existing pooled frozen model,zyf,20260907_zyf_focus_02,data/locked/2026-09-07/zyf_focus2_20260907.edf,focus,unfocus,550.0,554.0
pooled,Existing pooled frozen model,zyf,20260907_zyf_focus_02,data/locked/2026-09-07/zyf_focus2_20260907.edf,focus,unfocus,552.0,556.0
pooled,Existing pooled frozen model,zyf,20260907_zyf_focus_02,data/locked/2026-09-07/zyf_focus2_20260907.edf,focus,unfocus,554.0,558.0
pooled,Existing pooled frozen model,zyf,20260907_zyf_focus_02,data/locked/2026-09-07/zyf_focus2_20260907.edf,focus,unfocus,556.0,560.0
pooled,Existing pooled frozen model,zyf,20260907_zyf_focus_02,data/locked/2026-09-07/zyf_focus2_20260907.edf,focus,unfocus,558.0,562.0
pooled,Existing pooled frozen model,zyf,20260907_zyf_focus_02,data/locked/2026-09-07/zyf_focus2_20260907.edf,focus,unfocus,560.0,564.0
pooled,Existing pooled frozen model,zyf,20260907_zyf_focus_02,data/locked/2026-09-07/zyf_focus2_20260907.edf,focus,unfocus,562.0,566.0
pooled,Existing pooled frozen model,zyf,20260907_zyf_focus_02,data/locked/2026-09-07/zyf_focus2_20260907.edf,focus,unfocus,564.0,568.0
pooled,Existing pooled frozen model,zyf,20260907_zyf_focus_02,data/locked/2026-09-07/zyf_focus2_20260907.edf,focus,unfocus,566.0,570.0
pooled,Existing pooled frozen model,zyf,20260907_zyf_focus_02,data/locked/2026-09-07/zyf_focus2_20260907.edf,focus,unfocus,568.0,572.0
pooled,Existing pooled frozen model,zyf,20260907_zyf_focus_02,data/locked/2026-09-07/zyf_focus2_20260907.edf,focus,unfocus,570.0,574.0
pooled,Existing pooled frozen model,zyf,20260907_zyf_focus_02,data/locked/2026-09-07/zyf_focus2_20260907.edf,focus,unfocus,572.0,576.0
pooled,Existing pooled frozen model,zyf,20260907_zyf_focus_02,data/locked/2026-09-07/zyf_focus2_20260907.edf,focus,unfocus,574.0,578.0
pooled,Existing pooled frozen model,zyf,20260907_zyf_focus_02,data/locked/2026-09-07/zyf_focus2_20260907.edf,focus,unfocus,576.0,580.0
pooled,Existing pooled frozen model,zyf,20260907_zyf_focus_02,data/locked/2026-09-07/zyf_focus2_20260907.edf,focus,unfocus,578.0,582.0
pooled,Existing pooled frozen model,zyf,20260907_zyf_focus_02,data/locked/2026-09-07/zyf_focus2_20260907.edf,focus,unfocus,580.0,584.0
pooled,Existing pooled frozen model,zyf,20260907_zyf_focus_02,data/locked/2026-09-07/zyf_focus2_20260907.edf,focus,unfocus,582.0,586.0
pooled,Existing pooled frozen model,zyf,20260907_zyf_focus_02,data/locked/2026-09-07/zyf_focus2_20260907.edf,focus,unfocus,584.0,588.0
pooled,Existing pooled frozen model,zyf,20260907_zyf_focus_02,data/locked/2026-09-07/zyf_focus2_20260907.edf,focus,unfocus,586.0,590.0
pooled,Existing pooled frozen model,zyf,20260907_zyf_focus_02,data/locked/2026-09-07/zyf_focus2_20260907.edf,focus,focus,588.0,592.0
pooled,Existing pooled frozen model,zyf,20260907_zyf_focus_02,data/locked/2026-09-07/zyf_focus2_20260907.edf,focus,unfocus,590.0,594.0
pooled,Existing pooled frozen model,zyf,20260907_zyf_focus_02,data/locked/2026-09-07/zyf_focus2_20260907.edf,focus,focus,592.0,596.0
pooled,Existing pooled frozen model,zyf,20260907_zyf_focus_02,data/locked/2026-09-07/zyf_focus2_20260907.edf,focus,focus,594.0,598.0
pooled,Existing pooled frozen model,zyf,20260907_zyf_focus_02,data/locked/2026-09-07/zyf_focus2_20260907.edf,focus,unfocus,596.0,600.0
pooled,Existing pooled frozen model,zyf,20260907_zyf_focus_02,data/locked/2026-09-07/zyf_focus2_20260907.edf,focus,unfocus,598.0,602.0
pooled,Existing pooled frozen model,zyf,20260907_zyf_focus_02,data/locked/2026-09-07/zyf_focus2_20260907.edf,focus,unfocus,600.0,604.0
pooled,Existing pooled frozen model,zyf,20260907_zyf_focus_02,data/locked/2026-09-07/zyf_focus2_20260907.edf,focus,focus,602.0,606.0
pooled,Existing pooled frozen model,zyf,20260907_zyf_focus_02,data/locked/2026-09-07/zyf_focus2_20260907.edf,focus,focus,604.0,608.0
pooled,Existing pooled frozen model,zyf,20260907_zyf_focus_02,data/locked/2026-09-07/zyf_focus2_20260907.edf,focus,focus,606.0,610.0
pooled,Existing pooled frozen model,zyf,20260907_zyf_focus_02,data/locked/2026-09-07/zyf_focus2_20260907.edf,focus,unfocus,608.0,612.0
pooled,Existing pooled frozen model,zyf,20260907_zyf_focus_02,data/locked/2026-09-07/zyf_focus2_20260907.edf,focus,unfocus,610.0,614.0
pooled,Existing pooled frozen model,zyf,20260907_zyf_focus_02,data/locked/2026-09-07/zyf_focus2_20260907.edf,focus,unfocus,612.0,616.0
pooled,Existing pooled frozen model,zyf,20260907_zyf_focus_02,data/locked/2026-09-07/zyf_focus2_20260907.edf,focus,focus,614.0,618.0
pooled,Existing pooled frozen model,zyf,20260907_zyf_focus_02,data/locked/2026-09-07/zyf_focus2_20260907.edf,focus,focus,616.0,620.0
pooled,Existing pooled frozen model,zyf,20260907_zyf_focus_02,data/locked/2026-09-07/zyf_focus2_20260907.edf,focus,focus,618.0,622.0
pooled,Existing pooled frozen model,zyf,20260907_zyf_focus_02,data/locked/2026-09-07/zyf_focus2_20260907.edf,focus,unfocus,620.0,624.0
pooled,Existing pooled frozen model,zyf,20260907_zyf_focus_02,data/locked/2026-09-07/zyf_focus2_20260907.edf,focus,unfocus,622.0,626.0
pooled,Existing pooled frozen model,zyf,20260907_zyf_focus_02,data/locked/2026-09-07/zyf_focus2_20260907.edf,focus,unfocus,624.0,628.0
pooled,Existing pooled frozen model,zyf,20260907_zyf_focus_02,data/locked/2026-09-07/zyf_focus2_20260907.edf,focus,focus,626.0,630.0
pooled,Existing pooled frozen model,zyf,20260907_zyf_focus_02,data/locked/2026-09-07/zyf_focus2_20260907.edf,focus,unfocus,628.0,632.0
pooled,Existing pooled frozen model,zyf,20260907_zyf_focus_02,data/locked/2026-09-07/zyf_focus2_20260907.edf,focus,unfocus,630.0,634.0
pooled,Existing pooled frozen model,zyf,20260907_zyf_focus_02,data/locked/2026-09-07/zyf_focus2_20260907.edf,focus,unfocus,632.0,636.0
pooled,Existing pooled frozen model,zyf,20260907_zyf_focus_02,data/locked/2026-09-07/zyf_focus2_20260907.edf,focus,focus,634.0,638.0
pooled,Existing pooled frozen model,zyf,20260907_zyf_focus_02,data/locked/2026-09-07/zyf_focus2_20260907.edf,focus,unfocus,636.0,640.0
pooled,Existing pooled frozen model,zyf,20260907_zyf_focus_02,data/locked/2026-09-07/zyf_focus2_20260907.edf,focus,unfocus,638.0,642.0
pooled,Existing pooled frozen model,zyf,20260907_zyf_focus_02,data/locked/2026-09-07/zyf_focus2_20260907.edf,focus,unfocus,640.0,644.0
pooled,Existing pooled frozen model,zyf,20260907_zyf_focus_02,data/locked/2026-09-07/zyf_focus2_20260907.edf,focus,unfocus,642.0,646.0
pooled,Existing pooled frozen model,zyf,20260907_zyf_focus_02,data/locked/2026-09-07/zyf_focus2_20260907.edf,focus,unfocus,644.0,648.0
pooled,Existing pooled frozen model,zyf,20260907_zyf_focus_02,data/locked/2026-09-07/zyf_focus2_20260907.edf,focus,focus,646.0,650.0
pooled,Existing pooled frozen model,zyf,20260907_zyf_focus_02,data/locked/2026-09-07/zyf_focus2_20260907.edf,focus,focus,648.0,652.0
pooled,Existing pooled frozen model,zyf,20260907_zyf_focus_02,data/locked/2026-09-07/zyf_focus2_20260907.edf,focus,unfocus,650.0,654.0
pooled,Existing pooled frozen model,zyf,20260907_zyf_focus_02,data/locked/2026-09-07/zyf_focus2_20260907.edf,focus,unfocus,652.0,656.0
pooled,Existing pooled frozen model,zyf,20260907_zyf_focus_02,data/locked/2026-09-07/zyf_focus2_20260907.edf,focus,focus,654.0,658.0
pooled,Existing pooled frozen model,zyf,20260907_zyf_focus_02,data/locked/2026-09-07/zyf_focus2_20260907.edf,focus,focus,656.0,660.0
pooled,Existing pooled frozen model,zyf,20260907_zyf_focus_02,data/locked/2026-09-07/zyf_focus2_20260907.edf,focus,focus,658.0,662.0
pooled,Existing pooled frozen model,zyf,20260907_zyf_focus_02,data/locked/2026-09-07/zyf_focus2_20260907.edf,focus,unfocus,660.0,664.0
pooled,Existing pooled frozen model,zyf,20260907_zyf_focus_02,data/locked/2026-09-07/zyf_focus2_20260907.edf,focus,unfocus,662.0,666.0
pooled,Existing pooled frozen model,zyf,20260907_zyf_focus_02,data/locked/2026-09-07/zyf_focus2_20260907.edf,focus,unfocus,664.0,668.0
pooled,Existing pooled frozen model,zyf,20260907_zyf_focus_02,data/locked/2026-09-07/zyf_focus2_20260907.edf,focus,focus,666.0,670.0
pooled,Existing pooled frozen model,zyf,20260907_zyf_focus_02,data/locked/2026-09-07/zyf_focus2_20260907.edf,focus,focus,668.0,672.0
pooled,Existing pooled frozen model,zyf,20260907_zyf_focus_02,data/locked/2026-09-07/zyf_focus2_20260907.edf,focus,focus,670.0,674.0
pooled,Existing pooled frozen model,zyf,20260907_zyf_focus_02,data/locked/2026-09-07/zyf_focus2_20260907.edf,focus,focus,672.0,676.0
pooled,Existing pooled frozen model,zyf,20260907_zyf_focus_02,data/locked/2026-09-07/zyf_focus2_20260907.edf,focus,unfocus,674.0,678.0
pooled,Existing pooled frozen model,zyf,20260907_zyf_focus_02,data/locked/2026-09-07/zyf_focus2_20260907.edf,focus,unfocus,676.0,680.0
pooled,Existing pooled frozen model,zyf,20260907_zyf_focus_02,data/locked/2026-09-07/zyf_focus2_20260907.edf,focus,unfocus,678.0,682.0
pooled,Existing pooled frozen model,zyf,20260907_zyf_focus_02,data/locked/2026-09-07/zyf_focus2_20260907.edf,focus,unfocus,680.0,684.0
pooled,Existing pooled frozen model,zyf,20260907_zyf_focus_02,data/locked/2026-09-07/zyf_focus2_20260907.edf,focus,unfocus,682.0,686.0
pooled,Existing pooled frozen model,zyf,20260907_zyf_focus_02,data/locked/2026-09-07/zyf_focus2_20260907.edf,focus,unfocus,684.0,688.0
pooled,Existing pooled frozen model,zyf,20260907_zyf_focus_02,data/locked/2026-09-07/zyf_focus2_20260907.edf,focus,focus,686.0,690.0
pooled,Existing pooled frozen model,zyf,20260907_zyf_focus_02,data/locked/2026-09-07/zyf_focus2_20260907.edf,focus,focus,688.0,692.0
pooled,Existing pooled frozen model,zyf,20260907_zyf_focus_02,data/locked/2026-09-07/zyf_focus2_20260907.edf,focus,focus,690.0,694.0
pooled,Existing pooled frozen model,zyf,20260907_zyf_focus_02,data/locked/2026-09-07/zyf_focus2_20260907.edf,focus,focus,692.0,696.0
pooled,Existing pooled frozen model,zyf,20260907_zyf_focus_02,data/locked/2026-09-07/zyf_focus2_20260907.edf,focus,focus,694.0,698.0
pooled,Existing pooled frozen model,zyf,20260907_zyf_focus_02,data/locked/2026-09-07/zyf_focus2_20260907.edf,focus,focus,696.0,700.0
pooled,Existing pooled frozen model,zyf,20260907_zyf_focus_02,data/locked/2026-09-07/zyf_focus2_20260907.edf,focus,focus,698.0,702.0
pooled,Existing pooled frozen model,zyf,20260907_zyf_focus_02,data/locked/2026-09-07/zyf_focus2_20260907.edf,focus,focus,700.0,704.0
pooled,Existing pooled frozen model,zyf,20260907_zyf_focus_02,data/locked/2026-09-07/zyf_focus2_20260907.edf,focus,unfocus,702.0,706.0
pooled,Existing pooled frozen model,zyf,20260907_zyf_focus_02,data/locked/2026-09-07/zyf_focus2_20260907.edf,focus,unfocus,704.0,708.0
pooled,Existing pooled frozen model,zyf,20260907_zyf_focus_02,data/locked/2026-09-07/zyf_focus2_20260907.edf,focus,focus,706.0,710.0
pooled,Existing pooled frozen model,zyf,20260907_zyf_focus_02,data/locked/2026-09-07/zyf_focus2_20260907.edf,focus,focus,708.0,712.0
pooled,Existing pooled frozen model,zyf,20260907_zyf_focus_02,data/locked/2026-09-07/zyf_focus2_20260907.edf,focus,unfocus,710.0,714.0
pooled,Existing pooled frozen model,zyf,20260907_zyf_focus_02,data/locked/2026-09-07/zyf_focus2_20260907.edf,focus,focus,712.0,716.0
pooled,Existing pooled frozen model,zyf,20260907_zyf_focus_02,data/locked/2026-09-07/zyf_focus2_20260907.edf,focus,focus,714.0,718.0
pooled,Existing pooled frozen model,zyf,20260907_zyf_focus_02,data/locked/2026-09-07/zyf_focus2_20260907.edf,focus,focus,716.0,720.0
pooled,Existing pooled frozen model,zyf,20260907_zyf_focus_02,data/locked/2026-09-07/zyf_focus2_20260907.edf,focus,unfocus,718.0,722.0
pooled,Existing pooled frozen model,zyf,20260907_zyf_focus_02,data/locked/2026-09-07/zyf_focus2_20260907.edf,focus,unfocus,720.0,724.0
pooled,Existing pooled frozen model,zyf,20260907_zyf_focus_02,data/locked/2026-09-07/zyf_focus2_20260907.edf,focus,focus,722.0,726.0
pooled,Existing pooled frozen model,zyf,20260907_zyf_focus_02,data/locked/2026-09-07/zyf_focus2_20260907.edf,focus,focus,724.0,728.0
pooled,Existing pooled frozen model,zyf,20260907_zyf_focus_02,data/locked/2026-09-07/zyf_focus2_20260907.edf,focus,unfocus,726.0,730.0
pooled,Existing pooled frozen model,zyf,20260907_zyf_focus_02,data/locked/2026-09-07/zyf_focus2_20260907.edf,focus,unfocus,728.0,732.0
pooled,Existing pooled frozen model,zyf,20260907_zyf_focus_02,data/locked/2026-09-07/zyf_focus2_20260907.edf,focus,unfocus,730.0,734.0
pooled,Existing pooled frozen model,zyf,20260907_zyf_focus_02,data/locked/2026-09-07/zyf_focus2_20260907.edf,focus,unfocus,732.0,736.0
pooled,Existing pooled frozen model,zyf,20260907_zyf_focus_02,data/locked/2026-09-07/zyf_focus2_20260907.edf,focus,unfocus,734.0,738.0
pooled,Existing pooled frozen model,zyf,20260907_zyf_focus_02,data/locked/2026-09-07/zyf_focus2_20260907.edf,focus,unfocus,736.0,740.0
pooled,Existing pooled frozen model,zyf,20260907_zyf_focus_02,data/locked/2026-09-07/zyf_focus2_20260907.edf,focus,unfocus,738.0,742.0
pooled,Existing pooled frozen model,zyf,20260907_zyf_focus_02,data/locked/2026-09-07/zyf_focus2_20260907.edf,focus,unfocus,740.0,744.0
pooled,Existing pooled frozen model,zyf,20260907_zyf_focus_02,data/locked/2026-09-07/zyf_focus2_20260907.edf,focus,focus,742.0,746.0
pooled,Existing pooled frozen model,zyf,20260907_zyf_focus_02,data/locked/2026-09-07/zyf_focus2_20260907.edf,focus,unfocus,744.0,748.0
pooled,Existing pooled frozen model,zyf,20260907_zyf_focus_02,data/locked/2026-09-07/zyf_focus2_20260907.edf,focus,unfocus,746.0,750.0
pooled,Existing pooled frozen model,zyf,20260907_zyf_focus_02,data/locked/2026-09-07/zyf_focus2_20260907.edf,focus,focus,748.0,752.0
pooled,Existing pooled frozen model,zyf,20260907_zyf_focus_02,data/locked/2026-09-07/zyf_focus2_20260907.edf,focus,unfocus,750.0,754.0
pooled,Existing pooled frozen model,zyf,20260907_zyf_focus_02,data/locked/2026-09-07/zyf_focus2_20260907.edf,focus,unfocus,752.0,756.0
pooled,Existing pooled frozen model,zyf,20260907_zyf_focus_02,data/locked/2026-09-07/zyf_focus2_20260907.edf,focus,focus,754.0,758.0
pooled,Existing pooled frozen model,zyf,20260907_zyf_focus_02,data/locked/2026-09-07/zyf_focus2_20260907.edf,focus,focus,756.0,760.0
pooled,Existing pooled frozen model,zyf,20260907_zyf_focus_02,data/locked/2026-09-07/zyf_focus2_20260907.edf,focus,unfocus,758.0,762.0
pooled,Existing pooled frozen model,zyf,20260907_zyf_focus_02,data/locked/2026-09-07/zyf_focus2_20260907.edf,focus,unfocus,760.0,764.0
pooled,Existing pooled frozen model,zyf,20260907_zyf_focus_02,data/locked/2026-09-07/zyf_focus2_20260907.edf,focus,unfocus,762.0,766.0
pooled,Existing pooled frozen model,zyf,20260907_zyf_focus_02,data/locked/2026-09-07/zyf_focus2_20260907.edf,focus,unfocus,764.0,768.0
pooled,Existing pooled frozen model,zyf,20260907_zyf_focus_02,data/locked/2026-09-07/zyf_focus2_20260907.edf,focus,unfocus,766.0,770.0
pooled,Existing pooled frozen model,zyf,20260907_zyf_focus_02,data/locked/2026-09-07/zyf_focus2_20260907.edf,focus,unfocus,768.0,772.0
pooled,Existing pooled frozen model,zyf,20260907_zyf_focus_02,data/locked/2026-09-07/zyf_focus2_20260907.edf,focus,unfocus,770.0,774.0
pooled,Existing pooled frozen model,zyf,20260907_zyf_focus_02,data/locked/2026-09-07/zyf_focus2_20260907.edf,focus,unfocus,772.0,776.0
pooled,Existing pooled frozen model,zyf,20260907_zyf_focus_02,data/locked/2026-09-07/zyf_focus2_20260907.edf,focus,focus,774.0,778.0
pooled,Existing pooled frozen model,zyf,20260907_zyf_focus_02,data/locked/2026-09-07/zyf_focus2_20260907.edf,focus,unfocus,776.0,780.0
pooled,Existing pooled frozen model,zyf,20260907_zyf_focus_02,data/locked/2026-09-07/zyf_focus2_20260907.edf,focus,unfocus,778.0,782.0
pooled,Existing pooled frozen model,zyf,20260907_zyf_focus_02,data/locked/2026-09-07/zyf_focus2_20260907.edf,focus,unfocus,780.0,784.0
pooled,Existing pooled frozen model,zyf,20260907_zyf_focus_02,data/locked/2026-09-07/zyf_focus2_20260907.edf,focus,unfocus,782.0,786.0
pooled,Existing pooled frozen model,zyf,20260907_zyf_focus_02,data/locked/2026-09-07/zyf_focus2_20260907.edf,focus,unfocus,784.0,788.0
pooled,Existing pooled frozen model,zyf,20260907_zyf_focus_02,data/locked/2026-09-07/zyf_focus2_20260907.edf,focus,unfocus,786.0,790.0
pooled,Existing pooled frozen model,zyf,20260907_zyf_focus_02,data/locked/2026-09-07/zyf_focus2_20260907.edf,focus,unfocus,788.0,792.0
pooled,Existing pooled frozen model,zyf,20260907_zyf_focus_02,data/locked/2026-09-07/zyf_focus2_20260907.edf,focus,unfocus,790.0,794.0
pooled,Existing pooled frozen model,zyf,20260907_zyf_focus_02,data/locked/2026-09-07/zyf_focus2_20260907.edf,focus,unfocus,792.0,796.0
pooled,Existing pooled frozen model,zyf,20260907_zyf_focus_02,data/locked/2026-09-07/zyf_focus2_20260907.edf,focus,unfocus,794.0,798.0
pooled,Existing pooled frozen model,zyf,20260907_zyf_focus_02,data/locked/2026-09-07/zyf_focus2_20260907.edf,focus,unfocus,796.0,800.0
pooled,Existing pooled frozen model,zyf,20260907_zyf_focus_02,data/locked/2026-09-07/zyf_focus2_20260907.edf,focus,unfocus,798.0,802.0
pooled,Existing pooled frozen model,zyf,20260907_zyf_focus_02,data/locked/2026-09-07/zyf_focus2_20260907.edf,focus,focus,800.0,804.0
pooled,Existing pooled frozen model,zyf,20260907_zyf_focus_02,data/locked/2026-09-07/zyf_focus2_20260907.edf,focus,unfocus,802.0,806.0
pooled,Existing pooled frozen model,zyf,20260907_zyf_focus_02,data/locked/2026-09-07/zyf_focus2_20260907.edf,focus,focus,804.0,808.0
pooled,Existing pooled frozen model,zyf,20260907_zyf_focus_02,data/locked/2026-09-07/zyf_focus2_20260907.edf,focus,unfocus,806.0,810.0
pooled,Existing pooled frozen model,zyf,20260907_zyf_focus_02,data/locked/2026-09-07/zyf_focus2_20260907.edf,focus,focus,808.0,812.0
pooled,Existing pooled frozen model,zyf,20260907_zyf_focus_02,data/locked/2026-09-07/zyf_focus2_20260907.edf,focus,unfocus,810.0,814.0
pooled,Existing pooled frozen model,zyf,20260907_zyf_focus_02,data/locked/2026-09-07/zyf_focus2_20260907.edf,focus,unfocus,812.0,816.0
pooled,Existing pooled frozen model,zyf,20260907_zyf_focus_02,data/locked/2026-09-07/zyf_focus2_20260907.edf,focus,unfocus,814.0,818.0
pooled,Existing pooled frozen model,zyf,20260907_zyf_focus_02,data/locked/2026-09-07/zyf_focus2_20260907.edf,focus,unfocus,816.0,820.0
pooled,Existing pooled frozen model,zyf,20260907_zyf_focus_02,data/locked/2026-09-07/zyf_focus2_20260907.edf,focus,unfocus,818.0,822.0
pooled,Existing pooled frozen model,zyf,20260907_zyf_focus_02,data/locked/2026-09-07/zyf_focus2_20260907.edf,focus,unfocus,820.0,824.0
pooled,Existing pooled frozen model,zyf,20260907_zyf_focus_02,data/locked/2026-09-07/zyf_focus2_20260907.edf,focus,unfocus,822.0,826.0
pooled,Existing pooled frozen model,zyf,20260907_zyf_focus_02,data/locked/2026-09-07/zyf_focus2_20260907.edf,focus,unfocus,824.0,828.0
pooled,Existing pooled frozen model,zyf,20260907_zyf_focus_02,data/locked/2026-09-07/zyf_focus2_20260907.edf,focus,unfocus,826.0,830.0
pooled,Existing pooled frozen model,zyf,20260907_zyf_focus_02,data/locked/2026-09-07/zyf_focus2_20260907.edf,focus,unfocus,828.0,832.0
pooled,Existing pooled frozen model,zyf,20260907_zyf_focus_02,data/locked/2026-09-07/zyf_focus2_20260907.edf,focus,unfocus,830.0,834.0
pooled,Existing pooled frozen model,zyf,20260907_zyf_focus_02,data/locked/2026-09-07/zyf_focus2_20260907.edf,focus,unfocus,832.0,836.0
pooled,Existing pooled frozen model,zyf,20260907_zyf_focus_02,data/locked/2026-09-07/zyf_focus2_20260907.edf,focus,unfocus,834.0,838.0
pooled,Existing pooled frozen model,zyf,20260907_zyf_focus_02,data/locked/2026-09-07/zyf_focus2_20260907.edf,focus,unfocus,836.0,840.0
pooled,Existing pooled frozen model,zyf,20260907_zyf_focus_02,data/locked/2026-09-07/zyf_focus2_20260907.edf,focus,focus,838.0,842.0
pooled,Existing pooled frozen model,zyf,20260907_zyf_focus_02,data/locked/2026-09-07/zyf_focus2_20260907.edf,focus,unfocus,840.0,844.0
pooled,Existing pooled frozen model,zyf,20260907_zyf_focus_02,data/locked/2026-09-07/zyf_focus2_20260907.edf,focus,unfocus,842.0,846.0
pooled,Existing pooled frozen model,zyf,20260907_zyf_focus_02,data/locked/2026-09-07/zyf_focus2_20260907.edf,focus,unfocus,844.0,848.0
pooled,Existing pooled frozen model,zyf,20260907_zyf_focus_02,data/locked/2026-09-07/zyf_focus2_20260907.edf,focus,focus,846.0,850.0
pooled,Existing pooled frozen model,zyf,20260907_zyf_focus_02,data/locked/2026-09-07/zyf_focus2_20260907.edf,focus,unfocus,848.0,852.0
pooled,Existing pooled frozen model,zyf,20260907_zyf_focus_02,data/locked/2026-09-07/zyf_focus2_20260907.edf,focus,unfocus,850.0,854.0
pooled,Existing pooled frozen model,zyf,20260907_zyf_focus_02,data/locked/2026-09-07/zyf_focus2_20260907.edf,focus,unfocus,852.0,856.0
pooled,Existing pooled frozen model,zyf,20260907_zyf_focus_02,data/locked/2026-09-07/zyf_focus2_20260907.edf,focus,unfocus,854.0,858.0
pooled,Existing pooled frozen model,zyf,20260907_zyf_focus_02,data/locked/2026-09-07/zyf_focus2_20260907.edf,focus,unfocus,856.0,860.0
pooled,Existing pooled frozen model,zyf,20260907_zyf_focus_02,data/locked/2026-09-07/zyf_focus2_20260907.edf,focus,unfocus,858.0,862.0
pooled,Existing pooled frozen model,zyf,20260907_zyf_focus_02,data/locked/2026-09-07/zyf_focus2_20260907.edf,focus,focus,860.0,864.0
pooled,Existing pooled frozen model,zyf,20260907_zyf_focus_02,data/locked/2026-09-07/zyf_focus2_20260907.edf,focus,focus,862.0,866.0
pooled,Existing pooled frozen model,zyf,20260907_zyf_focus_02,data/locked/2026-09-07/zyf_focus2_20260907.edf,focus,unfocus,864.0,868.0
lyc_personal,lyc personal model,zyf,20260907_zyf_focus_02,data/locked/2026-09-07/zyf_focus2_20260907.edf,focus,focus,30.0,34.0
lyc_personal,lyc personal model,zyf,20260907_zyf_focus_02,data/locked/2026-09-07/zyf_focus2_20260907.edf,focus,focus,32.0,36.0
lyc_personal,lyc personal model,zyf,20260907_zyf_focus_02,data/locked/2026-09-07/zyf_focus2_20260907.edf,focus,focus,34.0,38.0
lyc_personal,lyc personal model,zyf,20260907_zyf_focus_02,data/locked/2026-09-07/zyf_focus2_20260907.edf,focus,focus,36.0,40.0
lyc_personal,lyc personal model,zyf,20260907_zyf_focus_02,data/locked/2026-09-07/zyf_focus2_20260907.edf,focus,focus,38.0,42.0
lyc_personal,lyc personal model,zyf,20260907_zyf_focus_02,data/locked/2026-09-07/zyf_focus2_20260907.edf,focus,focus,40.0,44.0
lyc_personal,lyc personal model,zyf,20260907_zyf_focus_02,data/locked/2026-09-07/zyf_focus2_20260907.edf,focus,focus,42.0,46.0
lyc_personal,lyc personal model,zyf,20260907_zyf_focus_02,data/locked/2026-09-07/zyf_focus2_20260907.edf,focus,focus,44.0,48.0
lyc_personal,lyc personal model,zyf,20260907_zyf_focus_02,data/locked/2026-09-07/zyf_focus2_20260907.edf,focus,focus,46.0,50.0
lyc_personal,lyc personal model,zyf,20260907_zyf_focus_02,data/locked/2026-09-07/zyf_focus2_20260907.edf,focus,focus,48.0,52.0
lyc_personal,lyc personal model,zyf,20260907_zyf_focus_02,data/locked/2026-09-07/zyf_focus2_20260907.edf,focus,focus,50.0,54.0
lyc_personal,lyc personal model,zyf,20260907_zyf_focus_02,data/locked/2026-09-07/zyf_focus2_20260907.edf,focus,focus,52.0,56.0
lyc_personal,lyc personal model,zyf,20260907_zyf_focus_02,data/locked/2026-09-07/zyf_focus2_20260907.edf,focus,focus,54.0,58.0
lyc_personal,lyc personal model,zyf,20260907_zyf_focus_02,data/locked/2026-09-07/zyf_focus2_20260907.edf,focus,focus,56.0,60.0
lyc_personal,lyc personal model,zyf,20260907_zyf_focus_02,data/locked/2026-09-07/zyf_focus2_20260907.edf,focus,focus,58.0,62.0
lyc_personal,lyc personal model,zyf,20260907_zyf_focus_02,data/locked/2026-09-07/zyf_focus2_20260907.edf,focus,focus,60.0,64.0
lyc_personal,lyc personal model,zyf,20260907_zyf_focus_02,data/locked/2026-09-07/zyf_focus2_20260907.edf,focus,focus,62.0,66.0
lyc_personal,lyc personal model,zyf,20260907_zyf_focus_02,data/locked/2026-09-07/zyf_focus2_20260907.edf,focus,focus,64.0,68.0
lyc_personal,lyc personal model,zyf,20260907_zyf_focus_02,data/locked/2026-09-07/zyf_focus2_20260907.edf,focus,focus,66.0,70.0
lyc_personal,lyc personal model,zyf,20260907_zyf_focus_02,data/locked/2026-09-07/zyf_focus2_20260907.edf,focus,focus,68.0,72.0
lyc_personal,lyc personal model,zyf,20260907_zyf_focus_02,data/locked/2026-09-07/zyf_focus2_20260907.edf,focus,focus,70.0,74.0
lyc_personal,lyc personal model,zyf,20260907_zyf_focus_02,data/locked/2026-09-07/zyf_focus2_20260907.edf,focus,focus,72.0,76.0
lyc_personal,lyc personal model,zyf,20260907_zyf_focus_02,data/locked/2026-09-07/zyf_focus2_20260907.edf,focus,focus,74.0,78.0
lyc_personal,lyc personal model,zyf,20260907_zyf_focus_02,data/locked/2026-09-07/zyf_focus2_20260907.edf,focus,focus,76.0,80.0
lyc_personal,lyc personal model,zyf,20260907_zyf_focus_02,data/locked/2026-09-07/zyf_focus2_20260907.edf,focus,focus,78.0,82.0
lyc_personal,lyc personal model,zyf,20260907_zyf_focus_02,data/locked/2026-09-07/zyf_focus2_20260907.edf,focus,focus,80.0,84.0
lyc_personal,lyc personal model,zyf,20260907_zyf_focus_02,data/locked/2026-09-07/zyf_focus2_20260907.edf,focus,focus,82.0,86.0
lyc_personal,lyc personal model,zyf,20260907_zyf_focus_02,data/locked/2026-09-07/zyf_focus2_20260907.edf,focus,focus,84.0,88.0
lyc_personal,lyc personal model,zyf,20260907_zyf_focus_02,data/locked/2026-09-07/zyf_focus2_20260907.edf,focus,focus,86.0,90.0
lyc_personal,lyc personal model,zyf,20260907_zyf_focus_02,data/locked/2026-09-07/zyf_focus2_20260907.edf,focus,focus,88.0,92.0
lyc_personal,lyc personal model,zyf,20260907_zyf_focus_02,data/locked/2026-09-07/zyf_focus2_20260907.edf,focus,focus,90.0,94.0
lyc_personal,lyc personal model,zyf,20260907_zyf_focus_02,data/locked/2026-09-07/zyf_focus2_20260907.edf,focus,focus,92.0,96.0
lyc_personal,lyc personal model,zyf,20260907_zyf_focus_02,data/locked/2026-09-07/zyf_focus2_20260907.edf,focus,focus,94.0,98.0
lyc_personal,lyc personal model,zyf,20260907_zyf_focus_02,data/locked/2026-09-07/zyf_focus2_20260907.edf,focus,focus,96.0,100.0
lyc_personal,lyc personal model,zyf,20260907_zyf_focus_02,data/locked/2026-09-07/zyf_focus2_20260907.edf,focus,focus,98.0,102.0
lyc_personal,lyc personal model,zyf,20260907_zyf_focus_02,data/locked/2026-09-07/zyf_focus2_20260907.edf,focus,focus,100.0,104.0
lyc_personal,lyc personal model,zyf,20260907_zyf_focus_02,data/locked/2026-09-07/zyf_focus2_20260907.edf,focus,focus,102.0,106.0
lyc_personal,lyc personal model,zyf,20260907_zyf_focus_02,data/locked/2026-09-07/zyf_focus2_20260907.edf,focus,focus,104.0,108.0
lyc_personal,lyc personal model,zyf,20260907_zyf_focus_02,data/locked/2026-09-07/zyf_focus2_20260907.edf,focus,focus,106.0,110.0
lyc_personal,lyc personal model,zyf,20260907_zyf_focus_02,data/locked/2026-09-07/zyf_focus2_20260907.edf,focus,focus,108.0,112.0
lyc_personal,lyc personal model,zyf,20260907_zyf_focus_02,data/locked/2026-09-07/zyf_focus2_20260907.edf,focus,focus,110.0,114.0
lyc_personal,lyc personal model,zyf,20260907_zyf_focus_02,data/locked/2026-09-07/zyf_focus2_20260907.edf,focus,focus,112.0,116.0
lyc_personal,lyc personal model,zyf,20260907_zyf_focus_02,data/locked/2026-09-07/zyf_focus2_20260907.edf,focus,focus,114.0,118.0
lyc_personal,lyc personal model,zyf,20260907_zyf_focus_02,data/locked/2026-09-07/zyf_focus2_20260907.edf,focus,focus,116.0,120.0
lyc_personal,lyc personal model,zyf,20260907_zyf_focus_02,data/locked/2026-09-07/zyf_focus2_20260907.edf,focus,focus,118.0,122.0
lyc_personal,lyc personal model,zyf,20260907_zyf_focus_02,data/locked/2026-09-07/zyf_focus2_20260907.edf,focus,focus,120.0,124.0
lyc_personal,lyc personal model,zyf,20260907_zyf_focus_02,data/locked/2026-09-07/zyf_focus2_20260907.edf,focus,focus,122.0,126.0
lyc_personal,lyc personal model,zyf,20260907_zyf_focus_02,data/locked/2026-09-07/zyf_focus2_20260907.edf,focus,focus,124.0,128.0
lyc_personal,lyc personal model,zyf,20260907_zyf_focus_02,data/locked/2026-09-07/zyf_focus2_20260907.edf,focus,focus,126.0,130.0
lyc_personal,lyc personal model,zyf,20260907_zyf_focus_02,data/locked/2026-09-07/zyf_focus2_20260907.edf,focus,focus,128.0,132.0
lyc_personal,lyc personal model,zyf,20260907_zyf_focus_02,data/locked/2026-09-07/zyf_focus2_20260907.edf,focus,focus,130.0,134.0
lyc_personal,lyc personal model,zyf,20260907_zyf_focus_02,data/locked/2026-09-07/zyf_focus2_20260907.edf,focus,focus,132.0,136.0
lyc_personal,lyc personal model,zyf,20260907_zyf_focus_02,data/locked/2026-09-07/zyf_focus2_20260907.edf,focus,focus,134.0,138.0
lyc_personal,lyc personal model,zyf,20260907_zyf_focus_02,data/locked/2026-09-07/zyf_focus2_20260907.edf,focus,focus,136.0,140.0
lyc_personal,lyc personal model,zyf,20260907_zyf_focus_02,data/locked/2026-09-07/zyf_focus2_20260907.edf,focus,focus,138.0,142.0
lyc_personal,lyc personal model,zyf,20260907_zyf_focus_02,data/locked/2026-09-07/zyf_focus2_20260907.edf,focus,focus,140.0,144.0
lyc_personal,lyc personal model,zyf,20260907_zyf_focus_02,data/locked/2026-09-07/zyf_focus2_20260907.edf,focus,focus,142.0,146.0
lyc_personal,lyc personal model,zyf,20260907_zyf_focus_02,data/locked/2026-09-07/zyf_focus2_20260907.edf,focus,focus,144.0,148.0
lyc_personal,lyc personal model,zyf,20260907_zyf_focus_02,data/locked/2026-09-07/zyf_focus2_20260907.edf,focus,focus,146.0,150.0
lyc_personal,lyc personal model,zyf,20260907_zyf_focus_02,data/locked/2026-09-07/zyf_focus2_20260907.edf,focus,focus,148.0,152.0
lyc_personal,lyc personal model,zyf,20260907_zyf_focus_02,data/locked/2026-09-07/zyf_focus2_20260907.edf,focus,focus,150.0,154.0
lyc_personal,lyc personal model,zyf,20260907_zyf_focus_02,data/locked/2026-09-07/zyf_focus2_20260907.edf,focus,focus,152.0,156.0
lyc_personal,lyc personal model,zyf,20260907_zyf_focus_02,data/locked/2026-09-07/zyf_focus2_20260907.edf,focus,focus,154.0,158.0
lyc_personal,lyc personal model,zyf,20260907_zyf_focus_02,data/locked/2026-09-07/zyf_focus2_20260907.edf,focus,focus,156.0,160.0
lyc_personal,lyc personal model,zyf,20260907_zyf_focus_02,data/locked/2026-09-07/zyf_focus2_20260907.edf,focus,focus,158.0,162.0
lyc_personal,lyc personal model,zyf,20260907_zyf_focus_02,data/locked/2026-09-07/zyf_focus2_20260907.edf,focus,focus,160.0,164.0
lyc_personal,lyc personal model,zyf,20260907_zyf_focus_02,data/locked/2026-09-07/zyf_focus2_20260907.edf,focus,focus,162.0,166.0
lyc_personal,lyc personal model,zyf,20260907_zyf_focus_02,data/locked/2026-09-07/zyf_focus2_20260907.edf,focus,focus,164.0,168.0
lyc_personal,lyc personal model,zyf,20260907_zyf_focus_02,data/locked/2026-09-07/zyf_focus2_20260907.edf,focus,focus,166.0,170.0
lyc_personal,lyc personal model,zyf,20260907_zyf_focus_02,data/locked/2026-09-07/zyf_focus2_20260907.edf,focus,focus,168.0,172.0
lyc_personal,lyc personal model,zyf,20260907_zyf_focus_02,data/locked/2026-09-07/zyf_focus2_20260907.edf,focus,focus,170.0,174.0
lyc_personal,lyc personal model,zyf,20260907_zyf_focus_02,data/locked/2026-09-07/zyf_focus2_20260907.edf,focus,focus,172.0,176.0
lyc_personal,lyc personal model,zyf,20260907_zyf_focus_02,data/locked/2026-09-07/zyf_focus2_20260907.edf,focus,focus,174.0,178.0
lyc_personal,lyc personal model,zyf,20260907_zyf_focus_02,data/locked/2026-09-07/zyf_focus2_20260907.edf,focus,focus,176.0,180.0
lyc_personal,lyc personal model,zyf,20260907_zyf_focus_02,data/locked/2026-09-07/zyf_focus2_20260907.edf,focus,focus,178.0,182.0
lyc_personal,lyc personal model,zyf,20260907_zyf_focus_02,data/locked/2026-09-07/zyf_focus2_20260907.edf,focus,focus,180.0,184.0
lyc_personal,lyc personal model,zyf,20260907_zyf_focus_02,data/locked/2026-09-07/zyf_focus2_20260907.edf,focus,focus,182.0,186.0
lyc_personal,lyc personal model,zyf,20260907_zyf_focus_02,data/locked/2026-09-07/zyf_focus2_20260907.edf,focus,focus,184.0,188.0
lyc_personal,lyc personal model,zyf,20260907_zyf_focus_02,data/locked/2026-09-07/zyf_focus2_20260907.edf,focus,focus,186.0,190.0
lyc_personal,lyc personal model,zyf,20260907_zyf_focus_02,data/locked/2026-09-07/zyf_focus2_20260907.edf,focus,focus,188.0,192.0
lyc_personal,lyc personal model,zyf,20260907_zyf_focus_02,data/locked/2026-09-07/zyf_focus2_20260907.edf,focus,focus,190.0,194.0
lyc_personal,lyc personal model,zyf,20260907_zyf_focus_02,data/locked/2026-09-07/zyf_focus2_20260907.edf,focus,focus,192.0,196.0
lyc_personal,lyc personal model,zyf,20260907_zyf_focus_02,data/locked/2026-09-07/zyf_focus2_20260907.edf,focus,focus,194.0,198.0
lyc_personal,lyc personal model,zyf,20260907_zyf_focus_02,data/locked/2026-09-07/zyf_focus2_20260907.edf,focus,focus,196.0,200.0
lyc_personal,lyc personal model,zyf,20260907_zyf_focus_02,data/locked/2026-09-07/zyf_focus2_20260907.edf,focus,focus,198.0,202.0
lyc_personal,lyc personal model,zyf,20260907_zyf_focus_02,data/locked/2026-09-07/zyf_focus2_20260907.edf,focus,focus,200.0,204.0
lyc_personal,lyc personal model,zyf,20260907_zyf_focus_02,data/locked/2026-09-07/zyf_focus2_20260907.edf,focus,focus,202.0,206.0
lyc_personal,lyc personal model,zyf,20260907_zyf_focus_02,data/locked/2026-09-07/zyf_focus2_20260907.edf,focus,focus,204.0,208.0
lyc_personal,lyc personal model,zyf,20260907_zyf_focus_02,data/locked/2026-09-07/zyf_focus2_20260907.edf,focus,focus,206.0,210.0
lyc_personal,lyc personal model,zyf,20260907_zyf_focus_02,data/locked/2026-09-07/zyf_focus2_20260907.edf,focus,focus,208.0,212.0
lyc_personal,lyc personal model,zyf,20260907_zyf_focus_02,data/locked/2026-09-07/zyf_focus2_20260907.edf,focus,focus,210.0,214.0
lyc_personal,lyc personal model,zyf,20260907_zyf_focus_02,data/locked/2026-09-07/zyf_focus2_20260907.edf,focus,focus,212.0,216.0
lyc_personal,lyc personal model,zyf,20260907_zyf_focus_02,data/locked/2026-09-07/zyf_focus2_20260907.edf,focus,focus,214.0,218.0
lyc_personal,lyc personal model,zyf,20260907_zyf_focus_02,data/locked/2026-09-07/zyf_focus2_20260907.edf,focus,focus,216.0,220.0
lyc_personal,lyc personal model,zyf,20260907_zyf_focus_02,data/locked/2026-09-07/zyf_focus2_20260907.edf,focus,focus,218.0,222.0
lyc_personal,lyc personal model,zyf,20260907_zyf_focus_02,data/locked/2026-09-07/zyf_focus2_20260907.edf,focus,focus,220.0,224.0
lyc_personal,lyc personal model,zyf,20260907_zyf_focus_02,data/locked/2026-09-07/zyf_focus2_20260907.edf,focus,focus,222.0,226.0
lyc_personal,lyc personal model,zyf,20260907_zyf_focus_02,data/locked/2026-09-07/zyf_focus2_20260907.edf,focus,focus,224.0,228.0
lyc_personal,lyc personal model,zyf,20260907_zyf_focus_02,data/locked/2026-09-07/zyf_focus2_20260907.edf,focus,focus,226.0,230.0
lyc_personal,lyc personal model,zyf,20260907_zyf_focus_02,data/locked/2026-09-07/zyf_focus2_20260907.edf,focus,focus,228.0,232.0
lyc_personal,lyc personal model,zyf,20260907_zyf_focus_02,data/locked/2026-09-07/zyf_focus2_20260907.edf,focus,focus,230.0,234.0
lyc_personal,lyc personal model,zyf,20260907_zyf_focus_02,data/locked/2026-09-07/zyf_focus2_20260907.edf,focus,focus,232.0,236.0
lyc_personal,lyc personal model,zyf,20260907_zyf_focus_02,data/locked/2026-09-07/zyf_focus2_20260907.edf,focus,focus,234.0,238.0
lyc_personal,lyc personal model,zyf,20260907_zyf_focus_02,data/locked/2026-09-07/zyf_focus2_20260907.edf,focus,focus,236.0,240.0
lyc_personal,lyc personal model,zyf,20260907_zyf_focus_02,data/locked/2026-09-07/zyf_focus2_20260907.edf,focus,focus,238.0,242.0
lyc_personal,lyc personal model,zyf,20260907_zyf_focus_02,data/locked/2026-09-07/zyf_focus2_20260907.edf,focus,focus,240.0,244.0
lyc_personal,lyc personal model,zyf,20260907_zyf_focus_02,data/locked/2026-09-07/zyf_focus2_20260907.edf,focus,focus,242.0,246.0
lyc_personal,lyc personal model,zyf,20260907_zyf_focus_02,data/locked/2026-09-07/zyf_focus2_20260907.edf,focus,focus,244.0,248.0
lyc_personal,lyc personal model,zyf,20260907_zyf_focus_02,data/locked/2026-09-07/zyf_focus2_20260907.edf,focus,focus,246.0,250.0
lyc_personal,lyc personal model,zyf,20260907_zyf_focus_02,data/locked/2026-09-07/zyf_focus2_20260907.edf,focus,focus,248.0,252.0
lyc_personal,lyc personal model,zyf,20260907_zyf_focus_02,data/locked/2026-09-07/zyf_focus2_20260907.edf,focus,focus,250.0,254.0
lyc_personal,lyc personal model,zyf,20260907_zyf_focus_02,data/locked/2026-09-07/zyf_focus2_20260907.edf,focus,focus,252.0,256.0
lyc_personal,lyc personal model,zyf,20260907_zyf_focus_02,data/locked/2026-09-07/zyf_focus2_20260907.edf,focus,focus,254.0,258.0
lyc_personal,lyc personal model,zyf,20260907_zyf_focus_02,data/locked/2026-09-07/zyf_focus2_20260907.edf,focus,focus,256.0,260.0
lyc_personal,lyc personal model,zyf,20260907_zyf_focus_02,data/locked/2026-09-07/zyf_focus2_20260907.edf,focus,focus,258.0,262.0
lyc_personal,lyc personal model,zyf,20260907_zyf_focus_02,data/locked/2026-09-07/zyf_focus2_20260907.edf,focus,focus,260.0,264.0
lyc_personal,lyc personal model,zyf,20260907_zyf_focus_02,data/locked/2026-09-07/zyf_focus2_20260907.edf,focus,focus,262.0,266.0
lyc_personal,lyc personal model,zyf,20260907_zyf_focus_02,data/locked/2026-09-07/zyf_focus2_20260907.edf,focus,focus,264.0,268.0
lyc_personal,lyc personal model,zyf,20260907_zyf_focus_02,data/locked/2026-09-07/zyf_focus2_20260907.edf,focus,focus,266.0,270.0
lyc_personal,lyc personal model,zyf,20260907_zyf_focus_02,data/locked/2026-09-07/zyf_focus2_20260907.edf,focus,focus,268.0,272.0
lyc_personal,lyc personal model,zyf,20260907_zyf_focus_02,data/locked/2026-09-07/zyf_focus2_20260907.edf,focus,focus,270.0,274.0
lyc_personal,lyc personal model,zyf,20260907_zyf_focus_02,data/locked/2026-09-07/zyf_focus2_20260907.edf,focus,focus,272.0,276.0
lyc_personal,lyc personal model,zyf,20260907_zyf_focus_02,data/locked/2026-09-07/zyf_focus2_20260907.edf,focus,focus,274.0,278.0
lyc_personal,lyc personal model,zyf,20260907_zyf_focus_02,data/locked/2026-09-07/zyf_focus2_20260907.edf,focus,focus,276.0,280.0
lyc_personal,lyc personal model,zyf,20260907_zyf_focus_02,data/locked/2026-09-07/zyf_focus2_20260907.edf,focus,focus,278.0,282.0
lyc_personal,lyc personal model,zyf,20260907_zyf_focus_02,data/locked/2026-09-07/zyf_focus2_20260907.edf,focus,focus,280.0,284.0
lyc_personal,lyc personal model,zyf,20260907_zyf_focus_02,data/locked/2026-09-07/zyf_focus2_20260907.edf,focus,focus,282.0,286.0
lyc_personal,lyc personal model,zyf,20260907_zyf_focus_02,data/locked/2026-09-07/zyf_focus2_20260907.edf,focus,focus,284.0,288.0
lyc_personal,lyc personal model,zyf,20260907_zyf_focus_02,data/locked/2026-09-07/zyf_focus2_20260907.edf,focus,focus,286.0,290.0
lyc_personal,lyc personal model,zyf,20260907_zyf_focus_02,data/locked/2026-09-07/zyf_focus2_20260907.edf,focus,focus,288.0,292.0
lyc_personal,lyc personal model,zyf,20260907_zyf_focus_02,data/locked/2026-09-07/zyf_focus2_20260907.edf,focus,focus,290.0,294.0
lyc_personal,lyc personal model,zyf,20260907_zyf_focus_02,data/locked/2026-09-07/zyf_focus2_20260907.edf,focus,focus,292.0,296.0
lyc_personal,lyc personal model,zyf,20260907_zyf_focus_02,data/locked/2026-09-07/zyf_focus2_20260907.edf,focus,focus,294.0,298.0
lyc_personal,lyc personal model,zyf,20260907_zyf_focus_02,data/locked/2026-09-07/zyf_focus2_20260907.edf,focus,focus,296.0,300.0
lyc_personal,lyc personal model,zyf,20260907_zyf_focus_02,data/locked/2026-09-07/zyf_focus2_20260907.edf,focus,focus,298.0,302.0
lyc_personal,lyc personal model,zyf,20260907_zyf_focus_02,data/locked/2026-09-07/zyf_focus2_20260907.edf,focus,focus,300.0,304.0
lyc_personal,lyc personal model,zyf,20260907_zyf_focus_02,data/locked/2026-09-07/zyf_focus2_20260907.edf,focus,focus,302.0,306.0
lyc_personal,lyc personal model,zyf,20260907_zyf_focus_02,data/locked/2026-09-07/zyf_focus2_20260907.edf,focus,focus,304.0,308.0
lyc_personal,lyc personal model,zyf,20260907_zyf_focus_02,data/locked/2026-09-07/zyf_focus2_20260907.edf,focus,focus,306.0,310.0
lyc_personal,lyc personal model,zyf,20260907_zyf_focus_02,data/locked/2026-09-07/zyf_focus2_20260907.edf,focus,focus,308.0,312.0
lyc_personal,lyc personal model,zyf,20260907_zyf_focus_02,data/locked/2026-09-07/zyf_focus2_20260907.edf,focus,focus,310.0,314.0
lyc_personal,lyc personal model,zyf,20260907_zyf_focus_02,data/locked/2026-09-07/zyf_focus2_20260907.edf,focus,focus,312.0,316.0
lyc_personal,lyc personal model,zyf,20260907_zyf_focus_02,data/locked/2026-09-07/zyf_focus2_20260907.edf,focus,focus,314.0,318.0
lyc_personal,lyc personal model,zyf,20260907_zyf_focus_02,data/locked/2026-09-07/zyf_focus2_20260907.edf,focus,focus,316.0,320.0
lyc_personal,lyc personal model,zyf,20260907_zyf_focus_02,data/locked/2026-09-07/zyf_focus2_20260907.edf,focus,focus,318.0,322.0
lyc_personal,lyc personal model,zyf,20260907_zyf_focus_02,data/locked/2026-09-07/zyf_focus2_20260907.edf,focus,focus,320.0,324.0
lyc_personal,lyc personal model,zyf,20260907_zyf_focus_02,data/locked/2026-09-07/zyf_focus2_20260907.edf,focus,focus,322.0,326.0
lyc_personal,lyc personal model,zyf,20260907_zyf_focus_02,data/locked/2026-09-07/zyf_focus2_20260907.edf,focus,focus,324.0,328.0
lyc_personal,lyc personal model,zyf,20260907_zyf_focus_02,data/locked/2026-09-07/zyf_focus2_20260907.edf,focus,focus,326.0,330.0
lyc_personal,lyc personal model,zyf,20260907_zyf_focus_02,data/locked/2026-09-07/zyf_focus2_20260907.edf,focus,focus,328.0,332.0
lyc_personal,lyc personal model,zyf,20260907_zyf_focus_02,data/locked/2026-09-07/zyf_focus2_20260907.edf,focus,focus,330.0,334.0
lyc_personal,lyc personal model,zyf,20260907_zyf_focus_02,data/locked/2026-09-07/zyf_focus2_20260907.edf,focus,focus,332.0,336.0
lyc_personal,lyc personal model,zyf,20260907_zyf_focus_02,data/locked/2026-09-07/zyf_focus2_20260907.edf,focus,focus,334.0,338.0
lyc_personal,lyc personal model,zyf,20260907_zyf_focus_02,data/locked/2026-09-07/zyf_focus2_20260907.edf,focus,focus,336.0,340.0
lyc_personal,lyc personal model,zyf,20260907_zyf_focus_02,data/locked/2026-09-07/zyf_focus2_20260907.edf,focus,focus,338.0,342.0
lyc_personal,lyc personal model,zyf,20260907_zyf_focus_02,data/locked/2026-09-07/zyf_focus2_20260907.edf,focus,focus,340.0,344.0
lyc_personal,lyc personal model,zyf,20260907_zyf_focus_02,data/locked/2026-09-07/zyf_focus2_20260907.edf,focus,focus,342.0,346.0
lyc_personal,lyc personal model,zyf,20260907_zyf_focus_02,data/locked/2026-09-07/zyf_focus2_20260907.edf,focus,focus,344.0,348.0
lyc_personal,lyc personal model,zyf,20260907_zyf_focus_02,data/locked/2026-09-07/zyf_focus2_20260907.edf,focus,focus,346.0,350.0
lyc_personal,lyc personal model,zyf,20260907_zyf_focus_02,data/locked/2026-09-07/zyf_focus2_20260907.edf,focus,focus,348.0,352.0
lyc_personal,lyc personal model,zyf,20260907_zyf_focus_02,data/locked/2026-09-07/zyf_focus2_20260907.edf,focus,focus,350.0,354.0
lyc_personal,lyc personal model,zyf,20260907_zyf_focus_02,data/locked/2026-09-07/zyf_focus2_20260907.edf,focus,focus,352.0,356.0
lyc_personal,lyc personal model,zyf,20260907_zyf_focus_02,data/locked/2026-09-07/zyf_focus2_20260907.edf,focus,focus,354.0,358.0
lyc_personal,lyc personal model,zyf,20260907_zyf_focus_02,data/locked/2026-09-07/zyf_focus2_20260907.edf,focus,focus,356.0,360.0
lyc_personal,lyc personal model,zyf,20260907_zyf_focus_02,data/locked/2026-09-07/zyf_focus2_20260907.edf,focus,focus,358.0,362.0
lyc_personal,lyc personal model,zyf,20260907_zyf_focus_02,data/locked/2026-09-07/zyf_focus2_20260907.edf,focus,focus,360.0,364.0
lyc_personal,lyc personal model,zyf,20260907_zyf_focus_02,data/locked/2026-09-07/zyf_focus2_20260907.edf,focus,focus,362.0,366.0
lyc_personal,lyc personal model,zyf,20260907_zyf_focus_02,data/locked/2026-09-07/zyf_focus2_20260907.edf,focus,focus,364.0,368.0
lyc_personal,lyc personal model,zyf,20260907_zyf_focus_02,data/locked/2026-09-07/zyf_focus2_20260907.edf,focus,focus,366.0,370.0
lyc_personal,lyc personal model,zyf,20260907_zyf_focus_02,data/locked/2026-09-07/zyf_focus2_20260907.edf,focus,focus,368.0,372.0
lyc_personal,lyc personal model,zyf,20260907_zyf_focus_02,data/locked/2026-09-07/zyf_focus2_20260907.edf,focus,focus,370.0,374.0
lyc_personal,lyc personal model,zyf,20260907_zyf_focus_02,data/locked/2026-09-07/zyf_focus2_20260907.edf,focus,focus,372.0,376.0
lyc_personal,lyc personal model,zyf,20260907_zyf_focus_02,data/locked/2026-09-07/zyf_focus2_20260907.edf,focus,focus,374.0,378.0
lyc_personal,lyc personal model,zyf,20260907_zyf_focus_02,data/locked/2026-09-07/zyf_focus2_20260907.edf,focus,focus,376.0,380.0
lyc_personal,lyc personal model,zyf,20260907_zyf_focus_02,data/locked/2026-09-07/zyf_focus2_20260907.edf,focus,focus,378.0,382.0
lyc_personal,lyc personal model,zyf,20260907_zyf_focus_02,data/locked/2026-09-07/zyf_focus2_20260907.edf,focus,focus,380.0,384.0
lyc_personal,lyc personal model,zyf,20260907_zyf_focus_02,data/locked/2026-09-07/zyf_focus2_20260907.edf,focus,focus,382.0,386.0
lyc_personal,lyc personal model,zyf,20260907_zyf_focus_02,data/locked/2026-09-07/zyf_focus2_20260907.edf,focus,focus,384.0,388.0
lyc_personal,lyc personal model,zyf,20260907_zyf_focus_02,data/locked/2026-09-07/zyf_focus2_20260907.edf,focus,focus,386.0,390.0
lyc_personal,lyc personal model,zyf,20260907_zyf_focus_02,data/locked/2026-09-07/zyf_focus2_20260907.edf,focus,focus,388.0,392.0
lyc_personal,lyc personal model,zyf,20260907_zyf_focus_02,data/locked/2026-09-07/zyf_focus2_20260907.edf,focus,focus,390.0,394.0
lyc_personal,lyc personal model,zyf,20260907_zyf_focus_02,data/locked/2026-09-07/zyf_focus2_20260907.edf,focus,focus,392.0,396.0
lyc_personal,lyc personal model,zyf,20260907_zyf_focus_02,data/locked/2026-09-07/zyf_focus2_20260907.edf,focus,focus,394.0,398.0
lyc_personal,lyc personal model,zyf,20260907_zyf_focus_02,data/locked/2026-09-07/zyf_focus2_20260907.edf,focus,focus,396.0,400.0
lyc_personal,lyc personal model,zyf,20260907_zyf_focus_02,data/locked/2026-09-07/zyf_focus2_20260907.edf,focus,focus,398.0,402.0
lyc_personal,lyc personal model,zyf,20260907_zyf_focus_02,data/locked/2026-09-07/zyf_focus2_20260907.edf,focus,focus,400.0,404.0
lyc_personal,lyc personal model,zyf,20260907_zyf_focus_02,data/locked/2026-09-07/zyf_focus2_20260907.edf,focus,focus,402.0,406.0
lyc_personal,lyc personal model,zyf,20260907_zyf_focus_02,data/locked/2026-09-07/zyf_focus2_20260907.edf,focus,focus,404.0,408.0
lyc_personal,lyc personal model,zyf,20260907_zyf_focus_02,data/locked/2026-09-07/zyf_focus2_20260907.edf,focus,focus,406.0,410.0
lyc_personal,lyc personal model,zyf,20260907_zyf_focus_02,data/locked/2026-09-07/zyf_focus2_20260907.edf,focus,focus,408.0,412.0
lyc_personal,lyc personal model,zyf,20260907_zyf_focus_02,data/locked/2026-09-07/zyf_focus2_20260907.edf,focus,focus,410.0,414.0
lyc_personal,lyc personal model,zyf,20260907_zyf_focus_02,data/locked/2026-09-07/zyf_focus2_20260907.edf,focus,focus,412.0,416.0
lyc_personal,lyc personal model,zyf,20260907_zyf_focus_02,data/locked/2026-09-07/zyf_focus2_20260907.edf,focus,focus,414.0,418.0
lyc_personal,lyc personal model,zyf,20260907_zyf_focus_02,data/locked/2026-09-07/zyf_focus2_20260907.edf,focus,focus,416.0,420.0
lyc_personal,lyc personal model,zyf,20260907_zyf_focus_02,data/locked/2026-09-07/zyf_focus2_20260907.edf,focus,focus,418.0,422.0
lyc_personal,lyc personal model,zyf,20260907_zyf_focus_02,data/locked/2026-09-07/zyf_focus2_20260907.edf,focus,focus,420.0,424.0
lyc_personal,lyc personal model,zyf,20260907_zyf_focus_02,data/locked/2026-09-07/zyf_focus2_20260907.edf,focus,focus,422.0,426.0
lyc_personal,lyc personal model,zyf,20260907_zyf_focus_02,data/locked/2026-09-07/zyf_focus2_20260907.edf,focus,focus,424.0,428.0
lyc_personal,lyc personal model,zyf,20260907_zyf_focus_02,data/locked/2026-09-07/zyf_focus2_20260907.edf,focus,focus,426.0,430.0
lyc_personal,lyc personal model,zyf,20260907_zyf_focus_02,data/locked/2026-09-07/zyf_focus2_20260907.edf,focus,focus,428.0,432.0
lyc_personal,lyc personal model,zyf,20260907_zyf_focus_02,data/locked/2026-09-07/zyf_focus2_20260907.edf,focus,focus,430.0,434.0
lyc_personal,lyc personal model,zyf,20260907_zyf_focus_02,data/locked/2026-09-07/zyf_focus2_20260907.edf,focus,focus,432.0,436.0
lyc_personal,lyc personal model,zyf,20260907_zyf_focus_02,data/locked/2026-09-07/zyf_focus2_20260907.edf,focus,focus,434.0,438.0
lyc_personal,lyc personal model,zyf,20260907_zyf_focus_02,data/locked/2026-09-07/zyf_focus2_20260907.edf,focus,focus,436.0,440.0
lyc_personal,lyc personal model,zyf,20260907_zyf_focus_02,data/locked/2026-09-07/zyf_focus2_20260907.edf,focus,focus,438.0,442.0
lyc_personal,lyc personal model,zyf,20260907_zyf_focus_02,data/locked/2026-09-07/zyf_focus2_20260907.edf,focus,focus,440.0,444.0
lyc_personal,lyc personal model,zyf,20260907_zyf_focus_02,data/locked/2026-09-07/zyf_focus2_20260907.edf,focus,focus,442.0,446.0
lyc_personal,lyc personal model,zyf,20260907_zyf_focus_02,data/locked/2026-09-07/zyf_focus2_20260907.edf,focus,focus,444.0,448.0
lyc_personal,lyc personal model,zyf,20260907_zyf_focus_02,data/locked/2026-09-07/zyf_focus2_20260907.edf,focus,focus,446.0,450.0
lyc_personal,lyc personal model,zyf,20260907_zyf_focus_02,data/locked/2026-09-07/zyf_focus2_20260907.edf,focus,focus,448.0,452.0
lyc_personal,lyc personal model,zyf,20260907_zyf_focus_02,data/locked/2026-09-07/zyf_focus2_20260907.edf,focus,focus,450.0,454.0
lyc_personal,lyc personal model,zyf,20260907_zyf_focus_02,data/locked/2026-09-07/zyf_focus2_20260907.edf,focus,focus,452.0,456.0
lyc_personal,lyc personal model,zyf,20260907_zyf_focus_02,data/locked/2026-09-07/zyf_focus2_20260907.edf,focus,focus,454.0,458.0
lyc_personal,lyc personal model,zyf,20260907_zyf_focus_02,data/locked/2026-09-07/zyf_focus2_20260907.edf,focus,focus,456.0,460.0
lyc_personal,lyc personal model,zyf,20260907_zyf_focus_02,data/locked/2026-09-07/zyf_focus2_20260907.edf,focus,focus,458.0,462.0
lyc_personal,lyc personal model,zyf,20260907_zyf_focus_02,data/locked/2026-09-07/zyf_focus2_20260907.edf,focus,unfocus,460.0,464.0
lyc_personal,lyc personal model,zyf,20260907_zyf_focus_02,data/locked/2026-09-07/zyf_focus2_20260907.edf,focus,focus,462.0,466.0
lyc_personal,lyc personal model,zyf,20260907_zyf_focus_02,data/locked/2026-09-07/zyf_focus2_20260907.edf,focus,focus,464.0,468.0
lyc_personal,lyc personal model,zyf,20260907_zyf_focus_02,data/locked/2026-09-07/zyf_focus2_20260907.edf,focus,focus,466.0,470.0
lyc_personal,lyc personal model,zyf,20260907_zyf_focus_02,data/locked/2026-09-07/zyf_focus2_20260907.edf,focus,focus,468.0,472.0
lyc_personal,lyc personal model,zyf,20260907_zyf_focus_02,data/locked/2026-09-07/zyf_focus2_20260907.edf,focus,focus,470.0,474.0
lyc_personal,lyc personal model,zyf,20260907_zyf_focus_02,data/locked/2026-09-07/zyf_focus2_20260907.edf,focus,focus,472.0,476.0
lyc_personal,lyc personal model,zyf,20260907_zyf_focus_02,data/locked/2026-09-07/zyf_focus2_20260907.edf,focus,focus,474.0,478.0
lyc_personal,lyc personal model,zyf,20260907_zyf_focus_02,data/locked/2026-09-07/zyf_focus2_20260907.edf,focus,focus,476.0,480.0
lyc_personal,lyc personal model,zyf,20260907_zyf_focus_02,data/locked/2026-09-07/zyf_focus2_20260907.edf,focus,focus,478.0,482.0
lyc_personal,lyc personal model,zyf,20260907_zyf_focus_02,data/locked/2026-09-07/zyf_focus2_20260907.edf,focus,focus,480.0,484.0
lyc_personal,lyc personal model,zyf,20260907_zyf_focus_02,data/locked/2026-09-07/zyf_focus2_20260907.edf,focus,focus,482.0,486.0
lyc_personal,lyc personal model,zyf,20260907_zyf_focus_02,data/locked/2026-09-07/zyf_focus2_20260907.edf,focus,focus,484.0,488.0
lyc_personal,lyc personal model,zyf,20260907_zyf_focus_02,data/locked/2026-09-07/zyf_focus2_20260907.edf,focus,focus,486.0,490.0
lyc_personal,lyc personal model,zyf,20260907_zyf_focus_02,data/locked/2026-09-07/zyf_focus2_20260907.edf,focus,focus,488.0,492.0
lyc_personal,lyc personal model,zyf,20260907_zyf_focus_02,data/locked/2026-09-07/zyf_focus2_20260907.edf,focus,focus,490.0,494.0
lyc_personal,lyc personal model,zyf,20260907_zyf_focus_02,data/locked/2026-09-07/zyf_focus2_20260907.edf,focus,focus,492.0,496.0
lyc_personal,lyc personal model,zyf,20260907_zyf_focus_02,data/locked/2026-09-07/zyf_focus2_20260907.edf,focus,focus,494.0,498.0
lyc_personal,lyc personal model,zyf,20260907_zyf_focus_02,data/locked/2026-09-07/zyf_focus2_20260907.edf,focus,focus,496.0,500.0
lyc_personal,lyc personal model,zyf,20260907_zyf_focus_02,data/locked/2026-09-07/zyf_focus2_20260907.edf,focus,focus,498.0,502.0
lyc_personal,lyc personal model,zyf,20260907_zyf_focus_02,data/locked/2026-09-07/zyf_focus2_20260907.edf,focus,focus,500.0,504.0
lyc_personal,lyc personal model,zyf,20260907_zyf_focus_02,data/locked/2026-09-07/zyf_focus2_20260907.edf,focus,focus,502.0,506.0
lyc_personal,lyc personal model,zyf,20260907_zyf_focus_02,data/locked/2026-09-07/zyf_focus2_20260907.edf,focus,focus,504.0,508.0
lyc_personal,lyc personal model,zyf,20260907_zyf_focus_02,data/locked/2026-09-07/zyf_focus2_20260907.edf,focus,focus,506.0,510.0
lyc_personal,lyc personal model,zyf,20260907_zyf_focus_02,data/locked/2026-09-07/zyf_focus2_20260907.edf,focus,focus,508.0,512.0
lyc_personal,lyc personal model,zyf,20260907_zyf_focus_02,data/locked/2026-09-07/zyf_focus2_20260907.edf,focus,focus,510.0,514.0
lyc_personal,lyc personal model,zyf,20260907_zyf_focus_02,data/locked/2026-09-07/zyf_focus2_20260907.edf,focus,focus,512.0,516.0
lyc_personal,lyc personal model,zyf,20260907_zyf_focus_02,data/locked/2026-09-07/zyf_focus2_20260907.edf,focus,focus,514.0,518.0
lyc_personal,lyc personal model,zyf,20260907_zyf_focus_02,data/locked/2026-09-07/zyf_focus2_20260907.edf,focus,focus,516.0,520.0
lyc_personal,lyc personal model,zyf,20260907_zyf_focus_02,data/locked/2026-09-07/zyf_focus2_20260907.edf,focus,focus,518.0,522.0
lyc_personal,lyc personal model,zyf,20260907_zyf_focus_02,data/locked/2026-09-07/zyf_focus2_20260907.edf,focus,focus,520.0,524.0
lyc_personal,lyc personal model,zyf,20260907_zyf_focus_02,data/locked/2026-09-07/zyf_focus2_20260907.edf,focus,focus,522.0,526.0
lyc_personal,lyc personal model,zyf,20260907_zyf_focus_02,data/locked/2026-09-07/zyf_focus2_20260907.edf,focus,focus,524.0,528.0
lyc_personal,lyc personal model,zyf,20260907_zyf_focus_02,data/locked/2026-09-07/zyf_focus2_20260907.edf,focus,focus,526.0,530.0
lyc_personal,lyc personal model,zyf,20260907_zyf_focus_02,data/locked/2026-09-07/zyf_focus2_20260907.edf,focus,focus,528.0,532.0
lyc_personal,lyc personal model,zyf,20260907_zyf_focus_02,data/locked/2026-09-07/zyf_focus2_20260907.edf,focus,focus,530.0,534.0
lyc_personal,lyc personal model,zyf,20260907_zyf_focus_02,data/locked/2026-09-07/zyf_focus2_20260907.edf,focus,focus,532.0,536.0
lyc_personal,lyc personal model,zyf,20260907_zyf_focus_02,data/locked/2026-09-07/zyf_focus2_20260907.edf,focus,focus,534.0,538.0
lyc_personal,lyc personal model,zyf,20260907_zyf_focus_02,data/locked/2026-09-07/zyf_focus2_20260907.edf,focus,focus,536.0,540.0
lyc_personal,lyc personal model,zyf,20260907_zyf_focus_02,data/locked/2026-09-07/zyf_focus2_20260907.edf,focus,focus,538.0,542.0
lyc_personal,lyc personal model,zyf,20260907_zyf_focus_02,data/locked/2026-09-07/zyf_focus2_20260907.edf,focus,focus,540.0,544.0
lyc_personal,lyc personal model,zyf,20260907_zyf_focus_02,data/locked/2026-09-07/zyf_focus2_20260907.edf,focus,focus,542.0,546.0
lyc_personal,lyc personal model,zyf,20260907_zyf_focus_02,data/locked/2026-09-07/zyf_focus2_20260907.edf,focus,focus,544.0,548.0
lyc_personal,lyc personal model,zyf,20260907_zyf_focus_02,data/locked/2026-09-07/zyf_focus2_20260907.edf,focus,focus,546.0,550.0
lyc_personal,lyc personal model,zyf,20260907_zyf_focus_02,data/locked/2026-09-07/zyf_focus2_20260907.edf,focus,focus,548.0,552.0
lyc_personal,lyc personal model,zyf,20260907_zyf_focus_02,data/locked/2026-09-07/zyf_focus2_20260907.edf,focus,focus,550.0,554.0
lyc_personal,lyc personal model,zyf,20260907_zyf_focus_02,data/locked/2026-09-07/zyf_focus2_20260907.edf,focus,focus,552.0,556.0
lyc_personal,lyc personal model,zyf,20260907_zyf_focus_02,data/locked/2026-09-07/zyf_focus2_20260907.edf,focus,focus,554.0,558.0
lyc_personal,lyc personal model,zyf,20260907_zyf_focus_02,data/locked/2026-09-07/zyf_focus2_20260907.edf,focus,focus,556.0,560.0
lyc_personal,lyc personal model,zyf,20260907_zyf_focus_02,data/locked/2026-09-07/zyf_focus2_20260907.edf,focus,focus,558.0,562.0
lyc_personal,lyc personal model,zyf,20260907_zyf_focus_02,data/locked/2026-09-07/zyf_focus2_20260907.edf,focus,focus,560.0,564.0
lyc_personal,lyc personal model,zyf,20260907_zyf_focus_02,data/locked/2026-09-07/zyf_focus2_20260907.edf,focus,focus,562.0,566.0
lyc_personal,lyc personal model,zyf,20260907_zyf_focus_02,data/locked/2026-09-07/zyf_focus2_20260907.edf,focus,focus,564.0,568.0
lyc_personal,lyc personal model,zyf,20260907_zyf_focus_02,data/locked/2026-09-07/zyf_focus2_20260907.edf,focus,focus,566.0,570.0
lyc_personal,lyc personal model,zyf,20260907_zyf_focus_02,data/locked/2026-09-07/zyf_focus2_20260907.edf,focus,focus,568.0,572.0
lyc_personal,lyc personal model,zyf,20260907_zyf_focus_02,data/locked/2026-09-07/zyf_focus2_20260907.edf,focus,focus,570.0,574.0
lyc_personal,lyc personal model,zyf,20260907_zyf_focus_02,data/locked/2026-09-07/zyf_focus2_20260907.edf,focus,focus,572.0,576.0
lyc_personal,lyc personal model,zyf,20260907_zyf_focus_02,data/locked/2026-09-07/zyf_focus2_20260907.edf,focus,focus,574.0,578.0
lyc_personal,lyc personal model,zyf,20260907_zyf_focus_02,data/locked/2026-09-07/zyf_focus2_20260907.edf,focus,focus,576.0,580.0
lyc_personal,lyc personal model,zyf,20260907_zyf_focus_02,data/locked/2026-09-07/zyf_focus2_20260907.edf,focus,focus,578.0,582.0
lyc_personal,lyc personal model,zyf,20260907_zyf_focus_02,data/locked/2026-09-07/zyf_focus2_20260907.edf,focus,focus,580.0,584.0
lyc_personal,lyc personal model,zyf,20260907_zyf_focus_02,data/locked/2026-09-07/zyf_focus2_20260907.edf,focus,focus,582.0,586.0
lyc_personal,lyc personal model,zyf,20260907_zyf_focus_02,data/locked/2026-09-07/zyf_focus2_20260907.edf,focus,focus,584.0,588.0
lyc_personal,lyc personal model,zyf,20260907_zyf_focus_02,data/locked/2026-09-07/zyf_focus2_20260907.edf,focus,focus,586.0,590.0
lyc_personal,lyc personal model,zyf,20260907_zyf_focus_02,data/locked/2026-09-07/zyf_focus2_20260907.edf,focus,focus,588.0,592.0
lyc_personal,lyc personal model,zyf,20260907_zyf_focus_02,data/locked/2026-09-07/zyf_focus2_20260907.edf,focus,focus,590.0,594.0
lyc_personal,lyc personal model,zyf,20260907_zyf_focus_02,data/locked/2026-09-07/zyf_focus2_20260907.edf,focus,focus,592.0,596.0
lyc_personal,lyc personal model,zyf,20260907_zyf_focus_02,data/locked/2026-09-07/zyf_focus2_20260907.edf,focus,focus,594.0,598.0
lyc_personal,lyc personal model,zyf,20260907_zyf_focus_02,data/locked/2026-09-07/zyf_focus2_20260907.edf,focus,focus,596.0,600.0
lyc_personal,lyc personal model,zyf,20260907_zyf_focus_02,data/locked/2026-09-07/zyf_focus2_20260907.edf,focus,focus,598.0,602.0
lyc_personal,lyc personal model,zyf,20260907_zyf_focus_02,data/locked/2026-09-07/zyf_focus2_20260907.edf,focus,focus,600.0,604.0
lyc_personal,lyc personal model,zyf,20260907_zyf_focus_02,data/locked/2026-09-07/zyf_focus2_20260907.edf,focus,focus,602.0,606.0
lyc_personal,lyc personal model,zyf,20260907_zyf_focus_02,data/locked/2026-09-07/zyf_focus2_20260907.edf,focus,focus,604.0,608.0
lyc_personal,lyc personal model,zyf,20260907_zyf_focus_02,data/locked/2026-09-07/zyf_focus2_20260907.edf,focus,focus,606.0,610.0
lyc_personal,lyc personal model,zyf,20260907_zyf_focus_02,data/locked/2026-09-07/zyf_focus2_20260907.edf,focus,focus,608.0,612.0
lyc_personal,lyc personal model,zyf,20260907_zyf_focus_02,data/locked/2026-09-07/zyf_focus2_20260907.edf,focus,focus,610.0,614.0
lyc_personal,lyc personal model,zyf,20260907_zyf_focus_02,data/locked/2026-09-07/zyf_focus2_20260907.edf,focus,focus,612.0,616.0
lyc_personal,lyc personal model,zyf,20260907_zyf_focus_02,data/locked/2026-09-07/zyf_focus2_20260907.edf,focus,focus,614.0,618.0
lyc_personal,lyc personal model,zyf,20260907_zyf_focus_02,data/locked/2026-09-07/zyf_focus2_20260907.edf,focus,focus,616.0,620.0
lyc_personal,lyc personal model,zyf,20260907_zyf_focus_02,data/locked/2026-09-07/zyf_focus2_20260907.edf,focus,focus,618.0,622.0
lyc_personal,lyc personal model,zyf,20260907_zyf_focus_02,data/locked/2026-09-07/zyf_focus2_20260907.edf,focus,focus,620.0,624.0
lyc_personal,lyc personal model,zyf,20260907_zyf_focus_02,data/locked/2026-09-07/zyf_focus2_20260907.edf,focus,focus,622.0,626.0
lyc_personal,lyc personal model,zyf,20260907_zyf_focus_02,data/locked/2026-09-07/zyf_focus2_20260907.edf,focus,focus,624.0,628.0
lyc_personal,lyc personal model,zyf,20260907_zyf_focus_02,data/locked/2026-09-07/zyf_focus2_20260907.edf,focus,focus,626.0,630.0
lyc_personal,lyc personal model,zyf,20260907_zyf_focus_02,data/locked/2026-09-07/zyf_focus2_20260907.edf,focus,focus,628.0,632.0
lyc_personal,lyc personal model,zyf,20260907_zyf_focus_02,data/locked/2026-09-07/zyf_focus2_20260907.edf,focus,focus,630.0,634.0
lyc_personal,lyc personal model,zyf,20260907_zyf_focus_02,data/locked/2026-09-07/zyf_focus2_20260907.edf,focus,focus,632.0,636.0
lyc_personal,lyc personal model,zyf,20260907_zyf_focus_02,data/locked/2026-09-07/zyf_focus2_20260907.edf,focus,focus,634.0,638.0
lyc_personal,lyc personal model,zyf,20260907_zyf_focus_02,data/locked/2026-09-07/zyf_focus2_20260907.edf,focus,focus,636.0,640.0
lyc_personal,lyc personal model,zyf,20260907_zyf_focus_02,data/locked/2026-09-07/zyf_focus2_20260907.edf,focus,focus,638.0,642.0
lyc_personal,lyc personal model,zyf,20260907_zyf_focus_02,data/locked/2026-09-07/zyf_focus2_20260907.edf,focus,focus,640.0,644.0
lyc_personal,lyc personal model,zyf,20260907_zyf_focus_02,data/locked/2026-09-07/zyf_focus2_20260907.edf,focus,focus,642.0,646.0
lyc_personal,lyc personal model,zyf,20260907_zyf_focus_02,data/locked/2026-09-07/zyf_focus2_20260907.edf,focus,focus,644.0,648.0
lyc_personal,lyc personal model,zyf,20260907_zyf_focus_02,data/locked/2026-09-07/zyf_focus2_20260907.edf,focus,focus,646.0,650.0
lyc_personal,lyc personal model,zyf,20260907_zyf_focus_02,data/locked/2026-09-07/zyf_focus2_20260907.edf,focus,focus,648.0,652.0
lyc_personal,lyc personal model,zyf,20260907_zyf_focus_02,data/locked/2026-09-07/zyf_focus2_20260907.edf,focus,focus,650.0,654.0
lyc_personal,lyc personal model,zyf,20260907_zyf_focus_02,data/locked/2026-09-07/zyf_focus2_20260907.edf,focus,focus,652.0,656.0
lyc_personal,lyc personal model,zyf,20260907_zyf_focus_02,data/locked/2026-09-07/zyf_focus2_20260907.edf,focus,focus,654.0,658.0
lyc_personal,lyc personal model,zyf,20260907_zyf_focus_02,data/locked/2026-09-07/zyf_focus2_20260907.edf,focus,focus,656.0,660.0
lyc_personal,lyc personal model,zyf,20260907_zyf_focus_02,data/locked/2026-09-07/zyf_focus2_20260907.edf,focus,focus,658.0,662.0
lyc_personal,lyc personal model,zyf,20260907_zyf_focus_02,data/locked/2026-09-07/zyf_focus2_20260907.edf,focus,focus,660.0,664.0
lyc_personal,lyc personal model,zyf,20260907_zyf_focus_02,data/locked/2026-09-07/zyf_focus2_20260907.edf,focus,focus,662.0,666.0
lyc_personal,lyc personal model,zyf,20260907_zyf_focus_02,data/locked/2026-09-07/zyf_focus2_20260907.edf,focus,focus,664.0,668.0
lyc_personal,lyc personal model,zyf,20260907_zyf_focus_02,data/locked/2026-09-07/zyf_focus2_20260907.edf,focus,focus,666.0,670.0
lyc_personal,lyc personal model,zyf,20260907_zyf_focus_02,data/locked/2026-09-07/zyf_focus2_20260907.edf,focus,focus,668.0,672.0
lyc_personal,lyc personal model,zyf,20260907_zyf_focus_02,data/locked/2026-09-07/zyf_focus2_20260907.edf,focus,focus,670.0,674.0
lyc_personal,lyc personal model,zyf,20260907_zyf_focus_02,data/locked/2026-09-07/zyf_focus2_20260907.edf,focus,focus,672.0,676.0
lyc_personal,lyc personal model,zyf,20260907_zyf_focus_02,data/locked/2026-09-07/zyf_focus2_20260907.edf,focus,focus,674.0,678.0
lyc_personal,lyc personal model,zyf,20260907_zyf_focus_02,data/locked/2026-09-07/zyf_focus2_20260907.edf,focus,focus,676.0,680.0
lyc_personal,lyc personal model,zyf,20260907_zyf_focus_02,data/locked/2026-09-07/zyf_focus2_20260907.edf,focus,focus,678.0,682.0
lyc_personal,lyc personal model,zyf,20260907_zyf_focus_02,data/locked/2026-09-07/zyf_focus2_20260907.edf,focus,focus,680.0,684.0
lyc_personal,lyc personal model,zyf,20260907_zyf_focus_02,data/locked/2026-09-07/zyf_focus2_20260907.edf,focus,focus,682.0,686.0
lyc_personal,lyc personal model,zyf,20260907_zyf_focus_02,data/locked/2026-09-07/zyf_focus2_20260907.edf,focus,focus,684.0,688.0
lyc_personal,lyc personal model,zyf,20260907_zyf_focus_02,data/locked/2026-09-07/zyf_focus2_20260907.edf,focus,focus,686.0,690.0
lyc_personal,lyc personal model,zyf,20260907_zyf_focus_02,data/locked/2026-09-07/zyf_focus2_20260907.edf,focus,focus,688.0,692.0
lyc_personal,lyc personal model,zyf,20260907_zyf_focus_02,data/locked/2026-09-07/zyf_focus2_20260907.edf,focus,focus,690.0,694.0
lyc_personal,lyc personal model,zyf,20260907_zyf_focus_02,data/locked/2026-09-07/zyf_focus2_20260907.edf,focus,focus,692.0,696.0
lyc_personal,lyc personal model,zyf,20260907_zyf_focus_02,data/locked/2026-09-07/zyf_focus2_20260907.edf,focus,focus,694.0,698.0
lyc_personal,lyc personal model,zyf,20260907_zyf_focus_02,data/locked/2026-09-07/zyf_focus2_20260907.edf,focus,focus,696.0,700.0
lyc_personal,lyc personal model,zyf,20260907_zyf_focus_02,data/locked/2026-09-07/zyf_focus2_20260907.edf,focus,focus,698.0,702.0
lyc_personal,lyc personal model,zyf,20260907_zyf_focus_02,data/locked/2026-09-07/zyf_focus2_20260907.edf,focus,focus,700.0,704.0
lyc_personal,lyc personal model,zyf,20260907_zyf_focus_02,data/locked/2026-09-07/zyf_focus2_20260907.edf,focus,focus,702.0,706.0
lyc_personal,lyc personal model,zyf,20260907_zyf_focus_02,data/locked/2026-09-07/zyf_focus2_20260907.edf,focus,focus,704.0,708.0
lyc_personal,lyc personal model,zyf,20260907_zyf_focus_02,data/locked/2026-09-07/zyf_focus2_20260907.edf,focus,focus,706.0,710.0
lyc_personal,lyc personal model,zyf,20260907_zyf_focus_02,data/locked/2026-09-07/zyf_focus2_20260907.edf,focus,focus,708.0,712.0
lyc_personal,lyc personal model,zyf,20260907_zyf_focus_02,data/locked/2026-09-07/zyf_focus2_20260907.edf,focus,focus,710.0,714.0
lyc_personal,lyc personal model,zyf,20260907_zyf_focus_02,data/locked/2026-09-07/zyf_focus2_20260907.edf,focus,focus,712.0,716.0
lyc_personal,lyc personal model,zyf,20260907_zyf_focus_02,data/locked/2026-09-07/zyf_focus2_20260907.edf,focus,focus,714.0,718.0
lyc_personal,lyc personal model,zyf,20260907_zyf_focus_02,data/locked/2026-09-07/zyf_focus2_20260907.edf,focus,focus,716.0,720.0
lyc_personal,lyc personal model,zyf,20260907_zyf_focus_02,data/locked/2026-09-07/zyf_focus2_20260907.edf,focus,focus,718.0,722.0
lyc_personal,lyc personal model,zyf,20260907_zyf_focus_02,data/locked/2026-09-07/zyf_focus2_20260907.edf,focus,focus,720.0,724.0
lyc_personal,lyc personal model,zyf,20260907_zyf_focus_02,data/locked/2026-09-07/zyf_focus2_20260907.edf,focus,focus,722.0,726.0
lyc_personal,lyc personal model,zyf,20260907_zyf_focus_02,data/locked/2026-09-07/zyf_focus2_20260907.edf,focus,focus,724.0,728.0
lyc_personal,lyc personal model,zyf,20260907_zyf_focus_02,data/locked/2026-09-07/zyf_focus2_20260907.edf,focus,focus,726.0,730.0
lyc_personal,lyc personal model,zyf,20260907_zyf_focus_02,data/locked/2026-09-07/zyf_focus2_20260907.edf,focus,focus,728.0,732.0
lyc_personal,lyc personal model,zyf,20260907_zyf_focus_02,data/locked/2026-09-07/zyf_focus2_20260907.edf,focus,focus,730.0,734.0
lyc_personal,lyc personal model,zyf,20260907_zyf_focus_02,data/locked/2026-09-07/zyf_focus2_20260907.edf,focus,focus,732.0,736.0
lyc_personal,lyc personal model,zyf,20260907_zyf_focus_02,data/locked/2026-09-07/zyf_focus2_20260907.edf,focus,focus,734.0,738.0
lyc_personal,lyc personal model,zyf,20260907_zyf_focus_02,data/locked/2026-09-07/zyf_focus2_20260907.edf,focus,focus,736.0,740.0
lyc_personal,lyc personal model,zyf,20260907_zyf_focus_02,data/locked/2026-09-07/zyf_focus2_20260907.edf,focus,focus,738.0,742.0
lyc_personal,lyc personal model,zyf,20260907_zyf_focus_02,data/locked/2026-09-07/zyf_focus2_20260907.edf,focus,focus,740.0,744.0
lyc_personal,lyc personal model,zyf,20260907_zyf_focus_02,data/locked/2026-09-07/zyf_focus2_20260907.edf,focus,focus,742.0,746.0
lyc_personal,lyc personal model,zyf,20260907_zyf_focus_02,data/locked/2026-09-07/zyf_focus2_20260907.edf,focus,focus,744.0,748.0
lyc_personal,lyc personal model,zyf,20260907_zyf_focus_02,data/locked/2026-09-07/zyf_focus2_20260907.edf,focus,focus,746.0,750.0
lyc_personal,lyc personal model,zyf,20260907_zyf_focus_02,data/locked/2026-09-07/zyf_focus2_20260907.edf,focus,focus,748.0,752.0
lyc_personal,lyc personal model,zyf,20260907_zyf_focus_02,data/locked/2026-09-07/zyf_focus2_20260907.edf,focus,focus,750.0,754.0
lyc_personal,lyc personal model,zyf,20260907_zyf_focus_02,data/locked/2026-09-07/zyf_focus2_20260907.edf,focus,focus,752.0,756.0
lyc_personal,lyc personal model,zyf,20260907_zyf_focus_02,data/locked/2026-09-07/zyf_focus2_20260907.edf,focus,focus,754.0,758.0
lyc_personal,lyc personal model,zyf,20260907_zyf_focus_02,data/locked/2026-09-07/zyf_focus2_20260907.edf,focus,focus,756.0,760.0
lyc_personal,lyc personal model,zyf,20260907_zyf_focus_02,data/locked/2026-09-07/zyf_focus2_20260907.edf,focus,focus,758.0,762.0
lyc_personal,lyc personal model,zyf,20260907_zyf_focus_02,data/locked/2026-09-07/zyf_focus2_20260907.edf,focus,focus,760.0,764.0
lyc_personal,lyc personal model,zyf,20260907_zyf_focus_02,data/locked/2026-09-07/zyf_focus2_20260907.edf,focus,focus,762.0,766.0
lyc_personal,lyc personal model,zyf,20260907_zyf_focus_02,data/locked/2026-09-07/zyf_focus2_20260907.edf,focus,focus,764.0,768.0
lyc_personal,lyc personal model,zyf,20260907_zyf_focus_02,data/locked/2026-09-07/zyf_focus2_20260907.edf,focus,focus,766.0,770.0
lyc_personal,lyc personal model,zyf,20260907_zyf_focus_02,data/locked/2026-09-07/zyf_focus2_20260907.edf,focus,focus,768.0,772.0
lyc_personal,lyc personal model,zyf,20260907_zyf_focus_02,data/locked/2026-09-07/zyf_focus2_20260907.edf,focus,focus,770.0,774.0
lyc_personal,lyc personal model,zyf,20260907_zyf_focus_02,data/locked/2026-09-07/zyf_focus2_20260907.edf,focus,focus,772.0,776.0
lyc_personal,lyc personal model,zyf,20260907_zyf_focus_02,data/locked/2026-09-07/zyf_focus2_20260907.edf,focus,focus,774.0,778.0
lyc_personal,lyc personal model,zyf,20260907_zyf_focus_02,data/locked/2026-09-07/zyf_focus2_20260907.edf,focus,focus,776.0,780.0
lyc_personal,lyc personal model,zyf,20260907_zyf_focus_02,data/locked/2026-09-07/zyf_focus2_20260907.edf,focus,focus,778.0,782.0
lyc_personal,lyc personal model,zyf,20260907_zyf_focus_02,data/locked/2026-09-07/zyf_focus2_20260907.edf,focus,focus,780.0,784.0
lyc_personal,lyc personal model,zyf,20260907_zyf_focus_02,data/locked/2026-09-07/zyf_focus2_20260907.edf,focus,focus,782.0,786.0
lyc_personal,lyc personal model,zyf,20260907_zyf_focus_02,data/locked/2026-09-07/zyf_focus2_20260907.edf,focus,focus,784.0,788.0
lyc_personal,lyc personal model,zyf,20260907_zyf_focus_02,data/locked/2026-09-07/zyf_focus2_20260907.edf,focus,focus,786.0,790.0
lyc_personal,lyc personal model,zyf,20260907_zyf_focus_02,data/locked/2026-09-07/zyf_focus2_20260907.edf,focus,focus,788.0,792.0
lyc_personal,lyc personal model,zyf,20260907_zyf_focus_02,data/locked/2026-09-07/zyf_focus2_20260907.edf,focus,focus,790.0,794.0
lyc_personal,lyc personal model,zyf,20260907_zyf_focus_02,data/locked/2026-09-07/zyf_focus2_20260907.edf,focus,focus,792.0,796.0
lyc_personal,lyc personal model,zyf,20260907_zyf_focus_02,data/locked/2026-09-07/zyf_focus2_20260907.edf,focus,focus,794.0,798.0
lyc_personal,lyc personal model,zyf,20260907_zyf_focus_02,data/locked/2026-09-07/zyf_focus2_20260907.edf,focus,focus,796.0,800.0
lyc_personal,lyc personal model,zyf,20260907_zyf_focus_02,data/locked/2026-09-07/zyf_focus2_20260907.edf,focus,focus,798.0,802.0
lyc_personal,lyc personal model,zyf,20260907_zyf_focus_02,data/locked/2026-09-07/zyf_focus2_20260907.edf,focus,focus,800.0,804.0
lyc_personal,lyc personal model,zyf,20260907_zyf_focus_02,data/locked/2026-09-07/zyf_focus2_20260907.edf,focus,focus,802.0,806.0
lyc_personal,lyc personal model,zyf,20260907_zyf_focus_02,data/locked/2026-09-07/zyf_focus2_20260907.edf,focus,focus,804.0,808.0
lyc_personal,lyc personal model,zyf,20260907_zyf_focus_02,data/locked/2026-09-07/zyf_focus2_20260907.edf,focus,focus,806.0,810.0
lyc_personal,lyc personal model,zyf,20260907_zyf_focus_02,data/locked/2026-09-07/zyf_focus2_20260907.edf,focus,focus,808.0,812.0
lyc_personal,lyc personal model,zyf,20260907_zyf_focus_02,data/locked/2026-09-07/zyf_focus2_20260907.edf,focus,focus,810.0,814.0
lyc_personal,lyc personal model,zyf,20260907_zyf_focus_02,data/locked/2026-09-07/zyf_focus2_20260907.edf,focus,focus,812.0,816.0
lyc_personal,lyc personal model,zyf,20260907_zyf_focus_02,data/locked/2026-09-07/zyf_focus2_20260907.edf,focus,focus,814.0,818.0
lyc_personal,lyc personal model,zyf,20260907_zyf_focus_02,data/locked/2026-09-07/zyf_focus2_20260907.edf,focus,focus,816.0,820.0
lyc_personal,lyc personal model,zyf,20260907_zyf_focus_02,data/locked/2026-09-07/zyf_focus2_20260907.edf,focus,focus,818.0,822.0
lyc_personal,lyc personal model,zyf,20260907_zyf_focus_02,data/locked/2026-09-07/zyf_focus2_20260907.edf,focus,focus,820.0,824.0
lyc_personal,lyc personal model,zyf,20260907_zyf_focus_02,data/locked/2026-09-07/zyf_focus2_20260907.edf,focus,focus,822.0,826.0
lyc_personal,lyc personal model,zyf,20260907_zyf_focus_02,data/locked/2026-09-07/zyf_focus2_20260907.edf,focus,focus,824.0,828.0
lyc_personal,lyc personal model,zyf,20260907_zyf_focus_02,data/locked/2026-09-07/zyf_focus2_20260907.edf,focus,focus,826.0,830.0
lyc_personal,lyc personal model,zyf,20260907_zyf_focus_02,data/locked/2026-09-07/zyf_focus2_20260907.edf,focus,focus,828.0,832.0
lyc_personal,lyc personal model,zyf,20260907_zyf_focus_02,data/locked/2026-09-07/zyf_focus2_20260907.edf,focus,focus,830.0,834.0
lyc_personal,lyc personal model,zyf,20260907_zyf_focus_02,data/locked/2026-09-07/zyf_focus2_20260907.edf,focus,focus,832.0,836.0
lyc_personal,lyc personal model,zyf,20260907_zyf_focus_02,data/locked/2026-09-07/zyf_focus2_20260907.edf,focus,focus,834.0,838.0
lyc_personal,lyc personal model,zyf,20260907_zyf_focus_02,data/locked/2026-09-07/zyf_focus2_20260907.edf,focus,focus,836.0,840.0
lyc_personal,lyc personal model,zyf,20260907_zyf_focus_02,data/locked/2026-09-07/zyf_focus2_20260907.edf,focus,focus,838.0,842.0
lyc_personal,lyc personal model,zyf,20260907_zyf_focus_02,data/locked/2026-09-07/zyf_focus2_20260907.edf,focus,focus,840.0,844.0
lyc_personal,lyc personal model,zyf,20260907_zyf_focus_02,data/locked/2026-09-07/zyf_focus2_20260907.edf,focus,focus,842.0,846.0
lyc_personal,lyc personal model,zyf,20260907_zyf_focus_02,data/locked/2026-09-07/zyf_focus2_20260907.edf,focus,focus,844.0,848.0
lyc_personal,lyc personal model,zyf,20260907_zyf_focus_02,data/locked/2026-09-07/zyf_focus2_20260907.edf,focus,focus,846.0,850.0
lyc_personal,lyc personal model,zyf,20260907_zyf_focus_02,data/locked/2026-09-07/zyf_focus2_20260907.edf,focus,focus,848.0,852.0
lyc_personal,lyc personal model,zyf,20260907_zyf_focus_02,data/locked/2026-09-07/zyf_focus2_20260907.edf,focus,focus,850.0,854.0
lyc_personal,lyc personal model,zyf,20260907_zyf_focus_02,data/locked/2026-09-07/zyf_focus2_20260907.edf,focus,focus,852.0,856.0
lyc_personal,lyc personal model,zyf,20260907_zyf_focus_02,data/locked/2026-09-07/zyf_focus2_20260907.edf,focus,focus,854.0,858.0
lyc_personal,lyc personal model,zyf,20260907_zyf_focus_02,data/locked/2026-09-07/zyf_focus2_20260907.edf,focus,focus,856.0,860.0
lyc_personal,lyc personal model,zyf,20260907_zyf_focus_02,data/locked/2026-09-07/zyf_focus2_20260907.edf,focus,focus,858.0,862.0
lyc_personal,lyc personal model,zyf,20260907_zyf_focus_02,data/locked/2026-09-07/zyf_focus2_20260907.edf,focus,focus,860.0,864.0
lyc_personal,lyc personal model,zyf,20260907_zyf_focus_02,data/locked/2026-09-07/zyf_focus2_20260907.edf,focus,focus,862.0,866.0
lyc_personal,lyc personal model,zyf,20260907_zyf_focus_02,data/locked/2026-09-07/zyf_focus2_20260907.edf,focus,focus,864.0,868.0
zyf_personal,zyf personal model,zyf,20260907_zyf_focus_02,data/locked/2026-09-07/zyf_focus2_20260907.edf,focus,focus,30.0,34.0
zyf_personal,zyf personal model,zyf,20260907_zyf_focus_02,data/locked/2026-09-07/zyf_focus2_20260907.edf,focus,focus,32.0,36.0
zyf_personal,zyf personal model,zyf,20260907_zyf_focus_02,data/locked/2026-09-07/zyf_focus2_20260907.edf,focus,unfocus,34.0,38.0
zyf_personal,zyf personal model,zyf,20260907_zyf_focus_02,data/locked/2026-09-07/zyf_focus2_20260907.edf,focus,unfocus,36.0,40.0
zyf_personal,zyf personal model,zyf,20260907_zyf_focus_02,data/locked/2026-09-07/zyf_focus2_20260907.edf,focus,unfocus,38.0,42.0
zyf_personal,zyf personal model,zyf,20260907_zyf_focus_02,data/locked/2026-09-07/zyf_focus2_20260907.edf,focus,unfocus,40.0,44.0
zyf_personal,zyf personal model,zyf,20260907_zyf_focus_02,data/locked/2026-09-07/zyf_focus2_20260907.edf,focus,unfocus,42.0,46.0
zyf_personal,zyf personal model,zyf,20260907_zyf_focus_02,data/locked/2026-09-07/zyf_focus2_20260907.edf,focus,focus,44.0,48.0
zyf_personal,zyf personal model,zyf,20260907_zyf_focus_02,data/locked/2026-09-07/zyf_focus2_20260907.edf,focus,focus,46.0,50.0
zyf_personal,zyf personal model,zyf,20260907_zyf_focus_02,data/locked/2026-09-07/zyf_focus2_20260907.edf,focus,focus,48.0,52.0
zyf_personal,zyf personal model,zyf,20260907_zyf_focus_02,data/locked/2026-09-07/zyf_focus2_20260907.edf,focus,focus,50.0,54.0
zyf_personal,zyf personal model,zyf,20260907_zyf_focus_02,data/locked/2026-09-07/zyf_focus2_20260907.edf,focus,focus,52.0,56.0
zyf_personal,zyf personal model,zyf,20260907_zyf_focus_02,data/locked/2026-09-07/zyf_focus2_20260907.edf,focus,focus,54.0,58.0
zyf_personal,zyf personal model,zyf,20260907_zyf_focus_02,data/locked/2026-09-07/zyf_focus2_20260907.edf,focus,focus,56.0,60.0
zyf_personal,zyf personal model,zyf,20260907_zyf_focus_02,data/locked/2026-09-07/zyf_focus2_20260907.edf,focus,focus,58.0,62.0
zyf_personal,zyf personal model,zyf,20260907_zyf_focus_02,data/locked/2026-09-07/zyf_focus2_20260907.edf,focus,focus,60.0,64.0
zyf_personal,zyf personal model,zyf,20260907_zyf_focus_02,data/locked/2026-09-07/zyf_focus2_20260907.edf,focus,focus,62.0,66.0
zyf_personal,zyf personal model,zyf,20260907_zyf_focus_02,data/locked/2026-09-07/zyf_focus2_20260907.edf,focus,focus,64.0,68.0
zyf_personal,zyf personal model,zyf,20260907_zyf_focus_02,data/locked/2026-09-07/zyf_focus2_20260907.edf,focus,focus,66.0,70.0
zyf_personal,zyf personal model,zyf,20260907_zyf_focus_02,data/locked/2026-09-07/zyf_focus2_20260907.edf,focus,focus,68.0,72.0
zyf_personal,zyf personal model,zyf,20260907_zyf_focus_02,data/locked/2026-09-07/zyf_focus2_20260907.edf,focus,focus,70.0,74.0
zyf_personal,zyf personal model,zyf,20260907_zyf_focus_02,data/locked/2026-09-07/zyf_focus2_20260907.edf,focus,unfocus,72.0,76.0
zyf_personal,zyf personal model,zyf,20260907_zyf_focus_02,data/locked/2026-09-07/zyf_focus2_20260907.edf,focus,focus,74.0,78.0
zyf_personal,zyf personal model,zyf,20260907_zyf_focus_02,data/locked/2026-09-07/zyf_focus2_20260907.edf,focus,focus,76.0,80.0
zyf_personal,zyf personal model,zyf,20260907_zyf_focus_02,data/locked/2026-09-07/zyf_focus2_20260907.edf,focus,focus,78.0,82.0
zyf_personal,zyf personal model,zyf,20260907_zyf_focus_02,data/locked/2026-09-07/zyf_focus2_20260907.edf,focus,focus,80.0,84.0
zyf_personal,zyf personal model,zyf,20260907_zyf_focus_02,data/locked/2026-09-07/zyf_focus2_20260907.edf,focus,focus,82.0,86.0
zyf_personal,zyf personal model,zyf,20260907_zyf_focus_02,data/locked/2026-09-07/zyf_focus2_20260907.edf,focus,focus,84.0,88.0
zyf_personal,zyf personal model,zyf,20260907_zyf_focus_02,data/locked/2026-09-07/zyf_focus2_20260907.edf,focus,focus,86.0,90.0
zyf_personal,zyf personal model,zyf,20260907_zyf_focus_02,data/locked/2026-09-07/zyf_focus2_20260907.edf,focus,focus,88.0,92.0
zyf_personal,zyf personal model,zyf,20260907_zyf_focus_02,data/locked/2026-09-07/zyf_focus2_20260907.edf,focus,unfocus,90.0,94.0
zyf_personal,zyf personal model,zyf,20260907_zyf_focus_02,data/locked/2026-09-07/zyf_focus2_20260907.edf,focus,unfocus,92.0,96.0
zyf_personal,zyf personal model,zyf,20260907_zyf_focus_02,data/locked/2026-09-07/zyf_focus2_20260907.edf,focus,unfocus,94.0,98.0
zyf_personal,zyf personal model,zyf,20260907_zyf_focus_02,data/locked/2026-09-07/zyf_focus2_20260907.edf,focus,unfocus,96.0,100.0
zyf_personal,zyf personal model,zyf,20260907_zyf_focus_02,data/locked/2026-09-07/zyf_focus2_20260907.edf,focus,unfocus,98.0,102.0
zyf_personal,zyf personal model,zyf,20260907_zyf_focus_02,data/locked/2026-09-07/zyf_focus2_20260907.edf,focus,focus,100.0,104.0
zyf_personal,zyf personal model,zyf,20260907_zyf_focus_02,data/locked/2026-09-07/zyf_focus2_20260907.edf,focus,unfocus,102.0,106.0
zyf_personal,zyf personal model,zyf,20260907_zyf_focus_02,data/locked/2026-09-07/zyf_focus2_20260907.edf,focus,unfocus,104.0,108.0
zyf_personal,zyf personal model,zyf,20260907_zyf_focus_02,data/locked/2026-09-07/zyf_focus2_20260907.edf,focus,focus,106.0,110.0
zyf_personal,zyf personal model,zyf,20260907_zyf_focus_02,data/locked/2026-09-07/zyf_focus2_20260907.edf,focus,focus,108.0,112.0
zyf_personal,zyf personal model,zyf,20260907_zyf_focus_02,data/locked/2026-09-07/zyf_focus2_20260907.edf,focus,focus,110.0,114.0
zyf_personal,zyf personal model,zyf,20260907_zyf_focus_02,data/locked/2026-09-07/zyf_focus2_20260907.edf,focus,unfocus,112.0,116.0
zyf_personal,zyf personal model,zyf,20260907_zyf_focus_02,data/locked/2026-09-07/zyf_focus2_20260907.edf,focus,focus,114.0,118.0
zyf_personal,zyf personal model,zyf,20260907_zyf_focus_02,data/locked/2026-09-07/zyf_focus2_20260907.edf,focus,focus,116.0,120.0
zyf_personal,zyf personal model,zyf,20260907_zyf_focus_02,data/locked/2026-09-07/zyf_focus2_20260907.edf,focus,focus,118.0,122.0
zyf_personal,zyf personal model,zyf,20260907_zyf_focus_02,data/locked/2026-09-07/zyf_focus2_20260907.edf,focus,unfocus,120.0,124.0
zyf_personal,zyf personal model,zyf,20260907_zyf_focus_02,data/locked/2026-09-07/zyf_focus2_20260907.edf,focus,unfocus,122.0,126.0
zyf_personal,zyf personal model,zyf,20260907_zyf_focus_02,data/locked/2026-09-07/zyf_focus2_20260907.edf,focus,focus,124.0,128.0
zyf_personal,zyf personal model,zyf,20260907_zyf_focus_02,data/locked/2026-09-07/zyf_focus2_20260907.edf,focus,focus,126.0,130.0
zyf_personal,zyf personal model,zyf,20260907_zyf_focus_02,data/locked/2026-09-07/zyf_focus2_20260907.edf,focus,focus,128.0,132.0
zyf_personal,zyf personal model,zyf,20260907_zyf_focus_02,data/locked/2026-09-07/zyf_focus2_20260907.edf,focus,focus,130.0,134.0
zyf_personal,zyf personal model,zyf,20260907_zyf_focus_02,data/locked/2026-09-07/zyf_focus2_20260907.edf,focus,unfocus,132.0,136.0
zyf_personal,zyf personal model,zyf,20260907_zyf_focus_02,data/locked/2026-09-07/zyf_focus2_20260907.edf,focus,focus,134.0,138.0
zyf_personal,zyf personal model,zyf,20260907_zyf_focus_02,data/locked/2026-09-07/zyf_focus2_20260907.edf,focus,unfocus,136.0,140.0
zyf_personal,zyf personal model,zyf,20260907_zyf_focus_02,data/locked/2026-09-07/zyf_focus2_20260907.edf,focus,unfocus,138.0,142.0
zyf_personal,zyf personal model,zyf,20260907_zyf_focus_02,data/locked/2026-09-07/zyf_focus2_20260907.edf,focus,unfocus,140.0,144.0
zyf_personal,zyf personal model,zyf,20260907_zyf_focus_02,data/locked/2026-09-07/zyf_focus2_20260907.edf,focus,unfocus,142.0,146.0
zyf_personal,zyf personal model,zyf,20260907_zyf_focus_02,data/locked/2026-09-07/zyf_focus2_20260907.edf,focus,unfocus,144.0,148.0
zyf_personal,zyf personal model,zyf,20260907_zyf_focus_02,data/locked/2026-09-07/zyf_focus2_20260907.edf,focus,unfocus,146.0,150.0
zyf_personal,zyf personal model,zyf,20260907_zyf_focus_02,data/locked/2026-09-07/zyf_focus2_20260907.edf,focus,unfocus,148.0,152.0
zyf_personal,zyf personal model,zyf,20260907_zyf_focus_02,data/locked/2026-09-07/zyf_focus2_20260907.edf,focus,unfocus,150.0,154.0
zyf_personal,zyf personal model,zyf,20260907_zyf_focus_02,data/locked/2026-09-07/zyf_focus2_20260907.edf,focus,focus,152.0,156.0
zyf_personal,zyf personal model,zyf,20260907_zyf_focus_02,data/locked/2026-09-07/zyf_focus2_20260907.edf,focus,unfocus,154.0,158.0
zyf_personal,zyf personal model,zyf,20260907_zyf_focus_02,data/locked/2026-09-07/zyf_focus2_20260907.edf,focus,unfocus,156.0,160.0
zyf_personal,zyf personal model,zyf,20260907_zyf_focus_02,data/locked/2026-09-07/zyf_focus2_20260907.edf,focus,focus,158.0,162.0
zyf_personal,zyf personal model,zyf,20260907_zyf_focus_02,data/locked/2026-09-07/zyf_focus2_20260907.edf,focus,focus,160.0,164.0
zyf_personal,zyf personal model,zyf,20260907_zyf_focus_02,data/locked/2026-09-07/zyf_focus2_20260907.edf,focus,focus,162.0,166.0
zyf_personal,zyf personal model,zyf,20260907_zyf_focus_02,data/locked/2026-09-07/zyf_focus2_20260907.edf,focus,focus,164.0,168.0
zyf_personal,zyf personal model,zyf,20260907_zyf_focus_02,data/locked/2026-09-07/zyf_focus2_20260907.edf,focus,unfocus,166.0,170.0
zyf_personal,zyf personal model,zyf,20260907_zyf_focus_02,data/locked/2026-09-07/zyf_focus2_20260907.edf,focus,focus,168.0,172.0
zyf_personal,zyf personal model,zyf,20260907_zyf_focus_02,data/locked/2026-09-07/zyf_focus2_20260907.edf,focus,focus,170.0,174.0
zyf_personal,zyf personal model,zyf,20260907_zyf_focus_02,data/locked/2026-09-07/zyf_focus2_20260907.edf,focus,focus,172.0,176.0
zyf_personal,zyf personal model,zyf,20260907_zyf_focus_02,data/locked/2026-09-07/zyf_focus2_20260907.edf,focus,unfocus,174.0,178.0
zyf_personal,zyf personal model,zyf,20260907_zyf_focus_02,data/locked/2026-09-07/zyf_focus2_20260907.edf,focus,unfocus,176.0,180.0
zyf_personal,zyf personal model,zyf,20260907_zyf_focus_02,data/locked/2026-09-07/zyf_focus2_20260907.edf,focus,unfocus,178.0,182.0
zyf_personal,zyf personal model,zyf,20260907_zyf_focus_02,data/locked/2026-09-07/zyf_focus2_20260907.edf,focus,focus,180.0,184.0
zyf_personal,zyf personal model,zyf,20260907_zyf_focus_02,data/locked/2026-09-07/zyf_focus2_20260907.edf,focus,focus,182.0,186.0
zyf_personal,zyf personal model,zyf,20260907_zyf_focus_02,data/locked/2026-09-07/zyf_focus2_20260907.edf,focus,unfocus,184.0,188.0
zyf_personal,zyf personal model,zyf,20260907_zyf_focus_02,data/locked/2026-09-07/zyf_focus2_20260907.edf,focus,focus,186.0,190.0
zyf_personal,zyf personal model,zyf,20260907_zyf_focus_02,data/locked/2026-09-07/zyf_focus2_20260907.edf,focus,unfocus,188.0,192.0
zyf_personal,zyf personal model,zyf,20260907_zyf_focus_02,data/locked/2026-09-07/zyf_focus2_20260907.edf,focus,unfocus,190.0,194.0
zyf_personal,zyf personal model,zyf,20260907_zyf_focus_02,data/locked/2026-09-07/zyf_focus2_20260907.edf,focus,unfocus,192.0,196.0
zyf_personal,zyf personal model,zyf,20260907_zyf_focus_02,data/locked/2026-09-07/zyf_focus2_20260907.edf,focus,unfocus,194.0,198.0
zyf_personal,zyf personal model,zyf,20260907_zyf_focus_02,data/locked/2026-09-07/zyf_focus2_20260907.edf,focus,focus,196.0,200.0
zyf_personal,zyf personal model,zyf,20260907_zyf_focus_02,data/locked/2026-09-07/zyf_focus2_20260907.edf,focus,unfocus,198.0,202.0
zyf_personal,zyf personal model,zyf,20260907_zyf_focus_02,data/locked/2026-09-07/zyf_focus2_20260907.edf,focus,unfocus,200.0,204.0
zyf_personal,zyf personal model,zyf,20260907_zyf_focus_02,data/locked/2026-09-07/zyf_focus2_20260907.edf,focus,unfocus,202.0,206.0
zyf_personal,zyf personal model,zyf,20260907_zyf_focus_02,data/locked/2026-09-07/zyf_focus2_20260907.edf,focus,focus,204.0,208.0
zyf_personal,zyf personal model,zyf,20260907_zyf_focus_02,data/locked/2026-09-07/zyf_focus2_20260907.edf,focus,unfocus,206.0,210.0
zyf_personal,zyf personal model,zyf,20260907_zyf_focus_02,data/locked/2026-09-07/zyf_focus2_20260907.edf,focus,unfocus,208.0,212.0
zyf_personal,zyf personal model,zyf,20260907_zyf_focus_02,data/locked/2026-09-07/zyf_focus2_20260907.edf,focus,unfocus,210.0,214.0
zyf_personal,zyf personal model,zyf,20260907_zyf_focus_02,data/locked/2026-09-07/zyf_focus2_20260907.edf,focus,unfocus,212.0,216.0
zyf_personal,zyf personal model,zyf,20260907_zyf_focus_02,data/locked/2026-09-07/zyf_focus2_20260907.edf,focus,unfocus,214.0,218.0
zyf_personal,zyf personal model,zyf,20260907_zyf_focus_02,data/locked/2026-09-07/zyf_focus2_20260907.edf,focus,unfocus,216.0,220.0
zyf_personal,zyf personal model,zyf,20260907_zyf_focus_02,data/locked/2026-09-07/zyf_focus2_20260907.edf,focus,unfocus,218.0,222.0
zyf_personal,zyf personal model,zyf,20260907_zyf_focus_02,data/locked/2026-09-07/zyf_focus2_20260907.edf,focus,focus,220.0,224.0
zyf_personal,zyf personal model,zyf,20260907_zyf_focus_02,data/locked/2026-09-07/zyf_focus2_20260907.edf,focus,unfocus,222.0,226.0
zyf_personal,zyf personal model,zyf,20260907_zyf_focus_02,data/locked/2026-09-07/zyf_focus2_20260907.edf,focus,focus,224.0,228.0
zyf_personal,zyf personal model,zyf,20260907_zyf_focus_02,data/locked/2026-09-07/zyf_focus2_20260907.edf,focus,focus,226.0,230.0
zyf_personal,zyf personal model,zyf,20260907_zyf_focus_02,data/locked/2026-09-07/zyf_focus2_20260907.edf,focus,focus,228.0,232.0
zyf_personal,zyf personal model,zyf,20260907_zyf_focus_02,data/locked/2026-09-07/zyf_focus2_20260907.edf,focus,focus,230.0,234.0
zyf_personal,zyf personal model,zyf,20260907_zyf_focus_02,data/locked/2026-09-07/zyf_focus2_20260907.edf,focus,focus,232.0,236.0
zyf_personal,zyf personal model,zyf,20260907_zyf_focus_02,data/locked/2026-09-07/zyf_focus2_20260907.edf,focus,focus,234.0,238.0
zyf_personal,zyf personal model,zyf,20260907_zyf_focus_02,data/locked/2026-09-07/zyf_focus2_20260907.edf,focus,focus,236.0,240.0
zyf_personal,zyf personal model,zyf,20260907_zyf_focus_02,data/locked/2026-09-07/zyf_focus2_20260907.edf,focus,unfocus,238.0,242.0
zyf_personal,zyf personal model,zyf,20260907_zyf_focus_02,data/locked/2026-09-07/zyf_focus2_20260907.edf,focus,unfocus,240.0,244.0
zyf_personal,zyf personal model,zyf,20260907_zyf_focus_02,data/locked/2026-09-07/zyf_focus2_20260907.edf,focus,unfocus,242.0,246.0
zyf_personal,zyf personal model,zyf,20260907_zyf_focus_02,data/locked/2026-09-07/zyf_focus2_20260907.edf,focus,unfocus,244.0,248.0
zyf_personal,zyf personal model,zyf,20260907_zyf_focus_02,data/locked/2026-09-07/zyf_focus2_20260907.edf,focus,unfocus,246.0,250.0
zyf_personal,zyf personal model,zyf,20260907_zyf_focus_02,data/locked/2026-09-07/zyf_focus2_20260907.edf,focus,unfocus,248.0,252.0
zyf_personal,zyf personal model,zyf,20260907_zyf_focus_02,data/locked/2026-09-07/zyf_focus2_20260907.edf,focus,unfocus,250.0,254.0
zyf_personal,zyf personal model,zyf,20260907_zyf_focus_02,data/locked/2026-09-07/zyf_focus2_20260907.edf,focus,unfocus,252.0,256.0
zyf_personal,zyf personal model,zyf,20260907_zyf_focus_02,data/locked/2026-09-07/zyf_focus2_20260907.edf,focus,unfocus,254.0,258.0
zyf_personal,zyf personal model,zyf,20260907_zyf_focus_02,data/locked/2026-09-07/zyf_focus2_20260907.edf,focus,unfocus,256.0,260.0
zyf_personal,zyf personal model,zyf,20260907_zyf_focus_02,data/locked/2026-09-07/zyf_focus2_20260907.edf,focus,unfocus,258.0,262.0
zyf_personal,zyf personal model,zyf,20260907_zyf_focus_02,data/locked/2026-09-07/zyf_focus2_20260907.edf,focus,unfocus,260.0,264.0
zyf_personal,zyf personal model,zyf,20260907_zyf_focus_02,data/locked/2026-09-07/zyf_focus2_20260907.edf,focus,unfocus,262.0,266.0
zyf_personal,zyf personal model,zyf,20260907_zyf_focus_02,data/locked/2026-09-07/zyf_focus2_20260907.edf,focus,unfocus,264.0,268.0
zyf_personal,zyf personal model,zyf,20260907_zyf_focus_02,data/locked/2026-09-07/zyf_focus2_20260907.edf,focus,unfocus,266.0,270.0
zyf_personal,zyf personal model,zyf,20260907_zyf_focus_02,data/locked/2026-09-07/zyf_focus2_20260907.edf,focus,unfocus,268.0,272.0
zyf_personal,zyf personal model,zyf,20260907_zyf_focus_02,data/locked/2026-09-07/zyf_focus2_20260907.edf,focus,focus,270.0,274.0
zyf_personal,zyf personal model,zyf,20260907_zyf_focus_02,data/locked/2026-09-07/zyf_focus2_20260907.edf,focus,focus,272.0,276.0
zyf_personal,zyf personal model,zyf,20260907_zyf_focus_02,data/locked/2026-09-07/zyf_focus2_20260907.edf,focus,focus,274.0,278.0
zyf_personal,zyf personal model,zyf,20260907_zyf_focus_02,data/locked/2026-09-07/zyf_focus2_20260907.edf,focus,focus,276.0,280.0
zyf_personal,zyf personal model,zyf,20260907_zyf_focus_02,data/locked/2026-09-07/zyf_focus2_20260907.edf,focus,focus,278.0,282.0
zyf_personal,zyf personal model,zyf,20260907_zyf_focus_02,data/locked/2026-09-07/zyf_focus2_20260907.edf,focus,focus,280.0,284.0
zyf_personal,zyf personal model,zyf,20260907_zyf_focus_02,data/locked/2026-09-07/zyf_focus2_20260907.edf,focus,focus,282.0,286.0
zyf_personal,zyf personal model,zyf,20260907_zyf_focus_02,data/locked/2026-09-07/zyf_focus2_20260907.edf,focus,focus,284.0,288.0
zyf_personal,zyf personal model,zyf,20260907_zyf_focus_02,data/locked/2026-09-07/zyf_focus2_20260907.edf,focus,focus,286.0,290.0
zyf_personal,zyf personal model,zyf,20260907_zyf_focus_02,data/locked/2026-09-07/zyf_focus2_20260907.edf,focus,unfocus,288.0,292.0
zyf_personal,zyf personal model,zyf,20260907_zyf_focus_02,data/locked/2026-09-07/zyf_focus2_20260907.edf,focus,unfocus,290.0,294.0
zyf_personal,zyf personal model,zyf,20260907_zyf_focus_02,data/locked/2026-09-07/zyf_focus2_20260907.edf,focus,focus,292.0,296.0
zyf_personal,zyf personal model,zyf,20260907_zyf_focus_02,data/locked/2026-09-07/zyf_focus2_20260907.edf,focus,unfocus,294.0,298.0
zyf_personal,zyf personal model,zyf,20260907_zyf_focus_02,data/locked/2026-09-07/zyf_focus2_20260907.edf,focus,focus,296.0,300.0
zyf_personal,zyf personal model,zyf,20260907_zyf_focus_02,data/locked/2026-09-07/zyf_focus2_20260907.edf,focus,focus,298.0,302.0
zyf_personal,zyf personal model,zyf,20260907_zyf_focus_02,data/locked/2026-09-07/zyf_focus2_20260907.edf,focus,focus,300.0,304.0
zyf_personal,zyf personal model,zyf,20260907_zyf_focus_02,data/locked/2026-09-07/zyf_focus2_20260907.edf,focus,focus,302.0,306.0
zyf_personal,zyf personal model,zyf,20260907_zyf_focus_02,data/locked/2026-09-07/zyf_focus2_20260907.edf,focus,focus,304.0,308.0
zyf_personal,zyf personal model,zyf,20260907_zyf_focus_02,data/locked/2026-09-07/zyf_focus2_20260907.edf,focus,focus,306.0,310.0
zyf_personal,zyf personal model,zyf,20260907_zyf_focus_02,data/locked/2026-09-07/zyf_focus2_20260907.edf,focus,unfocus,308.0,312.0
zyf_personal,zyf personal model,zyf,20260907_zyf_focus_02,data/locked/2026-09-07/zyf_focus2_20260907.edf,focus,focus,310.0,314.0
zyf_personal,zyf personal model,zyf,20260907_zyf_focus_02,data/locked/2026-09-07/zyf_focus2_20260907.edf,focus,focus,312.0,316.0
zyf_personal,zyf personal model,zyf,20260907_zyf_focus_02,data/locked/2026-09-07/zyf_focus2_20260907.edf,focus,focus,314.0,318.0
zyf_personal,zyf personal model,zyf,20260907_zyf_focus_02,data/locked/2026-09-07/zyf_focus2_20260907.edf,focus,focus,316.0,320.0
zyf_personal,zyf personal model,zyf,20260907_zyf_focus_02,data/locked/2026-09-07/zyf_focus2_20260907.edf,focus,focus,318.0,322.0
zyf_personal,zyf personal model,zyf,20260907_zyf_focus_02,data/locked/2026-09-07/zyf_focus2_20260907.edf,focus,focus,320.0,324.0
zyf_personal,zyf personal model,zyf,20260907_zyf_focus_02,data/locked/2026-09-07/zyf_focus2_20260907.edf,focus,focus,322.0,326.0
zyf_personal,zyf personal model,zyf,20260907_zyf_focus_02,data/locked/2026-09-07/zyf_focus2_20260907.edf,focus,focus,324.0,328.0
zyf_personal,zyf personal model,zyf,20260907_zyf_focus_02,data/locked/2026-09-07/zyf_focus2_20260907.edf,focus,unfocus,326.0,330.0
zyf_personal,zyf personal model,zyf,20260907_zyf_focus_02,data/locked/2026-09-07/zyf_focus2_20260907.edf,focus,unfocus,328.0,332.0
zyf_personal,zyf personal model,zyf,20260907_zyf_focus_02,data/locked/2026-09-07/zyf_focus2_20260907.edf,focus,unfocus,330.0,334.0
zyf_personal,zyf personal model,zyf,20260907_zyf_focus_02,data/locked/2026-09-07/zyf_focus2_20260907.edf,focus,unfocus,332.0,336.0
zyf_personal,zyf personal model,zyf,20260907_zyf_focus_02,data/locked/2026-09-07/zyf_focus2_20260907.edf,focus,focus,334.0,338.0
zyf_personal,zyf personal model,zyf,20260907_zyf_focus_02,data/locked/2026-09-07/zyf_focus2_20260907.edf,focus,unfocus,336.0,340.0
zyf_personal,zyf personal model,zyf,20260907_zyf_focus_02,data/locked/2026-09-07/zyf_focus2_20260907.edf,focus,unfocus,338.0,342.0
zyf_personal,zyf personal model,zyf,20260907_zyf_focus_02,data/locked/2026-09-07/zyf_focus2_20260907.edf,focus,unfocus,340.0,344.0
zyf_personal,zyf personal model,zyf,20260907_zyf_focus_02,data/locked/2026-09-07/zyf_focus2_20260907.edf,focus,unfocus,342.0,346.0
zyf_personal,zyf personal model,zyf,20260907_zyf_focus_02,data/locked/2026-09-07/zyf_focus2_20260907.edf,focus,unfocus,344.0,348.0
zyf_personal,zyf personal model,zyf,20260907_zyf_focus_02,data/locked/2026-09-07/zyf_focus2_20260907.edf,focus,focus,346.0,350.0
zyf_personal,zyf personal model,zyf,20260907_zyf_focus_02,data/locked/2026-09-07/zyf_focus2_20260907.edf,focus,focus,348.0,352.0
zyf_personal,zyf personal model,zyf,20260907_zyf_focus_02,data/locked/2026-09-07/zyf_focus2_20260907.edf,focus,focus,350.0,354.0
zyf_personal,zyf personal model,zyf,20260907_zyf_focus_02,data/locked/2026-09-07/zyf_focus2_20260907.edf,focus,unfocus,352.0,356.0
zyf_personal,zyf personal model,zyf,20260907_zyf_focus_02,data/locked/2026-09-07/zyf_focus2_20260907.edf,focus,unfocus,354.0,358.0
zyf_personal,zyf personal model,zyf,20260907_zyf_focus_02,data/locked/2026-09-07/zyf_focus2_20260907.edf,focus,focus,356.0,360.0
zyf_personal,zyf personal model,zyf,20260907_zyf_focus_02,data/locked/2026-09-07/zyf_focus2_20260907.edf,focus,focus,358.0,362.0
zyf_personal,zyf personal model,zyf,20260907_zyf_focus_02,data/locked/2026-09-07/zyf_focus2_20260907.edf,focus,unfocus,360.0,364.0
zyf_personal,zyf personal model,zyf,20260907_zyf_focus_02,data/locked/2026-09-07/zyf_focus2_20260907.edf,focus,focus,362.0,366.0
zyf_personal,zyf personal model,zyf,20260907_zyf_focus_02,data/locked/2026-09-07/zyf_focus2_20260907.edf,focus,focus,364.0,368.0
zyf_personal,zyf personal model,zyf,20260907_zyf_focus_02,data/locked/2026-09-07/zyf_focus2_20260907.edf,focus,focus,366.0,370.0
zyf_personal,zyf personal model,zyf,20260907_zyf_focus_02,data/locked/2026-09-07/zyf_focus2_20260907.edf,focus,focus,368.0,372.0
zyf_personal,zyf personal model,zyf,20260907_zyf_focus_02,data/locked/2026-09-07/zyf_focus2_20260907.edf,focus,focus,370.0,374.0
zyf_personal,zyf personal model,zyf,20260907_zyf_focus_02,data/locked/2026-09-07/zyf_focus2_20260907.edf,focus,unfocus,372.0,376.0
zyf_personal,zyf personal model,zyf,20260907_zyf_focus_02,data/locked/2026-09-07/zyf_focus2_20260907.edf,focus,focus,374.0,378.0
zyf_personal,zyf personal model,zyf,20260907_zyf_focus_02,data/locked/2026-09-07/zyf_focus2_20260907.edf,focus,unfocus,376.0,380.0
zyf_personal,zyf personal model,zyf,20260907_zyf_focus_02,data/locked/2026-09-07/zyf_focus2_20260907.edf,focus,unfocus,378.0,382.0
zyf_personal,zyf personal model,zyf,20260907_zyf_focus_02,data/locked/2026-09-07/zyf_focus2_20260907.edf,focus,focus,380.0,384.0
zyf_personal,zyf personal model,zyf,20260907_zyf_focus_02,data/locked/2026-09-07/zyf_focus2_20260907.edf,focus,focus,382.0,386.0
zyf_personal,zyf personal model,zyf,20260907_zyf_focus_02,data/locked/2026-09-07/zyf_focus2_20260907.edf,focus,focus,384.0,388.0
zyf_personal,zyf personal model,zyf,20260907_zyf_focus_02,data/locked/2026-09-07/zyf_focus2_20260907.edf,focus,focus,386.0,390.0
zyf_personal,zyf personal model,zyf,20260907_zyf_focus_02,data/locked/2026-09-07/zyf_focus2_20260907.edf,focus,focus,388.0,392.0
zyf_personal,zyf personal model,zyf,20260907_zyf_focus_02,data/locked/2026-09-07/zyf_focus2_20260907.edf,focus,focus,390.0,394.0
zyf_personal,zyf personal model,zyf,20260907_zyf_focus_02,data/locked/2026-09-07/zyf_focus2_20260907.edf,focus,focus,392.0,396.0
zyf_personal,zyf personal model,zyf,20260907_zyf_focus_02,data/locked/2026-09-07/zyf_focus2_20260907.edf,focus,focus,394.0,398.0
zyf_personal,zyf personal model,zyf,20260907_zyf_focus_02,data/locked/2026-09-07/zyf_focus2_20260907.edf,focus,focus,396.0,400.0
zyf_personal,zyf personal model,zyf,20260907_zyf_focus_02,data/locked/2026-09-07/zyf_focus2_20260907.edf,focus,unfocus,398.0,402.0
zyf_personal,zyf personal model,zyf,20260907_zyf_focus_02,data/locked/2026-09-07/zyf_focus2_20260907.edf,focus,unfocus,400.0,404.0
zyf_personal,zyf personal model,zyf,20260907_zyf_focus_02,data/locked/2026-09-07/zyf_focus2_20260907.edf,focus,unfocus,402.0,406.0
zyf_personal,zyf personal model,zyf,20260907_zyf_focus_02,data/locked/2026-09-07/zyf_focus2_20260907.edf,focus,unfocus,404.0,408.0
zyf_personal,zyf personal model,zyf,20260907_zyf_focus_02,data/locked/2026-09-07/zyf_focus2_20260907.edf,focus,unfocus,406.0,410.0
zyf_personal,zyf personal model,zyf,20260907_zyf_focus_02,data/locked/2026-09-07/zyf_focus2_20260907.edf,focus,unfocus,408.0,412.0
zyf_personal,zyf personal model,zyf,20260907_zyf_focus_02,data/locked/2026-09-07/zyf_focus2_20260907.edf,focus,focus,410.0,414.0
zyf_personal,zyf personal model,zyf,20260907_zyf_focus_02,data/locked/2026-09-07/zyf_focus2_20260907.edf,focus,focus,412.0,416.0
zyf_personal,zyf personal model,zyf,20260907_zyf_focus_02,data/locked/2026-09-07/zyf_focus2_20260907.edf,focus,unfocus,414.0,418.0
zyf_personal,zyf personal model,zyf,20260907_zyf_focus_02,data/locked/2026-09-07/zyf_focus2_20260907.edf,focus,unfocus,416.0,420.0
zyf_personal,zyf personal model,zyf,20260907_zyf_focus_02,data/locked/2026-09-07/zyf_focus2_20260907.edf,focus,unfocus,418.0,422.0
zyf_personal,zyf personal model,zyf,20260907_zyf_focus_02,data/locked/2026-09-07/zyf_focus2_20260907.edf,focus,unfocus,420.0,424.0
zyf_personal,zyf personal model,zyf,20260907_zyf_focus_02,data/locked/2026-09-07/zyf_focus2_20260907.edf,focus,unfocus,422.0,426.0
zyf_personal,zyf personal model,zyf,20260907_zyf_focus_02,data/locked/2026-09-07/zyf_focus2_20260907.edf,focus,unfocus,424.0,428.0
zyf_personal,zyf personal model,zyf,20260907_zyf_focus_02,data/locked/2026-09-07/zyf_focus2_20260907.edf,focus,unfocus,426.0,430.0
zyf_personal,zyf personal model,zyf,20260907_zyf_focus_02,data/locked/2026-09-07/zyf_focus2_20260907.edf,focus,unfocus,428.0,432.0
zyf_personal,zyf personal model,zyf,20260907_zyf_focus_02,data/locked/2026-09-07/zyf_focus2_20260907.edf,focus,unfocus,430.0,434.0
zyf_personal,zyf personal model,zyf,20260907_zyf_focus_02,data/locked/2026-09-07/zyf_focus2_20260907.edf,focus,unfocus,432.0,436.0
zyf_personal,zyf personal model,zyf,20260907_zyf_focus_02,data/locked/2026-09-07/zyf_focus2_20260907.edf,focus,unfocus,434.0,438.0
zyf_personal,zyf personal model,zyf,20260907_zyf_focus_02,data/locked/2026-09-07/zyf_focus2_20260907.edf,focus,unfocus,436.0,440.0
zyf_personal,zyf personal model,zyf,20260907_zyf_focus_02,data/locked/2026-09-07/zyf_focus2_20260907.edf,focus,unfocus,438.0,442.0
zyf_personal,zyf personal model,zyf,20260907_zyf_focus_02,data/locked/2026-09-07/zyf_focus2_20260907.edf,focus,focus,440.0,444.0
zyf_personal,zyf personal model,zyf,20260907_zyf_focus_02,data/locked/2026-09-07/zyf_focus2_20260907.edf,focus,unfocus,442.0,446.0
zyf_personal,zyf personal model,zyf,20260907_zyf_focus_02,data/locked/2026-09-07/zyf_focus2_20260907.edf,focus,unfocus,444.0,448.0
zyf_personal,zyf personal model,zyf,20260907_zyf_focus_02,data/locked/2026-09-07/zyf_focus2_20260907.edf,focus,unfocus,446.0,450.0
zyf_personal,zyf personal model,zyf,20260907_zyf_focus_02,data/locked/2026-09-07/zyf_focus2_20260907.edf,focus,unfocus,448.0,452.0
zyf_personal,zyf personal model,zyf,20260907_zyf_focus_02,data/locked/2026-09-07/zyf_focus2_20260907.edf,focus,unfocus,450.0,454.0
zyf_personal,zyf personal model,zyf,20260907_zyf_focus_02,data/locked/2026-09-07/zyf_focus2_20260907.edf,focus,unfocus,452.0,456.0
zyf_personal,zyf personal model,zyf,20260907_zyf_focus_02,data/locked/2026-09-07/zyf_focus2_20260907.edf,focus,unfocus,454.0,458.0
zyf_personal,zyf personal model,zyf,20260907_zyf_focus_02,data/locked/2026-09-07/zyf_focus2_20260907.edf,focus,focus,456.0,460.0
zyf_personal,zyf personal model,zyf,20260907_zyf_focus_02,data/locked/2026-09-07/zyf_focus2_20260907.edf,focus,unfocus,458.0,462.0
zyf_personal,zyf personal model,zyf,20260907_zyf_focus_02,data/locked/2026-09-07/zyf_focus2_20260907.edf,focus,unfocus,460.0,464.0
zyf_personal,zyf personal model,zyf,20260907_zyf_focus_02,data/locked/2026-09-07/zyf_focus2_20260907.edf,focus,unfocus,462.0,466.0
zyf_personal,zyf personal model,zyf,20260907_zyf_focus_02,data/locked/2026-09-07/zyf_focus2_20260907.edf,focus,unfocus,464.0,468.0
zyf_personal,zyf personal model,zyf,20260907_zyf_focus_02,data/locked/2026-09-07/zyf_focus2_20260907.edf,focus,unfocus,466.0,470.0
zyf_personal,zyf personal model,zyf,20260907_zyf_focus_02,data/locked/2026-09-07/zyf_focus2_20260907.edf,focus,unfocus,468.0,472.0
zyf_personal,zyf personal model,zyf,20260907_zyf_focus_02,data/locked/2026-09-07/zyf_focus2_20260907.edf,focus,unfocus,470.0,474.0
zyf_personal,zyf personal model,zyf,20260907_zyf_focus_02,data/locked/2026-09-07/zyf_focus2_20260907.edf,focus,unfocus,472.0,476.0
zyf_personal,zyf personal model,zyf,20260907_zyf_focus_02,data/locked/2026-09-07/zyf_focus2_20260907.edf,focus,unfocus,474.0,478.0
zyf_personal,zyf personal model,zyf,20260907_zyf_focus_02,data/locked/2026-09-07/zyf_focus2_20260907.edf,focus,unfocus,476.0,480.0
zyf_personal,zyf personal model,zyf,20260907_zyf_focus_02,data/locked/2026-09-07/zyf_focus2_20260907.edf,focus,focus,478.0,482.0
zyf_personal,zyf personal model,zyf,20260907_zyf_focus_02,data/locked/2026-09-07/zyf_focus2_20260907.edf,focus,focus,480.0,484.0
zyf_personal,zyf personal model,zyf,20260907_zyf_focus_02,data/locked/2026-09-07/zyf_focus2_20260907.edf,focus,focus,482.0,486.0
zyf_personal,zyf personal model,zyf,20260907_zyf_focus_02,data/locked/2026-09-07/zyf_focus2_20260907.edf,focus,focus,484.0,488.0
zyf_personal,zyf personal model,zyf,20260907_zyf_focus_02,data/locked/2026-09-07/zyf_focus2_20260907.edf,focus,focus,486.0,490.0
zyf_personal,zyf personal model,zyf,20260907_zyf_focus_02,data/locked/2026-09-07/zyf_focus2_20260907.edf,focus,unfocus,488.0,492.0
zyf_personal,zyf personal model,zyf,20260907_zyf_focus_02,data/locked/2026-09-07/zyf_focus2_20260907.edf,focus,focus,490.0,494.0
zyf_personal,zyf personal model,zyf,20260907_zyf_focus_02,data/locked/2026-09-07/zyf_focus2_20260907.edf,focus,focus,492.0,496.0
zyf_personal,zyf personal model,zyf,20260907_zyf_focus_02,data/locked/2026-09-07/zyf_focus2_20260907.edf,focus,unfocus,494.0,498.0
zyf_personal,zyf personal model,zyf,20260907_zyf_focus_02,data/locked/2026-09-07/zyf_focus2_20260907.edf,focus,unfocus,496.0,500.0
zyf_personal,zyf personal model,zyf,20260907_zyf_focus_02,data/locked/2026-09-07/zyf_focus2_20260907.edf,focus,unfocus,498.0,502.0
zyf_personal,zyf personal model,zyf,20260907_zyf_focus_02,data/locked/2026-09-07/zyf_focus2_20260907.edf,focus,unfocus,500.0,504.0
zyf_personal,zyf personal model,zyf,20260907_zyf_focus_02,data/locked/2026-09-07/zyf_focus2_20260907.edf,focus,focus,502.0,506.0
zyf_personal,zyf personal model,zyf,20260907_zyf_focus_02,data/locked/2026-09-07/zyf_focus2_20260907.edf,focus,focus,504.0,508.0
zyf_personal,zyf personal model,zyf,20260907_zyf_focus_02,data/locked/2026-09-07/zyf_focus2_20260907.edf,focus,focus,506.0,510.0
zyf_personal,zyf personal model,zyf,20260907_zyf_focus_02,data/locked/2026-09-07/zyf_focus2_20260907.edf,focus,focus,508.0,512.0
zyf_personal,zyf personal model,zyf,20260907_zyf_focus_02,data/locked/2026-09-07/zyf_focus2_20260907.edf,focus,unfocus,510.0,514.0
zyf_personal,zyf personal model,zyf,20260907_zyf_focus_02,data/locked/2026-09-07/zyf_focus2_20260907.edf,focus,unfocus,512.0,516.0
zyf_personal,zyf personal model,zyf,20260907_zyf_focus_02,data/locked/2026-09-07/zyf_focus2_20260907.edf,focus,unfocus,514.0,518.0
zyf_personal,zyf personal model,zyf,20260907_zyf_focus_02,data/locked/2026-09-07/zyf_focus2_20260907.edf,focus,unfocus,516.0,520.0
zyf_personal,zyf personal model,zyf,20260907_zyf_focus_02,data/locked/2026-09-07/zyf_focus2_20260907.edf,focus,unfocus,518.0,522.0
zyf_personal,zyf personal model,zyf,20260907_zyf_focus_02,data/locked/2026-09-07/zyf_focus2_20260907.edf,focus,unfocus,520.0,524.0
zyf_personal,zyf personal model,zyf,20260907_zyf_focus_02,data/locked/2026-09-07/zyf_focus2_20260907.edf,focus,unfocus,522.0,526.0
zyf_personal,zyf personal model,zyf,20260907_zyf_focus_02,data/locked/2026-09-07/zyf_focus2_20260907.edf,focus,unfocus,524.0,528.0
zyf_personal,zyf personal model,zyf,20260907_zyf_focus_02,data/locked/2026-09-07/zyf_focus2_20260907.edf,focus,unfocus,526.0,530.0
zyf_personal,zyf personal model,zyf,20260907_zyf_focus_02,data/locked/2026-09-07/zyf_focus2_20260907.edf,focus,unfocus,528.0,532.0
zyf_personal,zyf personal model,zyf,20260907_zyf_focus_02,data/locked/2026-09-07/zyf_focus2_20260907.edf,focus,unfocus,530.0,534.0
zyf_personal,zyf personal model,zyf,20260907_zyf_focus_02,data/locked/2026-09-07/zyf_focus2_20260907.edf,focus,unfocus,532.0,536.0
zyf_personal,zyf personal model,zyf,20260907_zyf_focus_02,data/locked/2026-09-07/zyf_focus2_20260907.edf,focus,unfocus,534.0,538.0
zyf_personal,zyf personal model,zyf,20260907_zyf_focus_02,data/locked/2026-09-07/zyf_focus2_20260907.edf,focus,unfocus,536.0,540.0
zyf_personal,zyf personal model,zyf,20260907_zyf_focus_02,data/locked/2026-09-07/zyf_focus2_20260907.edf,focus,unfocus,538.0,542.0
zyf_personal,zyf personal model,zyf,20260907_zyf_focus_02,data/locked/2026-09-07/zyf_focus2_20260907.edf,focus,unfocus,540.0,544.0
zyf_personal,zyf personal model,zyf,20260907_zyf_focus_02,data/locked/2026-09-07/zyf_focus2_20260907.edf,focus,unfocus,542.0,546.0
zyf_personal,zyf personal model,zyf,20260907_zyf_focus_02,data/locked/2026-09-07/zyf_focus2_20260907.edf,focus,unfocus,544.0,548.0
zyf_personal,zyf personal model,zyf,20260907_zyf_focus_02,data/locked/2026-09-07/zyf_focus2_20260907.edf,focus,unfocus,546.0,550.0
zyf_personal,zyf personal model,zyf,20260907_zyf_focus_02,data/locked/2026-09-07/zyf_focus2_20260907.edf,focus,unfocus,548.0,552.0
zyf_personal,zyf personal model,zyf,20260907_zyf_focus_02,data/locked/2026-09-07/zyf_focus2_20260907.edf,focus,unfocus,550.0,554.0
zyf_personal,zyf personal model,zyf,20260907_zyf_focus_02,data/locked/2026-09-07/zyf_focus2_20260907.edf,focus,unfocus,552.0,556.0
zyf_personal,zyf personal model,zyf,20260907_zyf_focus_02,data/locked/2026-09-07/zyf_focus2_20260907.edf,focus,unfocus,554.0,558.0
zyf_personal,zyf personal model,zyf,20260907_zyf_focus_02,data/locked/2026-09-07/zyf_focus2_20260907.edf,focus,unfocus,556.0,560.0
zyf_personal,zyf personal model,zyf,20260907_zyf_focus_02,data/locked/2026-09-07/zyf_focus2_20260907.edf,focus,unfocus,558.0,562.0
zyf_personal,zyf personal model,zyf,20260907_zyf_focus_02,data/locked/2026-09-07/zyf_focus2_20260907.edf,focus,unfocus,560.0,564.0
zyf_personal,zyf personal model,zyf,20260907_zyf_focus_02,data/locked/2026-09-07/zyf_focus2_20260907.edf,focus,unfocus,562.0,566.0
zyf_personal,zyf personal model,zyf,20260907_zyf_focus_02,data/locked/2026-09-07/zyf_focus2_20260907.edf,focus,unfocus,564.0,568.0
zyf_personal,zyf personal model,zyf,20260907_zyf_focus_02,data/locked/2026-09-07/zyf_focus2_20260907.edf,focus,unfocus,566.0,570.0
zyf_personal,zyf personal model,zyf,20260907_zyf_focus_02,data/locked/2026-09-07/zyf_focus2_20260907.edf,focus,unfocus,568.0,572.0
zyf_personal,zyf personal model,zyf,20260907_zyf_focus_02,data/locked/2026-09-07/zyf_focus2_20260907.edf,focus,unfocus,570.0,574.0
zyf_personal,zyf personal model,zyf,20260907_zyf_focus_02,data/locked/2026-09-07/zyf_focus2_20260907.edf,focus,unfocus,572.0,576.0
zyf_personal,zyf personal model,zyf,20260907_zyf_focus_02,data/locked/2026-09-07/zyf_focus2_20260907.edf,focus,unfocus,574.0,578.0
zyf_personal,zyf personal model,zyf,20260907_zyf_focus_02,data/locked/2026-09-07/zyf_focus2_20260907.edf,focus,unfocus,576.0,580.0
zyf_personal,zyf personal model,zyf,20260907_zyf_focus_02,data/locked/2026-09-07/zyf_focus2_20260907.edf,focus,unfocus,578.0,582.0
zyf_personal,zyf personal model,zyf,20260907_zyf_focus_02,data/locked/2026-09-07/zyf_focus2_20260907.edf,focus,unfocus,580.0,584.0
zyf_personal,zyf personal model,zyf,20260907_zyf_focus_02,data/locked/2026-09-07/zyf_focus2_20260907.edf,focus,unfocus,582.0,586.0
zyf_personal,zyf personal model,zyf,20260907_zyf_focus_02,data/locked/2026-09-07/zyf_focus2_20260907.edf,focus,unfocus,584.0,588.0
zyf_personal,zyf personal model,zyf,20260907_zyf_focus_02,data/locked/2026-09-07/zyf_focus2_20260907.edf,focus,unfocus,586.0,590.0
zyf_personal,zyf personal model,zyf,20260907_zyf_focus_02,data/locked/2026-09-07/zyf_focus2_20260907.edf,focus,focus,588.0,592.0
zyf_personal,zyf personal model,zyf,20260907_zyf_focus_02,data/locked/2026-09-07/zyf_focus2_20260907.edf,focus,unfocus,590.0,594.0
zyf_personal,zyf personal model,zyf,20260907_zyf_focus_02,data/locked/2026-09-07/zyf_focus2_20260907.edf,focus,focus,592.0,596.0
zyf_personal,zyf personal model,zyf,20260907_zyf_focus_02,data/locked/2026-09-07/zyf_focus2_20260907.edf,focus,unfocus,594.0,598.0
zyf_personal,zyf personal model,zyf,20260907_zyf_focus_02,data/locked/2026-09-07/zyf_focus2_20260907.edf,focus,unfocus,596.0,600.0
zyf_personal,zyf personal model,zyf,20260907_zyf_focus_02,data/locked/2026-09-07/zyf_focus2_20260907.edf,focus,unfocus,598.0,602.0
zyf_personal,zyf personal model,zyf,20260907_zyf_focus_02,data/locked/2026-09-07/zyf_focus2_20260907.edf,focus,unfocus,600.0,604.0
zyf_personal,zyf personal model,zyf,20260907_zyf_focus_02,data/locked/2026-09-07/zyf_focus2_20260907.edf,focus,unfocus,602.0,606.0
zyf_personal,zyf personal model,zyf,20260907_zyf_focus_02,data/locked/2026-09-07/zyf_focus2_20260907.edf,focus,focus,604.0,608.0
zyf_personal,zyf personal model,zyf,20260907_zyf_focus_02,data/locked/2026-09-07/zyf_focus2_20260907.edf,focus,unfocus,606.0,610.0
zyf_personal,zyf personal model,zyf,20260907_zyf_focus_02,data/locked/2026-09-07/zyf_focus2_20260907.edf,focus,unfocus,608.0,612.0
zyf_personal,zyf personal model,zyf,20260907_zyf_focus_02,data/locked/2026-09-07/zyf_focus2_20260907.edf,focus,unfocus,610.0,614.0
zyf_personal,zyf personal model,zyf,20260907_zyf_focus_02,data/locked/2026-09-07/zyf_focus2_20260907.edf,focus,unfocus,612.0,616.0
zyf_personal,zyf personal model,zyf,20260907_zyf_focus_02,data/locked/2026-09-07/zyf_focus2_20260907.edf,focus,unfocus,614.0,618.0
zyf_personal,zyf personal model,zyf,20260907_zyf_focus_02,data/locked/2026-09-07/zyf_focus2_20260907.edf,focus,unfocus,616.0,620.0
zyf_personal,zyf personal model,zyf,20260907_zyf_focus_02,data/locked/2026-09-07/zyf_focus2_20260907.edf,focus,unfocus,618.0,622.0
zyf_personal,zyf personal model,zyf,20260907_zyf_focus_02,data/locked/2026-09-07/zyf_focus2_20260907.edf,focus,unfocus,620.0,624.0
zyf_personal,zyf personal model,zyf,20260907_zyf_focus_02,data/locked/2026-09-07/zyf_focus2_20260907.edf,focus,unfocus,622.0,626.0
zyf_personal,zyf personal model,zyf,20260907_zyf_focus_02,data/locked/2026-09-07/zyf_focus2_20260907.edf,focus,unfocus,624.0,628.0
zyf_personal,zyf personal model,zyf,20260907_zyf_focus_02,data/locked/2026-09-07/zyf_focus2_20260907.edf,focus,unfocus,626.0,630.0
zyf_personal,zyf personal model,zyf,20260907_zyf_focus_02,data/locked/2026-09-07/zyf_focus2_20260907.edf,focus,unfocus,628.0,632.0
zyf_personal,zyf personal model,zyf,20260907_zyf_focus_02,data/locked/2026-09-07/zyf_focus2_20260907.edf,focus,unfocus,630.0,634.0
zyf_personal,zyf personal model,zyf,20260907_zyf_focus_02,data/locked/2026-09-07/zyf_focus2_20260907.edf,focus,unfocus,632.0,636.0
zyf_personal,zyf personal model,zyf,20260907_zyf_focus_02,data/locked/2026-09-07/zyf_focus2_20260907.edf,focus,unfocus,634.0,638.0
zyf_personal,zyf personal model,zyf,20260907_zyf_focus_02,data/locked/2026-09-07/zyf_focus2_20260907.edf,focus,unfocus,636.0,640.0
zyf_personal,zyf personal model,zyf,20260907_zyf_focus_02,data/locked/2026-09-07/zyf_focus2_20260907.edf,focus,unfocus,638.0,642.0
zyf_personal,zyf personal model,zyf,20260907_zyf_focus_02,data/locked/2026-09-07/zyf_focus2_20260907.edf,focus,unfocus,640.0,644.0
zyf_personal,zyf personal model,zyf,20260907_zyf_focus_02,data/locked/2026-09-07/zyf_focus2_20260907.edf,focus,unfocus,642.0,646.0
zyf_personal,zyf personal model,zyf,20260907_zyf_focus_02,data/locked/2026-09-07/zyf_focus2_20260907.edf,focus,unfocus,644.0,648.0
zyf_personal,zyf personal model,zyf,20260907_zyf_focus_02,data/locked/2026-09-07/zyf_focus2_20260907.edf,focus,unfocus,646.0,650.0
zyf_personal,zyf personal model,zyf,20260907_zyf_focus_02,data/locked/2026-09-07/zyf_focus2_20260907.edf,focus,unfocus,648.0,652.0
zyf_personal,zyf personal model,zyf,20260907_zyf_focus_02,data/locked/2026-09-07/zyf_focus2_20260907.edf,focus,unfocus,650.0,654.0
zyf_personal,zyf personal model,zyf,20260907_zyf_focus_02,data/locked/2026-09-07/zyf_focus2_20260907.edf,focus,unfocus,652.0,656.0
zyf_personal,zyf personal model,zyf,20260907_zyf_focus_02,data/locked/2026-09-07/zyf_focus2_20260907.edf,focus,unfocus,654.0,658.0
zyf_personal,zyf personal model,zyf,20260907_zyf_focus_02,data/locked/2026-09-07/zyf_focus2_20260907.edf,focus,unfocus,656.0,660.0
zyf_personal,zyf personal model,zyf,20260907_zyf_focus_02,data/locked/2026-09-07/zyf_focus2_20260907.edf,focus,unfocus,658.0,662.0
zyf_personal,zyf personal model,zyf,20260907_zyf_focus_02,data/locked/2026-09-07/zyf_focus2_20260907.edf,focus,unfocus,660.0,664.0
zyf_personal,zyf personal model,zyf,20260907_zyf_focus_02,data/locked/2026-09-07/zyf_focus2_20260907.edf,focus,unfocus,662.0,666.0
zyf_personal,zyf personal model,zyf,20260907_zyf_focus_02,data/locked/2026-09-07/zyf_focus2_20260907.edf,focus,unfocus,664.0,668.0
zyf_personal,zyf personal model,zyf,20260907_zyf_focus_02,data/locked/2026-09-07/zyf_focus2_20260907.edf,focus,unfocus,666.0,670.0
zyf_personal,zyf personal model,zyf,20260907_zyf_focus_02,data/locked/2026-09-07/zyf_focus2_20260907.edf,focus,unfocus,668.0,672.0
zyf_personal,zyf personal model,zyf,20260907_zyf_focus_02,data/locked/2026-09-07/zyf_focus2_20260907.edf,focus,focus,670.0,674.0
zyf_personal,zyf personal model,zyf,20260907_zyf_focus_02,data/locked/2026-09-07/zyf_focus2_20260907.edf,focus,unfocus,672.0,676.0
zyf_personal,zyf personal model,zyf,20260907_zyf_focus_02,data/locked/2026-09-07/zyf_focus2_20260907.edf,focus,unfocus,674.0,678.0
zyf_personal,zyf personal model,zyf,20260907_zyf_focus_02,data/locked/2026-09-07/zyf_focus2_20260907.edf,focus,unfocus,676.0,680.0
zyf_personal,zyf personal model,zyf,20260907_zyf_focus_02,data/locked/2026-09-07/zyf_focus2_20260907.edf,focus,unfocus,678.0,682.0
zyf_personal,zyf personal model,zyf,20260907_zyf_focus_02,data/locked/2026-09-07/zyf_focus2_20260907.edf,focus,unfocus,680.0,684.0
zyf_personal,zyf personal model,zyf,20260907_zyf_focus_02,data/locked/2026-09-07/zyf_focus2_20260907.edf,focus,unfocus,682.0,686.0
zyf_personal,zyf personal model,zyf,20260907_zyf_focus_02,data/locked/2026-09-07/zyf_focus2_20260907.edf,focus,unfocus,684.0,688.0
zyf_personal,zyf personal model,zyf,20260907_zyf_focus_02,data/locked/2026-09-07/zyf_focus2_20260907.edf,focus,focus,686.0,690.0
zyf_personal,zyf personal model,zyf,20260907_zyf_focus_02,data/locked/2026-09-07/zyf_focus2_20260907.edf,focus,unfocus,688.0,692.0
zyf_personal,zyf personal model,zyf,20260907_zyf_focus_02,data/locked/2026-09-07/zyf_focus2_20260907.edf,focus,unfocus,690.0,694.0
zyf_personal,zyf personal model,zyf,20260907_zyf_focus_02,data/locked/2026-09-07/zyf_focus2_20260907.edf,focus,unfocus,692.0,696.0
zyf_personal,zyf personal model,zyf,20260907_zyf_focus_02,data/locked/2026-09-07/zyf_focus2_20260907.edf,focus,unfocus,694.0,698.0
zyf_personal,zyf personal model,zyf,20260907_zyf_focus_02,data/locked/2026-09-07/zyf_focus2_20260907.edf,focus,unfocus,696.0,700.0
zyf_personal,zyf personal model,zyf,20260907_zyf_focus_02,data/locked/2026-09-07/zyf_focus2_20260907.edf,focus,focus,698.0,702.0
zyf_personal,zyf personal model,zyf,20260907_zyf_focus_02,data/locked/2026-09-07/zyf_focus2_20260907.edf,focus,focus,700.0,704.0
zyf_personal,zyf personal model,zyf,20260907_zyf_focus_02,data/locked/2026-09-07/zyf_focus2_20260907.edf,focus,unfocus,702.0,706.0
zyf_personal,zyf personal model,zyf,20260907_zyf_focus_02,data/locked/2026-09-07/zyf_focus2_20260907.edf,focus,unfocus,704.0,708.0
zyf_personal,zyf personal model,zyf,20260907_zyf_focus_02,data/locked/2026-09-07/zyf_focus2_20260907.edf,focus,unfocus,706.0,710.0
zyf_personal,zyf personal model,zyf,20260907_zyf_focus_02,data/locked/2026-09-07/zyf_focus2_20260907.edf,focus,unfocus,708.0,712.0
zyf_personal,zyf personal model,zyf,20260907_zyf_focus_02,data/locked/2026-09-07/zyf_focus2_20260907.edf,focus,unfocus,710.0,714.0
zyf_personal,zyf personal model,zyf,20260907_zyf_focus_02,data/locked/2026-09-07/zyf_focus2_20260907.edf,focus,unfocus,712.0,716.0
zyf_personal,zyf personal model,zyf,20260907_zyf_focus_02,data/locked/2026-09-07/zyf_focus2_20260907.edf,focus,unfocus,714.0,718.0
zyf_personal,zyf personal model,zyf,20260907_zyf_focus_02,data/locked/2026-09-07/zyf_focus2_20260907.edf,focus,unfocus,716.0,720.0
zyf_personal,zyf personal model,zyf,20260907_zyf_focus_02,data/locked/2026-09-07/zyf_focus2_20260907.edf,focus,unfocus,718.0,722.0
zyf_personal,zyf personal model,zyf,20260907_zyf_focus_02,data/locked/2026-09-07/zyf_focus2_20260907.edf,focus,unfocus,720.0,724.0
zyf_personal,zyf personal model,zyf,20260907_zyf_focus_02,data/locked/2026-09-07/zyf_focus2_20260907.edf,focus,unfocus,722.0,726.0
zyf_personal,zyf personal model,zyf,20260907_zyf_focus_02,data/locked/2026-09-07/zyf_focus2_20260907.edf,focus,focus,724.0,728.0
zyf_personal,zyf personal model,zyf,20260907_zyf_focus_02,data/locked/2026-09-07/zyf_focus2_20260907.edf,focus,unfocus,726.0,730.0
zyf_personal,zyf personal model,zyf,20260907_zyf_focus_02,data/locked/2026-09-07/zyf_focus2_20260907.edf,focus,unfocus,728.0,732.0
zyf_personal,zyf personal model,zyf,20260907_zyf_focus_02,data/locked/2026-09-07/zyf_focus2_20260907.edf,focus,unfocus,730.0,734.0
zyf_personal,zyf personal model,zyf,20260907_zyf_focus_02,data/locked/2026-09-07/zyf_focus2_20260907.edf,focus,unfocus,732.0,736.0
zyf_personal,zyf personal model,zyf,20260907_zyf_focus_02,data/locked/2026-09-07/zyf_focus2_20260907.edf,focus,unfocus,734.0,738.0
zyf_personal,zyf personal model,zyf,20260907_zyf_focus_02,data/locked/2026-09-07/zyf_focus2_20260907.edf,focus,unfocus,736.0,740.0
zyf_personal,zyf personal model,zyf,20260907_zyf_focus_02,data/locked/2026-09-07/zyf_focus2_20260907.edf,focus,unfocus,738.0,742.0
zyf_personal,zyf personal model,zyf,20260907_zyf_focus_02,data/locked/2026-09-07/zyf_focus2_20260907.edf,focus,unfocus,740.0,744.0
zyf_personal,zyf personal model,zyf,20260907_zyf_focus_02,data/locked/2026-09-07/zyf_focus2_20260907.edf,focus,unfocus,742.0,746.0
zyf_personal,zyf personal model,zyf,20260907_zyf_focus_02,data/locked/2026-09-07/zyf_focus2_20260907.edf,focus,unfocus,744.0,748.0
zyf_personal,zyf personal model,zyf,20260907_zyf_focus_02,data/locked/2026-09-07/zyf_focus2_20260907.edf,focus,unfocus,746.0,750.0
zyf_personal,zyf personal model,zyf,20260907_zyf_focus_02,data/locked/2026-09-07/zyf_focus2_20260907.edf,focus,unfocus,748.0,752.0
zyf_personal,zyf personal model,zyf,20260907_zyf_focus_02,data/locked/2026-09-07/zyf_focus2_20260907.edf,focus,unfocus,750.0,754.0
zyf_personal,zyf personal model,zyf,20260907_zyf_focus_02,data/locked/2026-09-07/zyf_focus2_20260907.edf,focus,unfocus,752.0,756.0
zyf_personal,zyf personal model,zyf,20260907_zyf_focus_02,data/locked/2026-09-07/zyf_focus2_20260907.edf,focus,unfocus,754.0,758.0
zyf_personal,zyf personal model,zyf,20260907_zyf_focus_02,data/locked/2026-09-07/zyf_focus2_20260907.edf,focus,unfocus,756.0,760.0
zyf_personal,zyf personal model,zyf,20260907_zyf_focus_02,data/locked/2026-09-07/zyf_focus2_20260907.edf,focus,unfocus,758.0,762.0
zyf_personal,zyf personal model,zyf,20260907_zyf_focus_02,data/locked/2026-09-07/zyf_focus2_20260907.edf,focus,unfocus,760.0,764.0
zyf_personal,zyf personal model,zyf,20260907_zyf_focus_02,data/locked/2026-09-07/zyf_focus2_20260907.edf,focus,unfocus,762.0,766.0
zyf_personal,zyf personal model,zyf,20260907_zyf_focus_02,data/locked/2026-09-07/zyf_focus2_20260907.edf,focus,unfocus,764.0,768.0
zyf_personal,zyf personal model,zyf,20260907_zyf_focus_02,data/locked/2026-09-07/zyf_focus2_20260907.edf,focus,unfocus,766.0,770.0
zyf_personal,zyf personal model,zyf,20260907_zyf_focus_02,data/locked/2026-09-07/zyf_focus2_20260907.edf,focus,unfocus,768.0,772.0
zyf_personal,zyf personal model,zyf,20260907_zyf_focus_02,data/locked/2026-09-07/zyf_focus2_20260907.edf,focus,unfocus,770.0,774.0
zyf_personal,zyf personal model,zyf,20260907_zyf_focus_02,data/locked/2026-09-07/zyf_focus2_20260907.edf,focus,unfocus,772.0,776.0
zyf_personal,zyf personal model,zyf,20260907_zyf_focus_02,data/locked/2026-09-07/zyf_focus2_20260907.edf,focus,unfocus,774.0,778.0
zyf_personal,zyf personal model,zyf,20260907_zyf_focus_02,data/locked/2026-09-07/zyf_focus2_20260907.edf,focus,unfocus,776.0,780.0
zyf_personal,zyf personal model,zyf,20260907_zyf_focus_02,data/locked/2026-09-07/zyf_focus2_20260907.edf,focus,unfocus,778.0,782.0
zyf_personal,zyf personal model,zyf,20260907_zyf_focus_02,data/locked/2026-09-07/zyf_focus2_20260907.edf,focus,unfocus,780.0,784.0
zyf_personal,zyf personal model,zyf,20260907_zyf_focus_02,data/locked/2026-09-07/zyf_focus2_20260907.edf,focus,unfocus,782.0,786.0
zyf_personal,zyf personal model,zyf,20260907_zyf_focus_02,data/locked/2026-09-07/zyf_focus2_20260907.edf,focus,unfocus,784.0,788.0
zyf_personal,zyf personal model,zyf,20260907_zyf_focus_02,data/locked/2026-09-07/zyf_focus2_20260907.edf,focus,unfocus,786.0,790.0
zyf_personal,zyf personal model,zyf,20260907_zyf_focus_02,data/locked/2026-09-07/zyf_focus2_20260907.edf,focus,unfocus,788.0,792.0
zyf_personal,zyf personal model,zyf,20260907_zyf_focus_02,data/locked/2026-09-07/zyf_focus2_20260907.edf,focus,unfocus,790.0,794.0
zyf_personal,zyf personal model,zyf,20260907_zyf_focus_02,data/locked/2026-09-07/zyf_focus2_20260907.edf,focus,unfocus,792.0,796.0
zyf_personal,zyf personal model,zyf,20260907_zyf_focus_02,data/locked/2026-09-07/zyf_focus2_20260907.edf,focus,unfocus,794.0,798.0
zyf_personal,zyf personal model,zyf,20260907_zyf_focus_02,data/locked/2026-09-07/zyf_focus2_20260907.edf,focus,unfocus,796.0,800.0
zyf_personal,zyf personal model,zyf,20260907_zyf_focus_02,data/locked/2026-09-07/zyf_focus2_20260907.edf,focus,unfocus,798.0,802.0
zyf_personal,zyf personal model,zyf,20260907_zyf_focus_02,data/locked/2026-09-07/zyf_focus2_20260907.edf,focus,focus,800.0,804.0
zyf_personal,zyf personal model,zyf,20260907_zyf_focus_02,data/locked/2026-09-07/zyf_focus2_20260907.edf,focus,unfocus,802.0,806.0
zyf_personal,zyf personal model,zyf,20260907_zyf_focus_02,data/locked/2026-09-07/zyf_focus2_20260907.edf,focus,unfocus,804.0,808.0
zyf_personal,zyf personal model,zyf,20260907_zyf_focus_02,data/locked/2026-09-07/zyf_focus2_20260907.edf,focus,unfocus,806.0,810.0
zyf_personal,zyf personal model,zyf,20260907_zyf_focus_02,data/locked/2026-09-07/zyf_focus2_20260907.edf,focus,focus,808.0,812.0
zyf_personal,zyf personal model,zyf,20260907_zyf_focus_02,data/locked/2026-09-07/zyf_focus2_20260907.edf,focus,unfocus,810.0,814.0
zyf_personal,zyf personal model,zyf,20260907_zyf_focus_02,data/locked/2026-09-07/zyf_focus2_20260907.edf,focus,unfocus,812.0,816.0
zyf_personal,zyf personal model,zyf,20260907_zyf_focus_02,data/locked/2026-09-07/zyf_focus2_20260907.edf,focus,unfocus,814.0,818.0
zyf_personal,zyf personal model,zyf,20260907_zyf_focus_02,data/locked/2026-09-07/zyf_focus2_20260907.edf,focus,unfocus,816.0,820.0
zyf_personal,zyf personal model,zyf,20260907_zyf_focus_02,data/locked/2026-09-07/zyf_focus2_20260907.edf,focus,unfocus,818.0,822.0
zyf_personal,zyf personal model,zyf,20260907_zyf_focus_02,data/locked/2026-09-07/zyf_focus2_20260907.edf,focus,unfocus,820.0,824.0
zyf_personal,zyf personal model,zyf,20260907_zyf_focus_02,data/locked/2026-09-07/zyf_focus2_20260907.edf,focus,unfocus,822.0,826.0
zyf_personal,zyf personal model,zyf,20260907_zyf_focus_02,data/locked/2026-09-07/zyf_focus2_20260907.edf,focus,unfocus,824.0,828.0
zyf_personal,zyf personal model,zyf,20260907_zyf_focus_02,data/locked/2026-09-07/zyf_focus2_20260907.edf,focus,unfocus,826.0,830.0
zyf_personal,zyf personal model,zyf,20260907_zyf_focus_02,data/locked/2026-09-07/zyf_focus2_20260907.edf,focus,unfocus,828.0,832.0
zyf_personal,zyf personal model,zyf,20260907_zyf_focus_02,data/locked/2026-09-07/zyf_focus2_20260907.edf,focus,unfocus,830.0,834.0
zyf_personal,zyf personal model,zyf,20260907_zyf_focus_02,data/locked/2026-09-07/zyf_focus2_20260907.edf,focus,unfocus,832.0,836.0
zyf_personal,zyf personal model,zyf,20260907_zyf_focus_02,data/locked/2026-09-07/zyf_focus2_20260907.edf,focus,unfocus,834.0,838.0
zyf_personal,zyf personal model,zyf,20260907_zyf_focus_02,data/locked/2026-09-07/zyf_focus2_20260907.edf,focus,unfocus,836.0,840.0
zyf_personal,zyf personal model,zyf,20260907_zyf_focus_02,data/locked/2026-09-07/zyf_focus2_20260907.edf,focus,unfocus,838.0,842.0
zyf_personal,zyf personal model,zyf,20260907_zyf_focus_02,data/locked/2026-09-07/zyf_focus2_20260907.edf,focus,unfocus,840.0,844.0
zyf_personal,zyf personal model,zyf,20260907_zyf_focus_02,data/locked/2026-09-07/zyf_focus2_20260907.edf,focus,unfocus,842.0,846.0
zyf_personal,zyf personal model,zyf,20260907_zyf_focus_02,data/locked/2026-09-07/zyf_focus2_20260907.edf,focus,unfocus,844.0,848.0
zyf_personal,zyf personal model,zyf,20260907_zyf_focus_02,data/locked/2026-09-07/zyf_focus2_20260907.edf,focus,focus,846.0,850.0
zyf_personal,zyf personal model,zyf,20260907_zyf_focus_02,data/locked/2026-09-07/zyf_focus2_20260907.edf,focus,unfocus,848.0,852.0
zyf_personal,zyf personal model,zyf,20260907_zyf_focus_02,data/locked/2026-09-07/zyf_focus2_20260907.edf,focus,unfocus,850.0,854.0
zyf_personal,zyf personal model,zyf,20260907_zyf_focus_02,data/locked/2026-09-07/zyf_focus2_20260907.edf,focus,unfocus,852.0,856.0
zyf_personal,zyf personal model,zyf,20260907_zyf_focus_02,data/locked/2026-09-07/zyf_focus2_20260907.edf,focus,unfocus,854.0,858.0
zyf_personal,zyf personal model,zyf,20260907_zyf_focus_02,data/locked/2026-09-07/zyf_focus2_20260907.edf,focus,unfocus,856.0,860.0
zyf_personal,zyf personal model,zyf,20260907_zyf_focus_02,data/locked/2026-09-07/zyf_focus2_20260907.edf,focus,unfocus,858.0,862.0
zyf_personal,zyf personal model,zyf,20260907_zyf_focus_02,data/locked/2026-09-07/zyf_focus2_20260907.edf,focus,unfocus,860.0,864.0
zyf_personal,zyf personal model,zyf,20260907_zyf_focus_02,data/locked/2026-09-07/zyf_focus2_20260907.edf,focus,unfocus,862.0,866.0
zyf_personal,zyf personal model,zyf,20260907_zyf_focus_02,data/locked/2026-09-07/zyf_focus2_20260907.edf,focus,focus,864.0,868.0
pooled,Existing pooled frozen model,zyf,20260907_zyf_unfocus_01,data/locked/2026-09-07/zyf_unfocus1_20260907.edf,unfocus,unfocus,30.0,34.0
pooled,Existing pooled frozen model,zyf,20260907_zyf_unfocus_01,data/locked/2026-09-07/zyf_unfocus1_20260907.edf,unfocus,unfocus,32.0,36.0
pooled,Existing pooled frozen model,zyf,20260907_zyf_unfocus_01,data/locked/2026-09-07/zyf_unfocus1_20260907.edf,unfocus,unfocus,34.0,38.0
pooled,Existing pooled frozen model,zyf,20260907_zyf_unfocus_01,data/locked/2026-09-07/zyf_unfocus1_20260907.edf,unfocus,focus,36.0,40.0
pooled,Existing pooled frozen model,zyf,20260907_zyf_unfocus_01,data/locked/2026-09-07/zyf_unfocus1_20260907.edf,unfocus,unfocus,38.0,42.0
pooled,Existing pooled frozen model,zyf,20260907_zyf_unfocus_01,data/locked/2026-09-07/zyf_unfocus1_20260907.edf,unfocus,unfocus,40.0,44.0
pooled,Existing pooled frozen model,zyf,20260907_zyf_unfocus_01,data/locked/2026-09-07/zyf_unfocus1_20260907.edf,unfocus,unfocus,42.0,46.0
pooled,Existing pooled frozen model,zyf,20260907_zyf_unfocus_01,data/locked/2026-09-07/zyf_unfocus1_20260907.edf,unfocus,unfocus,44.0,48.0
pooled,Existing pooled frozen model,zyf,20260907_zyf_unfocus_01,data/locked/2026-09-07/zyf_unfocus1_20260907.edf,unfocus,unfocus,46.0,50.0
pooled,Existing pooled frozen model,zyf,20260907_zyf_unfocus_01,data/locked/2026-09-07/zyf_unfocus1_20260907.edf,unfocus,unfocus,48.0,52.0
pooled,Existing pooled frozen model,zyf,20260907_zyf_unfocus_01,data/locked/2026-09-07/zyf_unfocus1_20260907.edf,unfocus,focus,50.0,54.0
pooled,Existing pooled frozen model,zyf,20260907_zyf_unfocus_01,data/locked/2026-09-07/zyf_unfocus1_20260907.edf,unfocus,focus,52.0,56.0
pooled,Existing pooled frozen model,zyf,20260907_zyf_unfocus_01,data/locked/2026-09-07/zyf_unfocus1_20260907.edf,unfocus,unfocus,54.0,58.0
pooled,Existing pooled frozen model,zyf,20260907_zyf_unfocus_01,data/locked/2026-09-07/zyf_unfocus1_20260907.edf,unfocus,unfocus,56.0,60.0
pooled,Existing pooled frozen model,zyf,20260907_zyf_unfocus_01,data/locked/2026-09-07/zyf_unfocus1_20260907.edf,unfocus,unfocus,58.0,62.0
pooled,Existing pooled frozen model,zyf,20260907_zyf_unfocus_01,data/locked/2026-09-07/zyf_unfocus1_20260907.edf,unfocus,unfocus,60.0,64.0
pooled,Existing pooled frozen model,zyf,20260907_zyf_unfocus_01,data/locked/2026-09-07/zyf_unfocus1_20260907.edf,unfocus,unfocus,62.0,66.0
pooled,Existing pooled frozen model,zyf,20260907_zyf_unfocus_01,data/locked/2026-09-07/zyf_unfocus1_20260907.edf,unfocus,unfocus,64.0,68.0
pooled,Existing pooled frozen model,zyf,20260907_zyf_unfocus_01,data/locked/2026-09-07/zyf_unfocus1_20260907.edf,unfocus,unfocus,66.0,70.0
pooled,Existing pooled frozen model,zyf,20260907_zyf_unfocus_01,data/locked/2026-09-07/zyf_unfocus1_20260907.edf,unfocus,unfocus,68.0,72.0
pooled,Existing pooled frozen model,zyf,20260907_zyf_unfocus_01,data/locked/2026-09-07/zyf_unfocus1_20260907.edf,unfocus,unfocus,70.0,74.0
pooled,Existing pooled frozen model,zyf,20260907_zyf_unfocus_01,data/locked/2026-09-07/zyf_unfocus1_20260907.edf,unfocus,unfocus,72.0,76.0
pooled,Existing pooled frozen model,zyf,20260907_zyf_unfocus_01,data/locked/2026-09-07/zyf_unfocus1_20260907.edf,unfocus,unfocus,74.0,78.0
pooled,Existing pooled frozen model,zyf,20260907_zyf_unfocus_01,data/locked/2026-09-07/zyf_unfocus1_20260907.edf,unfocus,unfocus,76.0,80.0
pooled,Existing pooled frozen model,zyf,20260907_zyf_unfocus_01,data/locked/2026-09-07/zyf_unfocus1_20260907.edf,unfocus,unfocus,78.0,82.0
pooled,Existing pooled frozen model,zyf,20260907_zyf_unfocus_01,data/locked/2026-09-07/zyf_unfocus1_20260907.edf,unfocus,unfocus,80.0,84.0
pooled,Existing pooled frozen model,zyf,20260907_zyf_unfocus_01,data/locked/2026-09-07/zyf_unfocus1_20260907.edf,unfocus,unfocus,82.0,86.0
pooled,Existing pooled frozen model,zyf,20260907_zyf_unfocus_01,data/locked/2026-09-07/zyf_unfocus1_20260907.edf,unfocus,unfocus,84.0,88.0
pooled,Existing pooled frozen model,zyf,20260907_zyf_unfocus_01,data/locked/2026-09-07/zyf_unfocus1_20260907.edf,unfocus,unfocus,86.0,90.0
pooled,Existing pooled frozen model,zyf,20260907_zyf_unfocus_01,data/locked/2026-09-07/zyf_unfocus1_20260907.edf,unfocus,unfocus,88.0,92.0
pooled,Existing pooled frozen model,zyf,20260907_zyf_unfocus_01,data/locked/2026-09-07/zyf_unfocus1_20260907.edf,unfocus,unfocus,90.0,94.0
pooled,Existing pooled frozen model,zyf,20260907_zyf_unfocus_01,data/locked/2026-09-07/zyf_unfocus1_20260907.edf,unfocus,unfocus,92.0,96.0
pooled,Existing pooled frozen model,zyf,20260907_zyf_unfocus_01,data/locked/2026-09-07/zyf_unfocus1_20260907.edf,unfocus,unfocus,94.0,98.0
pooled,Existing pooled frozen model,zyf,20260907_zyf_unfocus_01,data/locked/2026-09-07/zyf_unfocus1_20260907.edf,unfocus,unfocus,96.0,100.0
pooled,Existing pooled frozen model,zyf,20260907_zyf_unfocus_01,data/locked/2026-09-07/zyf_unfocus1_20260907.edf,unfocus,unfocus,98.0,102.0
pooled,Existing pooled frozen model,zyf,20260907_zyf_unfocus_01,data/locked/2026-09-07/zyf_unfocus1_20260907.edf,unfocus,unfocus,100.0,104.0
pooled,Existing pooled frozen model,zyf,20260907_zyf_unfocus_01,data/locked/2026-09-07/zyf_unfocus1_20260907.edf,unfocus,unfocus,102.0,106.0
pooled,Existing pooled frozen model,zyf,20260907_zyf_unfocus_01,data/locked/2026-09-07/zyf_unfocus1_20260907.edf,unfocus,unfocus,104.0,108.0
pooled,Existing pooled frozen model,zyf,20260907_zyf_unfocus_01,data/locked/2026-09-07/zyf_unfocus1_20260907.edf,unfocus,unfocus,106.0,110.0
pooled,Existing pooled frozen model,zyf,20260907_zyf_unfocus_01,data/locked/2026-09-07/zyf_unfocus1_20260907.edf,unfocus,unfocus,108.0,112.0
pooled,Existing pooled frozen model,zyf,20260907_zyf_unfocus_01,data/locked/2026-09-07/zyf_unfocus1_20260907.edf,unfocus,unfocus,110.0,114.0
pooled,Existing pooled frozen model,zyf,20260907_zyf_unfocus_01,data/locked/2026-09-07/zyf_unfocus1_20260907.edf,unfocus,unfocus,112.0,116.0
pooled,Existing pooled frozen model,zyf,20260907_zyf_unfocus_01,data/locked/2026-09-07/zyf_unfocus1_20260907.edf,unfocus,unfocus,114.0,118.0
pooled,Existing pooled frozen model,zyf,20260907_zyf_unfocus_01,data/locked/2026-09-07/zyf_unfocus1_20260907.edf,unfocus,unfocus,116.0,120.0
pooled,Existing pooled frozen model,zyf,20260907_zyf_unfocus_01,data/locked/2026-09-07/zyf_unfocus1_20260907.edf,unfocus,unfocus,118.0,122.0
pooled,Existing pooled frozen model,zyf,20260907_zyf_unfocus_01,data/locked/2026-09-07/zyf_unfocus1_20260907.edf,unfocus,unfocus,120.0,124.0
pooled,Existing pooled frozen model,zyf,20260907_zyf_unfocus_01,data/locked/2026-09-07/zyf_unfocus1_20260907.edf,unfocus,unfocus,122.0,126.0
pooled,Existing pooled frozen model,zyf,20260907_zyf_unfocus_01,data/locked/2026-09-07/zyf_unfocus1_20260907.edf,unfocus,unfocus,124.0,128.0
pooled,Existing pooled frozen model,zyf,20260907_zyf_unfocus_01,data/locked/2026-09-07/zyf_unfocus1_20260907.edf,unfocus,unfocus,126.0,130.0
pooled,Existing pooled frozen model,zyf,20260907_zyf_unfocus_01,data/locked/2026-09-07/zyf_unfocus1_20260907.edf,unfocus,unfocus,128.0,132.0
pooled,Existing pooled frozen model,zyf,20260907_zyf_unfocus_01,data/locked/2026-09-07/zyf_unfocus1_20260907.edf,unfocus,unfocus,130.0,134.0
pooled,Existing pooled frozen model,zyf,20260907_zyf_unfocus_01,data/locked/2026-09-07/zyf_unfocus1_20260907.edf,unfocus,unfocus,132.0,136.0
pooled,Existing pooled frozen model,zyf,20260907_zyf_unfocus_01,data/locked/2026-09-07/zyf_unfocus1_20260907.edf,unfocus,focus,134.0,138.0
pooled,Existing pooled frozen model,zyf,20260907_zyf_unfocus_01,data/locked/2026-09-07/zyf_unfocus1_20260907.edf,unfocus,focus,136.0,140.0
pooled,Existing pooled frozen model,zyf,20260907_zyf_unfocus_01,data/locked/2026-09-07/zyf_unfocus1_20260907.edf,unfocus,focus,138.0,142.0
pooled,Existing pooled frozen model,zyf,20260907_zyf_unfocus_01,data/locked/2026-09-07/zyf_unfocus1_20260907.edf,unfocus,focus,140.0,144.0
pooled,Existing pooled frozen model,zyf,20260907_zyf_unfocus_01,data/locked/2026-09-07/zyf_unfocus1_20260907.edf,unfocus,focus,142.0,146.0
pooled,Existing pooled frozen model,zyf,20260907_zyf_unfocus_01,data/locked/2026-09-07/zyf_unfocus1_20260907.edf,unfocus,focus,144.0,148.0
pooled,Existing pooled frozen model,zyf,20260907_zyf_unfocus_01,data/locked/2026-09-07/zyf_unfocus1_20260907.edf,unfocus,focus,146.0,150.0
pooled,Existing pooled frozen model,zyf,20260907_zyf_unfocus_01,data/locked/2026-09-07/zyf_unfocus1_20260907.edf,unfocus,unfocus,148.0,152.0
pooled,Existing pooled frozen model,zyf,20260907_zyf_unfocus_01,data/locked/2026-09-07/zyf_unfocus1_20260907.edf,unfocus,unfocus,150.0,154.0
pooled,Existing pooled frozen model,zyf,20260907_zyf_unfocus_01,data/locked/2026-09-07/zyf_unfocus1_20260907.edf,unfocus,unfocus,152.0,156.0
pooled,Existing pooled frozen model,zyf,20260907_zyf_unfocus_01,data/locked/2026-09-07/zyf_unfocus1_20260907.edf,unfocus,focus,154.0,158.0
pooled,Existing pooled frozen model,zyf,20260907_zyf_unfocus_01,data/locked/2026-09-07/zyf_unfocus1_20260907.edf,unfocus,unfocus,156.0,160.0
pooled,Existing pooled frozen model,zyf,20260907_zyf_unfocus_01,data/locked/2026-09-07/zyf_unfocus1_20260907.edf,unfocus,unfocus,158.0,162.0
pooled,Existing pooled frozen model,zyf,20260907_zyf_unfocus_01,data/locked/2026-09-07/zyf_unfocus1_20260907.edf,unfocus,unfocus,160.0,164.0
pooled,Existing pooled frozen model,zyf,20260907_zyf_unfocus_01,data/locked/2026-09-07/zyf_unfocus1_20260907.edf,unfocus,unfocus,162.0,166.0
pooled,Existing pooled frozen model,zyf,20260907_zyf_unfocus_01,data/locked/2026-09-07/zyf_unfocus1_20260907.edf,unfocus,unfocus,164.0,168.0
pooled,Existing pooled frozen model,zyf,20260907_zyf_unfocus_01,data/locked/2026-09-07/zyf_unfocus1_20260907.edf,unfocus,unfocus,166.0,170.0
pooled,Existing pooled frozen model,zyf,20260907_zyf_unfocus_01,data/locked/2026-09-07/zyf_unfocus1_20260907.edf,unfocus,unfocus,168.0,172.0
pooled,Existing pooled frozen model,zyf,20260907_zyf_unfocus_01,data/locked/2026-09-07/zyf_unfocus1_20260907.edf,unfocus,unfocus,170.0,174.0
pooled,Existing pooled frozen model,zyf,20260907_zyf_unfocus_01,data/locked/2026-09-07/zyf_unfocus1_20260907.edf,unfocus,unfocus,172.0,176.0
pooled,Existing pooled frozen model,zyf,20260907_zyf_unfocus_01,data/locked/2026-09-07/zyf_unfocus1_20260907.edf,unfocus,unfocus,174.0,178.0
pooled,Existing pooled frozen model,zyf,20260907_zyf_unfocus_01,data/locked/2026-09-07/zyf_unfocus1_20260907.edf,unfocus,focus,176.0,180.0
pooled,Existing pooled frozen model,zyf,20260907_zyf_unfocus_01,data/locked/2026-09-07/zyf_unfocus1_20260907.edf,unfocus,unfocus,178.0,182.0
pooled,Existing pooled frozen model,zyf,20260907_zyf_unfocus_01,data/locked/2026-09-07/zyf_unfocus1_20260907.edf,unfocus,unfocus,180.0,184.0
pooled,Existing pooled frozen model,zyf,20260907_zyf_unfocus_01,data/locked/2026-09-07/zyf_unfocus1_20260907.edf,unfocus,focus,182.0,186.0
pooled,Existing pooled frozen model,zyf,20260907_zyf_unfocus_01,data/locked/2026-09-07/zyf_unfocus1_20260907.edf,unfocus,focus,184.0,188.0
pooled,Existing pooled frozen model,zyf,20260907_zyf_unfocus_01,data/locked/2026-09-07/zyf_unfocus1_20260907.edf,unfocus,unfocus,186.0,190.0
pooled,Existing pooled frozen model,zyf,20260907_zyf_unfocus_01,data/locked/2026-09-07/zyf_unfocus1_20260907.edf,unfocus,unfocus,188.0,192.0
pooled,Existing pooled frozen model,zyf,20260907_zyf_unfocus_01,data/locked/2026-09-07/zyf_unfocus1_20260907.edf,unfocus,unfocus,190.0,194.0
pooled,Existing pooled frozen model,zyf,20260907_zyf_unfocus_01,data/locked/2026-09-07/zyf_unfocus1_20260907.edf,unfocus,focus,192.0,196.0
pooled,Existing pooled frozen model,zyf,20260907_zyf_unfocus_01,data/locked/2026-09-07/zyf_unfocus1_20260907.edf,unfocus,unfocus,194.0,198.0
pooled,Existing pooled frozen model,zyf,20260907_zyf_unfocus_01,data/locked/2026-09-07/zyf_unfocus1_20260907.edf,unfocus,unfocus,196.0,200.0
pooled,Existing pooled frozen model,zyf,20260907_zyf_unfocus_01,data/locked/2026-09-07/zyf_unfocus1_20260907.edf,unfocus,unfocus,198.0,202.0
pooled,Existing pooled frozen model,zyf,20260907_zyf_unfocus_01,data/locked/2026-09-07/zyf_unfocus1_20260907.edf,unfocus,unfocus,200.0,204.0
pooled,Existing pooled frozen model,zyf,20260907_zyf_unfocus_01,data/locked/2026-09-07/zyf_unfocus1_20260907.edf,unfocus,unfocus,202.0,206.0
pooled,Existing pooled frozen model,zyf,20260907_zyf_unfocus_01,data/locked/2026-09-07/zyf_unfocus1_20260907.edf,unfocus,unfocus,204.0,208.0
pooled,Existing pooled frozen model,zyf,20260907_zyf_unfocus_01,data/locked/2026-09-07/zyf_unfocus1_20260907.edf,unfocus,unfocus,206.0,210.0
pooled,Existing pooled frozen model,zyf,20260907_zyf_unfocus_01,data/locked/2026-09-07/zyf_unfocus1_20260907.edf,unfocus,unfocus,208.0,212.0
pooled,Existing pooled frozen model,zyf,20260907_zyf_unfocus_01,data/locked/2026-09-07/zyf_unfocus1_20260907.edf,unfocus,unfocus,210.0,214.0
pooled,Existing pooled frozen model,zyf,20260907_zyf_unfocus_01,data/locked/2026-09-07/zyf_unfocus1_20260907.edf,unfocus,unfocus,212.0,216.0
pooled,Existing pooled frozen model,zyf,20260907_zyf_unfocus_01,data/locked/2026-09-07/zyf_unfocus1_20260907.edf,unfocus,unfocus,214.0,218.0
pooled,Existing pooled frozen model,zyf,20260907_zyf_unfocus_01,data/locked/2026-09-07/zyf_unfocus1_20260907.edf,unfocus,unfocus,216.0,220.0
pooled,Existing pooled frozen model,zyf,20260907_zyf_unfocus_01,data/locked/2026-09-07/zyf_unfocus1_20260907.edf,unfocus,unfocus,218.0,222.0
pooled,Existing pooled frozen model,zyf,20260907_zyf_unfocus_01,data/locked/2026-09-07/zyf_unfocus1_20260907.edf,unfocus,unfocus,220.0,224.0
pooled,Existing pooled frozen model,zyf,20260907_zyf_unfocus_01,data/locked/2026-09-07/zyf_unfocus1_20260907.edf,unfocus,unfocus,222.0,226.0
pooled,Existing pooled frozen model,zyf,20260907_zyf_unfocus_01,data/locked/2026-09-07/zyf_unfocus1_20260907.edf,unfocus,unfocus,224.0,228.0
pooled,Existing pooled frozen model,zyf,20260907_zyf_unfocus_01,data/locked/2026-09-07/zyf_unfocus1_20260907.edf,unfocus,focus,226.0,230.0
pooled,Existing pooled frozen model,zyf,20260907_zyf_unfocus_01,data/locked/2026-09-07/zyf_unfocus1_20260907.edf,unfocus,unfocus,228.0,232.0
pooled,Existing pooled frozen model,zyf,20260907_zyf_unfocus_01,data/locked/2026-09-07/zyf_unfocus1_20260907.edf,unfocus,unfocus,230.0,234.0
pooled,Existing pooled frozen model,zyf,20260907_zyf_unfocus_01,data/locked/2026-09-07/zyf_unfocus1_20260907.edf,unfocus,unfocus,232.0,236.0
pooled,Existing pooled frozen model,zyf,20260907_zyf_unfocus_01,data/locked/2026-09-07/zyf_unfocus1_20260907.edf,unfocus,unfocus,234.0,238.0
pooled,Existing pooled frozen model,zyf,20260907_zyf_unfocus_01,data/locked/2026-09-07/zyf_unfocus1_20260907.edf,unfocus,unfocus,236.0,240.0
pooled,Existing pooled frozen model,zyf,20260907_zyf_unfocus_01,data/locked/2026-09-07/zyf_unfocus1_20260907.edf,unfocus,unfocus,238.0,242.0
pooled,Existing pooled frozen model,zyf,20260907_zyf_unfocus_01,data/locked/2026-09-07/zyf_unfocus1_20260907.edf,unfocus,unfocus,240.0,244.0
pooled,Existing pooled frozen model,zyf,20260907_zyf_unfocus_01,data/locked/2026-09-07/zyf_unfocus1_20260907.edf,unfocus,unfocus,242.0,246.0
pooled,Existing pooled frozen model,zyf,20260907_zyf_unfocus_01,data/locked/2026-09-07/zyf_unfocus1_20260907.edf,unfocus,unfocus,244.0,248.0
pooled,Existing pooled frozen model,zyf,20260907_zyf_unfocus_01,data/locked/2026-09-07/zyf_unfocus1_20260907.edf,unfocus,unfocus,246.0,250.0
pooled,Existing pooled frozen model,zyf,20260907_zyf_unfocus_01,data/locked/2026-09-07/zyf_unfocus1_20260907.edf,unfocus,unfocus,248.0,252.0
pooled,Existing pooled frozen model,zyf,20260907_zyf_unfocus_01,data/locked/2026-09-07/zyf_unfocus1_20260907.edf,unfocus,unfocus,250.0,254.0
pooled,Existing pooled frozen model,zyf,20260907_zyf_unfocus_01,data/locked/2026-09-07/zyf_unfocus1_20260907.edf,unfocus,unfocus,252.0,256.0
pooled,Existing pooled frozen model,zyf,20260907_zyf_unfocus_01,data/locked/2026-09-07/zyf_unfocus1_20260907.edf,unfocus,unfocus,254.0,258.0
pooled,Existing pooled frozen model,zyf,20260907_zyf_unfocus_01,data/locked/2026-09-07/zyf_unfocus1_20260907.edf,unfocus,unfocus,256.0,260.0
pooled,Existing pooled frozen model,zyf,20260907_zyf_unfocus_01,data/locked/2026-09-07/zyf_unfocus1_20260907.edf,unfocus,unfocus,258.0,262.0
pooled,Existing pooled frozen model,zyf,20260907_zyf_unfocus_01,data/locked/2026-09-07/zyf_unfocus1_20260907.edf,unfocus,unfocus,260.0,264.0
pooled,Existing pooled frozen model,zyf,20260907_zyf_unfocus_01,data/locked/2026-09-07/zyf_unfocus1_20260907.edf,unfocus,unfocus,262.0,266.0
pooled,Existing pooled frozen model,zyf,20260907_zyf_unfocus_01,data/locked/2026-09-07/zyf_unfocus1_20260907.edf,unfocus,unfocus,264.0,268.0
pooled,Existing pooled frozen model,zyf,20260907_zyf_unfocus_01,data/locked/2026-09-07/zyf_unfocus1_20260907.edf,unfocus,unfocus,266.0,270.0
pooled,Existing pooled frozen model,zyf,20260907_zyf_unfocus_01,data/locked/2026-09-07/zyf_unfocus1_20260907.edf,unfocus,unfocus,268.0,272.0
pooled,Existing pooled frozen model,zyf,20260907_zyf_unfocus_01,data/locked/2026-09-07/zyf_unfocus1_20260907.edf,unfocus,unfocus,270.0,274.0
pooled,Existing pooled frozen model,zyf,20260907_zyf_unfocus_01,data/locked/2026-09-07/zyf_unfocus1_20260907.edf,unfocus,unfocus,272.0,276.0
pooled,Existing pooled frozen model,zyf,20260907_zyf_unfocus_01,data/locked/2026-09-07/zyf_unfocus1_20260907.edf,unfocus,unfocus,274.0,278.0
pooled,Existing pooled frozen model,zyf,20260907_zyf_unfocus_01,data/locked/2026-09-07/zyf_unfocus1_20260907.edf,unfocus,unfocus,276.0,280.0
pooled,Existing pooled frozen model,zyf,20260907_zyf_unfocus_01,data/locked/2026-09-07/zyf_unfocus1_20260907.edf,unfocus,unfocus,278.0,282.0
pooled,Existing pooled frozen model,zyf,20260907_zyf_unfocus_01,data/locked/2026-09-07/zyf_unfocus1_20260907.edf,unfocus,unfocus,280.0,284.0
pooled,Existing pooled frozen model,zyf,20260907_zyf_unfocus_01,data/locked/2026-09-07/zyf_unfocus1_20260907.edf,unfocus,unfocus,282.0,286.0
pooled,Existing pooled frozen model,zyf,20260907_zyf_unfocus_01,data/locked/2026-09-07/zyf_unfocus1_20260907.edf,unfocus,unfocus,284.0,288.0
pooled,Existing pooled frozen model,zyf,20260907_zyf_unfocus_01,data/locked/2026-09-07/zyf_unfocus1_20260907.edf,unfocus,unfocus,286.0,290.0
pooled,Existing pooled frozen model,zyf,20260907_zyf_unfocus_01,data/locked/2026-09-07/zyf_unfocus1_20260907.edf,unfocus,unfocus,288.0,292.0
pooled,Existing pooled frozen model,zyf,20260907_zyf_unfocus_01,data/locked/2026-09-07/zyf_unfocus1_20260907.edf,unfocus,focus,290.0,294.0
pooled,Existing pooled frozen model,zyf,20260907_zyf_unfocus_01,data/locked/2026-09-07/zyf_unfocus1_20260907.edf,unfocus,unfocus,292.0,296.0
pooled,Existing pooled frozen model,zyf,20260907_zyf_unfocus_01,data/locked/2026-09-07/zyf_unfocus1_20260907.edf,unfocus,unfocus,294.0,298.0
pooled,Existing pooled frozen model,zyf,20260907_zyf_unfocus_01,data/locked/2026-09-07/zyf_unfocus1_20260907.edf,unfocus,unfocus,296.0,300.0
pooled,Existing pooled frozen model,zyf,20260907_zyf_unfocus_01,data/locked/2026-09-07/zyf_unfocus1_20260907.edf,unfocus,unfocus,298.0,302.0
pooled,Existing pooled frozen model,zyf,20260907_zyf_unfocus_01,data/locked/2026-09-07/zyf_unfocus1_20260907.edf,unfocus,unfocus,300.0,304.0
pooled,Existing pooled frozen model,zyf,20260907_zyf_unfocus_01,data/locked/2026-09-07/zyf_unfocus1_20260907.edf,unfocus,unfocus,302.0,306.0
pooled,Existing pooled frozen model,zyf,20260907_zyf_unfocus_01,data/locked/2026-09-07/zyf_unfocus1_20260907.edf,unfocus,unfocus,304.0,308.0
pooled,Existing pooled frozen model,zyf,20260907_zyf_unfocus_01,data/locked/2026-09-07/zyf_unfocus1_20260907.edf,unfocus,unfocus,306.0,310.0
pooled,Existing pooled frozen model,zyf,20260907_zyf_unfocus_01,data/locked/2026-09-07/zyf_unfocus1_20260907.edf,unfocus,unfocus,308.0,312.0
pooled,Existing pooled frozen model,zyf,20260907_zyf_unfocus_01,data/locked/2026-09-07/zyf_unfocus1_20260907.edf,unfocus,unfocus,310.0,314.0
pooled,Existing pooled frozen model,zyf,20260907_zyf_unfocus_01,data/locked/2026-09-07/zyf_unfocus1_20260907.edf,unfocus,unfocus,312.0,316.0
pooled,Existing pooled frozen model,zyf,20260907_zyf_unfocus_01,data/locked/2026-09-07/zyf_unfocus1_20260907.edf,unfocus,unfocus,314.0,318.0
pooled,Existing pooled frozen model,zyf,20260907_zyf_unfocus_01,data/locked/2026-09-07/zyf_unfocus1_20260907.edf,unfocus,unfocus,316.0,320.0
pooled,Existing pooled frozen model,zyf,20260907_zyf_unfocus_01,data/locked/2026-09-07/zyf_unfocus1_20260907.edf,unfocus,unfocus,318.0,322.0
pooled,Existing pooled frozen model,zyf,20260907_zyf_unfocus_01,data/locked/2026-09-07/zyf_unfocus1_20260907.edf,unfocus,unfocus,320.0,324.0
pooled,Existing pooled frozen model,zyf,20260907_zyf_unfocus_01,data/locked/2026-09-07/zyf_unfocus1_20260907.edf,unfocus,unfocus,322.0,326.0
pooled,Existing pooled frozen model,zyf,20260907_zyf_unfocus_01,data/locked/2026-09-07/zyf_unfocus1_20260907.edf,unfocus,unfocus,324.0,328.0
pooled,Existing pooled frozen model,zyf,20260907_zyf_unfocus_01,data/locked/2026-09-07/zyf_unfocus1_20260907.edf,unfocus,unfocus,326.0,330.0
pooled,Existing pooled frozen model,zyf,20260907_zyf_unfocus_01,data/locked/2026-09-07/zyf_unfocus1_20260907.edf,unfocus,unfocus,328.0,332.0
pooled,Existing pooled frozen model,zyf,20260907_zyf_unfocus_01,data/locked/2026-09-07/zyf_unfocus1_20260907.edf,unfocus,unfocus,330.0,334.0
pooled,Existing pooled frozen model,zyf,20260907_zyf_unfocus_01,data/locked/2026-09-07/zyf_unfocus1_20260907.edf,unfocus,unfocus,332.0,336.0
pooled,Existing pooled frozen model,zyf,20260907_zyf_unfocus_01,data/locked/2026-09-07/zyf_unfocus1_20260907.edf,unfocus,unfocus,334.0,338.0
pooled,Existing pooled frozen model,zyf,20260907_zyf_unfocus_01,data/locked/2026-09-07/zyf_unfocus1_20260907.edf,unfocus,unfocus,336.0,340.0
pooled,Existing pooled frozen model,zyf,20260907_zyf_unfocus_01,data/locked/2026-09-07/zyf_unfocus1_20260907.edf,unfocus,unfocus,338.0,342.0
pooled,Existing pooled frozen model,zyf,20260907_zyf_unfocus_01,data/locked/2026-09-07/zyf_unfocus1_20260907.edf,unfocus,unfocus,340.0,344.0
pooled,Existing pooled frozen model,zyf,20260907_zyf_unfocus_01,data/locked/2026-09-07/zyf_unfocus1_20260907.edf,unfocus,unfocus,342.0,346.0
pooled,Existing pooled frozen model,zyf,20260907_zyf_unfocus_01,data/locked/2026-09-07/zyf_unfocus1_20260907.edf,unfocus,unfocus,344.0,348.0
pooled,Existing pooled frozen model,zyf,20260907_zyf_unfocus_01,data/locked/2026-09-07/zyf_unfocus1_20260907.edf,unfocus,unfocus,346.0,350.0
pooled,Existing pooled frozen model,zyf,20260907_zyf_unfocus_01,data/locked/2026-09-07/zyf_unfocus1_20260907.edf,unfocus,unfocus,348.0,352.0
pooled,Existing pooled frozen model,zyf,20260907_zyf_unfocus_01,data/locked/2026-09-07/zyf_unfocus1_20260907.edf,unfocus,unfocus,350.0,354.0
pooled,Existing pooled frozen model,zyf,20260907_zyf_unfocus_01,data/locked/2026-09-07/zyf_unfocus1_20260907.edf,unfocus,unfocus,352.0,356.0
pooled,Existing pooled frozen model,zyf,20260907_zyf_unfocus_01,data/locked/2026-09-07/zyf_unfocus1_20260907.edf,unfocus,unfocus,354.0,358.0
pooled,Existing pooled frozen model,zyf,20260907_zyf_unfocus_01,data/locked/2026-09-07/zyf_unfocus1_20260907.edf,unfocus,unfocus,356.0,360.0
pooled,Existing pooled frozen model,zyf,20260907_zyf_unfocus_01,data/locked/2026-09-07/zyf_unfocus1_20260907.edf,unfocus,unfocus,358.0,362.0
pooled,Existing pooled frozen model,zyf,20260907_zyf_unfocus_01,data/locked/2026-09-07/zyf_unfocus1_20260907.edf,unfocus,unfocus,360.0,364.0
pooled,Existing pooled frozen model,zyf,20260907_zyf_unfocus_01,data/locked/2026-09-07/zyf_unfocus1_20260907.edf,unfocus,unfocus,362.0,366.0
pooled,Existing pooled frozen model,zyf,20260907_zyf_unfocus_01,data/locked/2026-09-07/zyf_unfocus1_20260907.edf,unfocus,unfocus,364.0,368.0
pooled,Existing pooled frozen model,zyf,20260907_zyf_unfocus_01,data/locked/2026-09-07/zyf_unfocus1_20260907.edf,unfocus,unfocus,366.0,370.0
pooled,Existing pooled frozen model,zyf,20260907_zyf_unfocus_01,data/locked/2026-09-07/zyf_unfocus1_20260907.edf,unfocus,unfocus,368.0,372.0
pooled,Existing pooled frozen model,zyf,20260907_zyf_unfocus_01,data/locked/2026-09-07/zyf_unfocus1_20260907.edf,unfocus,unfocus,370.0,374.0
pooled,Existing pooled frozen model,zyf,20260907_zyf_unfocus_01,data/locked/2026-09-07/zyf_unfocus1_20260907.edf,unfocus,unfocus,372.0,376.0
pooled,Existing pooled frozen model,zyf,20260907_zyf_unfocus_01,data/locked/2026-09-07/zyf_unfocus1_20260907.edf,unfocus,unfocus,374.0,378.0
pooled,Existing pooled frozen model,zyf,20260907_zyf_unfocus_01,data/locked/2026-09-07/zyf_unfocus1_20260907.edf,unfocus,unfocus,376.0,380.0
pooled,Existing pooled frozen model,zyf,20260907_zyf_unfocus_01,data/locked/2026-09-07/zyf_unfocus1_20260907.edf,unfocus,unfocus,378.0,382.0
pooled,Existing pooled frozen model,zyf,20260907_zyf_unfocus_01,data/locked/2026-09-07/zyf_unfocus1_20260907.edf,unfocus,unfocus,380.0,384.0
pooled,Existing pooled frozen model,zyf,20260907_zyf_unfocus_01,data/locked/2026-09-07/zyf_unfocus1_20260907.edf,unfocus,unfocus,382.0,386.0
pooled,Existing pooled frozen model,zyf,20260907_zyf_unfocus_01,data/locked/2026-09-07/zyf_unfocus1_20260907.edf,unfocus,unfocus,384.0,388.0
pooled,Existing pooled frozen model,zyf,20260907_zyf_unfocus_01,data/locked/2026-09-07/zyf_unfocus1_20260907.edf,unfocus,unfocus,386.0,390.0
pooled,Existing pooled frozen model,zyf,20260907_zyf_unfocus_01,data/locked/2026-09-07/zyf_unfocus1_20260907.edf,unfocus,unfocus,388.0,392.0
pooled,Existing pooled frozen model,zyf,20260907_zyf_unfocus_01,data/locked/2026-09-07/zyf_unfocus1_20260907.edf,unfocus,unfocus,390.0,394.0
pooled,Existing pooled frozen model,zyf,20260907_zyf_unfocus_01,data/locked/2026-09-07/zyf_unfocus1_20260907.edf,unfocus,unfocus,392.0,396.0
pooled,Existing pooled frozen model,zyf,20260907_zyf_unfocus_01,data/locked/2026-09-07/zyf_unfocus1_20260907.edf,unfocus,unfocus,394.0,398.0
pooled,Existing pooled frozen model,zyf,20260907_zyf_unfocus_01,data/locked/2026-09-07/zyf_unfocus1_20260907.edf,unfocus,unfocus,396.0,400.0
pooled,Existing pooled frozen model,zyf,20260907_zyf_unfocus_01,data/locked/2026-09-07/zyf_unfocus1_20260907.edf,unfocus,unfocus,398.0,402.0
pooled,Existing pooled frozen model,zyf,20260907_zyf_unfocus_01,data/locked/2026-09-07/zyf_unfocus1_20260907.edf,unfocus,unfocus,400.0,404.0
pooled,Existing pooled frozen model,zyf,20260907_zyf_unfocus_01,data/locked/2026-09-07/zyf_unfocus1_20260907.edf,unfocus,unfocus,402.0,406.0
pooled,Existing pooled frozen model,zyf,20260907_zyf_unfocus_01,data/locked/2026-09-07/zyf_unfocus1_20260907.edf,unfocus,unfocus,404.0,408.0
pooled,Existing pooled frozen model,zyf,20260907_zyf_unfocus_01,data/locked/2026-09-07/zyf_unfocus1_20260907.edf,unfocus,unfocus,406.0,410.0
pooled,Existing pooled frozen model,zyf,20260907_zyf_unfocus_01,data/locked/2026-09-07/zyf_unfocus1_20260907.edf,unfocus,unfocus,408.0,412.0
pooled,Existing pooled frozen model,zyf,20260907_zyf_unfocus_01,data/locked/2026-09-07/zyf_unfocus1_20260907.edf,unfocus,unfocus,410.0,414.0
pooled,Existing pooled frozen model,zyf,20260907_zyf_unfocus_01,data/locked/2026-09-07/zyf_unfocus1_20260907.edf,unfocus,unfocus,412.0,416.0
pooled,Existing pooled frozen model,zyf,20260907_zyf_unfocus_01,data/locked/2026-09-07/zyf_unfocus1_20260907.edf,unfocus,unfocus,414.0,418.0
pooled,Existing pooled frozen model,zyf,20260907_zyf_unfocus_01,data/locked/2026-09-07/zyf_unfocus1_20260907.edf,unfocus,unfocus,416.0,420.0
pooled,Existing pooled frozen model,zyf,20260907_zyf_unfocus_01,data/locked/2026-09-07/zyf_unfocus1_20260907.edf,unfocus,unfocus,418.0,422.0
pooled,Existing pooled frozen model,zyf,20260907_zyf_unfocus_01,data/locked/2026-09-07/zyf_unfocus1_20260907.edf,unfocus,unfocus,420.0,424.0
pooled,Existing pooled frozen model,zyf,20260907_zyf_unfocus_01,data/locked/2026-09-07/zyf_unfocus1_20260907.edf,unfocus,unfocus,422.0,426.0
pooled,Existing pooled frozen model,zyf,20260907_zyf_unfocus_01,data/locked/2026-09-07/zyf_unfocus1_20260907.edf,unfocus,unfocus,424.0,428.0
pooled,Existing pooled frozen model,zyf,20260907_zyf_unfocus_01,data/locked/2026-09-07/zyf_unfocus1_20260907.edf,unfocus,unfocus,426.0,430.0
pooled,Existing pooled frozen model,zyf,20260907_zyf_unfocus_01,data/locked/2026-09-07/zyf_unfocus1_20260907.edf,unfocus,unfocus,428.0,432.0
pooled,Existing pooled frozen model,zyf,20260907_zyf_unfocus_01,data/locked/2026-09-07/zyf_unfocus1_20260907.edf,unfocus,unfocus,430.0,434.0
pooled,Existing pooled frozen model,zyf,20260907_zyf_unfocus_01,data/locked/2026-09-07/zyf_unfocus1_20260907.edf,unfocus,unfocus,432.0,436.0
pooled,Existing pooled frozen model,zyf,20260907_zyf_unfocus_01,data/locked/2026-09-07/zyf_unfocus1_20260907.edf,unfocus,unfocus,434.0,438.0
pooled,Existing pooled frozen model,zyf,20260907_zyf_unfocus_01,data/locked/2026-09-07/zyf_unfocus1_20260907.edf,unfocus,unfocus,436.0,440.0
pooled,Existing pooled frozen model,zyf,20260907_zyf_unfocus_01,data/locked/2026-09-07/zyf_unfocus1_20260907.edf,unfocus,unfocus,438.0,442.0
pooled,Existing pooled frozen model,zyf,20260907_zyf_unfocus_01,data/locked/2026-09-07/zyf_unfocus1_20260907.edf,unfocus,unfocus,440.0,444.0
pooled,Existing pooled frozen model,zyf,20260907_zyf_unfocus_01,data/locked/2026-09-07/zyf_unfocus1_20260907.edf,unfocus,unfocus,442.0,446.0
pooled,Existing pooled frozen model,zyf,20260907_zyf_unfocus_01,data/locked/2026-09-07/zyf_unfocus1_20260907.edf,unfocus,unfocus,444.0,448.0
pooled,Existing pooled frozen model,zyf,20260907_zyf_unfocus_01,data/locked/2026-09-07/zyf_unfocus1_20260907.edf,unfocus,unfocus,446.0,450.0
pooled,Existing pooled frozen model,zyf,20260907_zyf_unfocus_01,data/locked/2026-09-07/zyf_unfocus1_20260907.edf,unfocus,unfocus,448.0,452.0
pooled,Existing pooled frozen model,zyf,20260907_zyf_unfocus_01,data/locked/2026-09-07/zyf_unfocus1_20260907.edf,unfocus,focus,450.0,454.0
pooled,Existing pooled frozen model,zyf,20260907_zyf_unfocus_01,data/locked/2026-09-07/zyf_unfocus1_20260907.edf,unfocus,unfocus,452.0,456.0
pooled,Existing pooled frozen model,zyf,20260907_zyf_unfocus_01,data/locked/2026-09-07/zyf_unfocus1_20260907.edf,unfocus,unfocus,454.0,458.0
pooled,Existing pooled frozen model,zyf,20260907_zyf_unfocus_01,data/locked/2026-09-07/zyf_unfocus1_20260907.edf,unfocus,unfocus,456.0,460.0
pooled,Existing pooled frozen model,zyf,20260907_zyf_unfocus_01,data/locked/2026-09-07/zyf_unfocus1_20260907.edf,unfocus,unfocus,458.0,462.0
pooled,Existing pooled frozen model,zyf,20260907_zyf_unfocus_01,data/locked/2026-09-07/zyf_unfocus1_20260907.edf,unfocus,unfocus,460.0,464.0
pooled,Existing pooled frozen model,zyf,20260907_zyf_unfocus_01,data/locked/2026-09-07/zyf_unfocus1_20260907.edf,unfocus,focus,462.0,466.0
pooled,Existing pooled frozen model,zyf,20260907_zyf_unfocus_01,data/locked/2026-09-07/zyf_unfocus1_20260907.edf,unfocus,focus,464.0,468.0
pooled,Existing pooled frozen model,zyf,20260907_zyf_unfocus_01,data/locked/2026-09-07/zyf_unfocus1_20260907.edf,unfocus,focus,466.0,470.0
pooled,Existing pooled frozen model,zyf,20260907_zyf_unfocus_01,data/locked/2026-09-07/zyf_unfocus1_20260907.edf,unfocus,unfocus,468.0,472.0
pooled,Existing pooled frozen model,zyf,20260907_zyf_unfocus_01,data/locked/2026-09-07/zyf_unfocus1_20260907.edf,unfocus,unfocus,470.0,474.0
pooled,Existing pooled frozen model,zyf,20260907_zyf_unfocus_01,data/locked/2026-09-07/zyf_unfocus1_20260907.edf,unfocus,unfocus,472.0,476.0
pooled,Existing pooled frozen model,zyf,20260907_zyf_unfocus_01,data/locked/2026-09-07/zyf_unfocus1_20260907.edf,unfocus,focus,474.0,478.0
pooled,Existing pooled frozen model,zyf,20260907_zyf_unfocus_01,data/locked/2026-09-07/zyf_unfocus1_20260907.edf,unfocus,unfocus,476.0,480.0
pooled,Existing pooled frozen model,zyf,20260907_zyf_unfocus_01,data/locked/2026-09-07/zyf_unfocus1_20260907.edf,unfocus,unfocus,478.0,482.0
pooled,Existing pooled frozen model,zyf,20260907_zyf_unfocus_01,data/locked/2026-09-07/zyf_unfocus1_20260907.edf,unfocus,unfocus,480.0,484.0
pooled,Existing pooled frozen model,zyf,20260907_zyf_unfocus_01,data/locked/2026-09-07/zyf_unfocus1_20260907.edf,unfocus,unfocus,482.0,486.0
pooled,Existing pooled frozen model,zyf,20260907_zyf_unfocus_01,data/locked/2026-09-07/zyf_unfocus1_20260907.edf,unfocus,unfocus,484.0,488.0
pooled,Existing pooled frozen model,zyf,20260907_zyf_unfocus_01,data/locked/2026-09-07/zyf_unfocus1_20260907.edf,unfocus,unfocus,486.0,490.0
pooled,Existing pooled frozen model,zyf,20260907_zyf_unfocus_01,data/locked/2026-09-07/zyf_unfocus1_20260907.edf,unfocus,unfocus,488.0,492.0
pooled,Existing pooled frozen model,zyf,20260907_zyf_unfocus_01,data/locked/2026-09-07/zyf_unfocus1_20260907.edf,unfocus,unfocus,490.0,494.0
pooled,Existing pooled frozen model,zyf,20260907_zyf_unfocus_01,data/locked/2026-09-07/zyf_unfocus1_20260907.edf,unfocus,unfocus,492.0,496.0
pooled,Existing pooled frozen model,zyf,20260907_zyf_unfocus_01,data/locked/2026-09-07/zyf_unfocus1_20260907.edf,unfocus,unfocus,494.0,498.0
pooled,Existing pooled frozen model,zyf,20260907_zyf_unfocus_01,data/locked/2026-09-07/zyf_unfocus1_20260907.edf,unfocus,unfocus,496.0,500.0
pooled,Existing pooled frozen model,zyf,20260907_zyf_unfocus_01,data/locked/2026-09-07/zyf_unfocus1_20260907.edf,unfocus,unfocus,498.0,502.0
pooled,Existing pooled frozen model,zyf,20260907_zyf_unfocus_01,data/locked/2026-09-07/zyf_unfocus1_20260907.edf,unfocus,unfocus,500.0,504.0
pooled,Existing pooled frozen model,zyf,20260907_zyf_unfocus_01,data/locked/2026-09-07/zyf_unfocus1_20260907.edf,unfocus,unfocus,502.0,506.0
pooled,Existing pooled frozen model,zyf,20260907_zyf_unfocus_01,data/locked/2026-09-07/zyf_unfocus1_20260907.edf,unfocus,unfocus,504.0,508.0
pooled,Existing pooled frozen model,zyf,20260907_zyf_unfocus_01,data/locked/2026-09-07/zyf_unfocus1_20260907.edf,unfocus,unfocus,506.0,510.0
pooled,Existing pooled frozen model,zyf,20260907_zyf_unfocus_01,data/locked/2026-09-07/zyf_unfocus1_20260907.edf,unfocus,unfocus,508.0,512.0
pooled,Existing pooled frozen model,zyf,20260907_zyf_unfocus_01,data/locked/2026-09-07/zyf_unfocus1_20260907.edf,unfocus,unfocus,510.0,514.0
pooled,Existing pooled frozen model,zyf,20260907_zyf_unfocus_01,data/locked/2026-09-07/zyf_unfocus1_20260907.edf,unfocus,focus,512.0,516.0
pooled,Existing pooled frozen model,zyf,20260907_zyf_unfocus_01,data/locked/2026-09-07/zyf_unfocus1_20260907.edf,unfocus,unfocus,514.0,518.0
pooled,Existing pooled frozen model,zyf,20260907_zyf_unfocus_01,data/locked/2026-09-07/zyf_unfocus1_20260907.edf,unfocus,unfocus,516.0,520.0
pooled,Existing pooled frozen model,zyf,20260907_zyf_unfocus_01,data/locked/2026-09-07/zyf_unfocus1_20260907.edf,unfocus,unfocus,518.0,522.0
pooled,Existing pooled frozen model,zyf,20260907_zyf_unfocus_01,data/locked/2026-09-07/zyf_unfocus1_20260907.edf,unfocus,unfocus,520.0,524.0
pooled,Existing pooled frozen model,zyf,20260907_zyf_unfocus_01,data/locked/2026-09-07/zyf_unfocus1_20260907.edf,unfocus,unfocus,522.0,526.0
pooled,Existing pooled frozen model,zyf,20260907_zyf_unfocus_01,data/locked/2026-09-07/zyf_unfocus1_20260907.edf,unfocus,unfocus,524.0,528.0
pooled,Existing pooled frozen model,zyf,20260907_zyf_unfocus_01,data/locked/2026-09-07/zyf_unfocus1_20260907.edf,unfocus,unfocus,526.0,530.0
pooled,Existing pooled frozen model,zyf,20260907_zyf_unfocus_01,data/locked/2026-09-07/zyf_unfocus1_20260907.edf,unfocus,unfocus,528.0,532.0
pooled,Existing pooled frozen model,zyf,20260907_zyf_unfocus_01,data/locked/2026-09-07/zyf_unfocus1_20260907.edf,unfocus,unfocus,530.0,534.0
pooled,Existing pooled frozen model,zyf,20260907_zyf_unfocus_01,data/locked/2026-09-07/zyf_unfocus1_20260907.edf,unfocus,unfocus,532.0,536.0
pooled,Existing pooled frozen model,zyf,20260907_zyf_unfocus_01,data/locked/2026-09-07/zyf_unfocus1_20260907.edf,unfocus,unfocus,534.0,538.0
pooled,Existing pooled frozen model,zyf,20260907_zyf_unfocus_01,data/locked/2026-09-07/zyf_unfocus1_20260907.edf,unfocus,unfocus,536.0,540.0
pooled,Existing pooled frozen model,zyf,20260907_zyf_unfocus_01,data/locked/2026-09-07/zyf_unfocus1_20260907.edf,unfocus,unfocus,538.0,542.0
pooled,Existing pooled frozen model,zyf,20260907_zyf_unfocus_01,data/locked/2026-09-07/zyf_unfocus1_20260907.edf,unfocus,unfocus,540.0,544.0
pooled,Existing pooled frozen model,zyf,20260907_zyf_unfocus_01,data/locked/2026-09-07/zyf_unfocus1_20260907.edf,unfocus,unfocus,542.0,546.0
pooled,Existing pooled frozen model,zyf,20260907_zyf_unfocus_01,data/locked/2026-09-07/zyf_unfocus1_20260907.edf,unfocus,unfocus,544.0,548.0
pooled,Existing pooled frozen model,zyf,20260907_zyf_unfocus_01,data/locked/2026-09-07/zyf_unfocus1_20260907.edf,unfocus,unfocus,546.0,550.0
pooled,Existing pooled frozen model,zyf,20260907_zyf_unfocus_01,data/locked/2026-09-07/zyf_unfocus1_20260907.edf,unfocus,focus,548.0,552.0
pooled,Existing pooled frozen model,zyf,20260907_zyf_unfocus_01,data/locked/2026-09-07/zyf_unfocus1_20260907.edf,unfocus,focus,550.0,554.0
pooled,Existing pooled frozen model,zyf,20260907_zyf_unfocus_01,data/locked/2026-09-07/zyf_unfocus1_20260907.edf,unfocus,focus,552.0,556.0
pooled,Existing pooled frozen model,zyf,20260907_zyf_unfocus_01,data/locked/2026-09-07/zyf_unfocus1_20260907.edf,unfocus,unfocus,554.0,558.0
pooled,Existing pooled frozen model,zyf,20260907_zyf_unfocus_01,data/locked/2026-09-07/zyf_unfocus1_20260907.edf,unfocus,unfocus,556.0,560.0
pooled,Existing pooled frozen model,zyf,20260907_zyf_unfocus_01,data/locked/2026-09-07/zyf_unfocus1_20260907.edf,unfocus,focus,558.0,562.0
pooled,Existing pooled frozen model,zyf,20260907_zyf_unfocus_01,data/locked/2026-09-07/zyf_unfocus1_20260907.edf,unfocus,focus,560.0,564.0
pooled,Existing pooled frozen model,zyf,20260907_zyf_unfocus_01,data/locked/2026-09-07/zyf_unfocus1_20260907.edf,unfocus,unfocus,562.0,566.0
pooled,Existing pooled frozen model,zyf,20260907_zyf_unfocus_01,data/locked/2026-09-07/zyf_unfocus1_20260907.edf,unfocus,unfocus,564.0,568.0
pooled,Existing pooled frozen model,zyf,20260907_zyf_unfocus_01,data/locked/2026-09-07/zyf_unfocus1_20260907.edf,unfocus,unfocus,566.0,570.0
pooled,Existing pooled frozen model,zyf,20260907_zyf_unfocus_01,data/locked/2026-09-07/zyf_unfocus1_20260907.edf,unfocus,unfocus,568.0,572.0
pooled,Existing pooled frozen model,zyf,20260907_zyf_unfocus_01,data/locked/2026-09-07/zyf_unfocus1_20260907.edf,unfocus,unfocus,570.0,574.0
pooled,Existing pooled frozen model,zyf,20260907_zyf_unfocus_01,data/locked/2026-09-07/zyf_unfocus1_20260907.edf,unfocus,unfocus,572.0,576.0
pooled,Existing pooled frozen model,zyf,20260907_zyf_unfocus_01,data/locked/2026-09-07/zyf_unfocus1_20260907.edf,unfocus,unfocus,574.0,578.0
pooled,Existing pooled frozen model,zyf,20260907_zyf_unfocus_01,data/locked/2026-09-07/zyf_unfocus1_20260907.edf,unfocus,unfocus,576.0,580.0
pooled,Existing pooled frozen model,zyf,20260907_zyf_unfocus_01,data/locked/2026-09-07/zyf_unfocus1_20260907.edf,unfocus,unfocus,578.0,582.0
pooled,Existing pooled frozen model,zyf,20260907_zyf_unfocus_01,data/locked/2026-09-07/zyf_unfocus1_20260907.edf,unfocus,unfocus,580.0,584.0
pooled,Existing pooled frozen model,zyf,20260907_zyf_unfocus_01,data/locked/2026-09-07/zyf_unfocus1_20260907.edf,unfocus,unfocus,582.0,586.0
pooled,Existing pooled frozen model,zyf,20260907_zyf_unfocus_01,data/locked/2026-09-07/zyf_unfocus1_20260907.edf,unfocus,unfocus,584.0,588.0
pooled,Existing pooled frozen model,zyf,20260907_zyf_unfocus_01,data/locked/2026-09-07/zyf_unfocus1_20260907.edf,unfocus,unfocus,586.0,590.0
pooled,Existing pooled frozen model,zyf,20260907_zyf_unfocus_01,data/locked/2026-09-07/zyf_unfocus1_20260907.edf,unfocus,unfocus,588.0,592.0
pooled,Existing pooled frozen model,zyf,20260907_zyf_unfocus_01,data/locked/2026-09-07/zyf_unfocus1_20260907.edf,unfocus,unfocus,590.0,594.0
pooled,Existing pooled frozen model,zyf,20260907_zyf_unfocus_01,data/locked/2026-09-07/zyf_unfocus1_20260907.edf,unfocus,unfocus,592.0,596.0
pooled,Existing pooled frozen model,zyf,20260907_zyf_unfocus_01,data/locked/2026-09-07/zyf_unfocus1_20260907.edf,unfocus,unfocus,594.0,598.0
pooled,Existing pooled frozen model,zyf,20260907_zyf_unfocus_01,data/locked/2026-09-07/zyf_unfocus1_20260907.edf,unfocus,unfocus,596.0,600.0
pooled,Existing pooled frozen model,zyf,20260907_zyf_unfocus_01,data/locked/2026-09-07/zyf_unfocus1_20260907.edf,unfocus,unfocus,598.0,602.0
pooled,Existing pooled frozen model,zyf,20260907_zyf_unfocus_01,data/locked/2026-09-07/zyf_unfocus1_20260907.edf,unfocus,unfocus,600.0,604.0
pooled,Existing pooled frozen model,zyf,20260907_zyf_unfocus_01,data/locked/2026-09-07/zyf_unfocus1_20260907.edf,unfocus,unfocus,602.0,606.0
pooled,Existing pooled frozen model,zyf,20260907_zyf_unfocus_01,data/locked/2026-09-07/zyf_unfocus1_20260907.edf,unfocus,unfocus,604.0,608.0
pooled,Existing pooled frozen model,zyf,20260907_zyf_unfocus_01,data/locked/2026-09-07/zyf_unfocus1_20260907.edf,unfocus,unfocus,606.0,610.0
pooled,Existing pooled frozen model,zyf,20260907_zyf_unfocus_01,data/locked/2026-09-07/zyf_unfocus1_20260907.edf,unfocus,unfocus,608.0,612.0
pooled,Existing pooled frozen model,zyf,20260907_zyf_unfocus_01,data/locked/2026-09-07/zyf_unfocus1_20260907.edf,unfocus,unfocus,610.0,614.0
pooled,Existing pooled frozen model,zyf,20260907_zyf_unfocus_01,data/locked/2026-09-07/zyf_unfocus1_20260907.edf,unfocus,unfocus,612.0,616.0
pooled,Existing pooled frozen model,zyf,20260907_zyf_unfocus_01,data/locked/2026-09-07/zyf_unfocus1_20260907.edf,unfocus,unfocus,614.0,618.0
pooled,Existing pooled frozen model,zyf,20260907_zyf_unfocus_01,data/locked/2026-09-07/zyf_unfocus1_20260907.edf,unfocus,unfocus,616.0,620.0
pooled,Existing pooled frozen model,zyf,20260907_zyf_unfocus_01,data/locked/2026-09-07/zyf_unfocus1_20260907.edf,unfocus,unfocus,618.0,622.0
pooled,Existing pooled frozen model,zyf,20260907_zyf_unfocus_01,data/locked/2026-09-07/zyf_unfocus1_20260907.edf,unfocus,focus,620.0,624.0
pooled,Existing pooled frozen model,zyf,20260907_zyf_unfocus_01,data/locked/2026-09-07/zyf_unfocus1_20260907.edf,unfocus,focus,622.0,626.0
pooled,Existing pooled frozen model,zyf,20260907_zyf_unfocus_01,data/locked/2026-09-07/zyf_unfocus1_20260907.edf,unfocus,focus,624.0,628.0
pooled,Existing pooled frozen model,zyf,20260907_zyf_unfocus_01,data/locked/2026-09-07/zyf_unfocus1_20260907.edf,unfocus,focus,626.0,630.0
pooled,Existing pooled frozen model,zyf,20260907_zyf_unfocus_01,data/locked/2026-09-07/zyf_unfocus1_20260907.edf,unfocus,unfocus,628.0,632.0
pooled,Existing pooled frozen model,zyf,20260907_zyf_unfocus_01,data/locked/2026-09-07/zyf_unfocus1_20260907.edf,unfocus,unfocus,630.0,634.0
pooled,Existing pooled frozen model,zyf,20260907_zyf_unfocus_01,data/locked/2026-09-07/zyf_unfocus1_20260907.edf,unfocus,unfocus,632.0,636.0
pooled,Existing pooled frozen model,zyf,20260907_zyf_unfocus_01,data/locked/2026-09-07/zyf_unfocus1_20260907.edf,unfocus,unfocus,634.0,638.0
pooled,Existing pooled frozen model,zyf,20260907_zyf_unfocus_01,data/locked/2026-09-07/zyf_unfocus1_20260907.edf,unfocus,unfocus,636.0,640.0
pooled,Existing pooled frozen model,zyf,20260907_zyf_unfocus_01,data/locked/2026-09-07/zyf_unfocus1_20260907.edf,unfocus,unfocus,638.0,642.0
pooled,Existing pooled frozen model,zyf,20260907_zyf_unfocus_01,data/locked/2026-09-07/zyf_unfocus1_20260907.edf,unfocus,unfocus,640.0,644.0
pooled,Existing pooled frozen model,zyf,20260907_zyf_unfocus_01,data/locked/2026-09-07/zyf_unfocus1_20260907.edf,unfocus,unfocus,642.0,646.0
pooled,Existing pooled frozen model,zyf,20260907_zyf_unfocus_01,data/locked/2026-09-07/zyf_unfocus1_20260907.edf,unfocus,unfocus,644.0,648.0
pooled,Existing pooled frozen model,zyf,20260907_zyf_unfocus_01,data/locked/2026-09-07/zyf_unfocus1_20260907.edf,unfocus,unfocus,646.0,650.0
pooled,Existing pooled frozen model,zyf,20260907_zyf_unfocus_01,data/locked/2026-09-07/zyf_unfocus1_20260907.edf,unfocus,unfocus,648.0,652.0
pooled,Existing pooled frozen model,zyf,20260907_zyf_unfocus_01,data/locked/2026-09-07/zyf_unfocus1_20260907.edf,unfocus,unfocus,650.0,654.0
pooled,Existing pooled frozen model,zyf,20260907_zyf_unfocus_01,data/locked/2026-09-07/zyf_unfocus1_20260907.edf,unfocus,unfocus,652.0,656.0
pooled,Existing pooled frozen model,zyf,20260907_zyf_unfocus_01,data/locked/2026-09-07/zyf_unfocus1_20260907.edf,unfocus,unfocus,654.0,658.0
pooled,Existing pooled frozen model,zyf,20260907_zyf_unfocus_01,data/locked/2026-09-07/zyf_unfocus1_20260907.edf,unfocus,unfocus,656.0,660.0
pooled,Existing pooled frozen model,zyf,20260907_zyf_unfocus_01,data/locked/2026-09-07/zyf_unfocus1_20260907.edf,unfocus,unfocus,658.0,662.0
pooled,Existing pooled frozen model,zyf,20260907_zyf_unfocus_01,data/locked/2026-09-07/zyf_unfocus1_20260907.edf,unfocus,unfocus,660.0,664.0
pooled,Existing pooled frozen model,zyf,20260907_zyf_unfocus_01,data/locked/2026-09-07/zyf_unfocus1_20260907.edf,unfocus,unfocus,662.0,666.0
pooled,Existing pooled frozen model,zyf,20260907_zyf_unfocus_01,data/locked/2026-09-07/zyf_unfocus1_20260907.edf,unfocus,unfocus,664.0,668.0
pooled,Existing pooled frozen model,zyf,20260907_zyf_unfocus_01,data/locked/2026-09-07/zyf_unfocus1_20260907.edf,unfocus,unfocus,666.0,670.0
pooled,Existing pooled frozen model,zyf,20260907_zyf_unfocus_01,data/locked/2026-09-07/zyf_unfocus1_20260907.edf,unfocus,unfocus,668.0,672.0
pooled,Existing pooled frozen model,zyf,20260907_zyf_unfocus_01,data/locked/2026-09-07/zyf_unfocus1_20260907.edf,unfocus,unfocus,670.0,674.0
pooled,Existing pooled frozen model,zyf,20260907_zyf_unfocus_01,data/locked/2026-09-07/zyf_unfocus1_20260907.edf,unfocus,unfocus,672.0,676.0
pooled,Existing pooled frozen model,zyf,20260907_zyf_unfocus_01,data/locked/2026-09-07/zyf_unfocus1_20260907.edf,unfocus,unfocus,674.0,678.0
pooled,Existing pooled frozen model,zyf,20260907_zyf_unfocus_01,data/locked/2026-09-07/zyf_unfocus1_20260907.edf,unfocus,unfocus,676.0,680.0
pooled,Existing pooled frozen model,zyf,20260907_zyf_unfocus_01,data/locked/2026-09-07/zyf_unfocus1_20260907.edf,unfocus,unfocus,678.0,682.0
pooled,Existing pooled frozen model,zyf,20260907_zyf_unfocus_01,data/locked/2026-09-07/zyf_unfocus1_20260907.edf,unfocus,unfocus,680.0,684.0
pooled,Existing pooled frozen model,zyf,20260907_zyf_unfocus_01,data/locked/2026-09-07/zyf_unfocus1_20260907.edf,unfocus,unfocus,682.0,686.0
pooled,Existing pooled frozen model,zyf,20260907_zyf_unfocus_01,data/locked/2026-09-07/zyf_unfocus1_20260907.edf,unfocus,unfocus,684.0,688.0
pooled,Existing pooled frozen model,zyf,20260907_zyf_unfocus_01,data/locked/2026-09-07/zyf_unfocus1_20260907.edf,unfocus,unfocus,686.0,690.0
pooled,Existing pooled frozen model,zyf,20260907_zyf_unfocus_01,data/locked/2026-09-07/zyf_unfocus1_20260907.edf,unfocus,unfocus,688.0,692.0
pooled,Existing pooled frozen model,zyf,20260907_zyf_unfocus_01,data/locked/2026-09-07/zyf_unfocus1_20260907.edf,unfocus,unfocus,690.0,694.0
pooled,Existing pooled frozen model,zyf,20260907_zyf_unfocus_01,data/locked/2026-09-07/zyf_unfocus1_20260907.edf,unfocus,unfocus,692.0,696.0
pooled,Existing pooled frozen model,zyf,20260907_zyf_unfocus_01,data/locked/2026-09-07/zyf_unfocus1_20260907.edf,unfocus,unfocus,694.0,698.0
pooled,Existing pooled frozen model,zyf,20260907_zyf_unfocus_01,data/locked/2026-09-07/zyf_unfocus1_20260907.edf,unfocus,unfocus,696.0,700.0
pooled,Existing pooled frozen model,zyf,20260907_zyf_unfocus_01,data/locked/2026-09-07/zyf_unfocus1_20260907.edf,unfocus,unfocus,698.0,702.0
pooled,Existing pooled frozen model,zyf,20260907_zyf_unfocus_01,data/locked/2026-09-07/zyf_unfocus1_20260907.edf,unfocus,unfocus,700.0,704.0
pooled,Existing pooled frozen model,zyf,20260907_zyf_unfocus_01,data/locked/2026-09-07/zyf_unfocus1_20260907.edf,unfocus,unfocus,702.0,706.0
pooled,Existing pooled frozen model,zyf,20260907_zyf_unfocus_01,data/locked/2026-09-07/zyf_unfocus1_20260907.edf,unfocus,unfocus,704.0,708.0
pooled,Existing pooled frozen model,zyf,20260907_zyf_unfocus_01,data/locked/2026-09-07/zyf_unfocus1_20260907.edf,unfocus,unfocus,706.0,710.0
pooled,Existing pooled frozen model,zyf,20260907_zyf_unfocus_01,data/locked/2026-09-07/zyf_unfocus1_20260907.edf,unfocus,unfocus,708.0,712.0
pooled,Existing pooled frozen model,zyf,20260907_zyf_unfocus_01,data/locked/2026-09-07/zyf_unfocus1_20260907.edf,unfocus,unfocus,710.0,714.0
pooled,Existing pooled frozen model,zyf,20260907_zyf_unfocus_01,data/locked/2026-09-07/zyf_unfocus1_20260907.edf,unfocus,unfocus,712.0,716.0
pooled,Existing pooled frozen model,zyf,20260907_zyf_unfocus_01,data/locked/2026-09-07/zyf_unfocus1_20260907.edf,unfocus,unfocus,714.0,718.0
pooled,Existing pooled frozen model,zyf,20260907_zyf_unfocus_01,data/locked/2026-09-07/zyf_unfocus1_20260907.edf,unfocus,unfocus,716.0,720.0
pooled,Existing pooled frozen model,zyf,20260907_zyf_unfocus_01,data/locked/2026-09-07/zyf_unfocus1_20260907.edf,unfocus,unfocus,718.0,722.0
pooled,Existing pooled frozen model,zyf,20260907_zyf_unfocus_01,data/locked/2026-09-07/zyf_unfocus1_20260907.edf,unfocus,unfocus,720.0,724.0
pooled,Existing pooled frozen model,zyf,20260907_zyf_unfocus_01,data/locked/2026-09-07/zyf_unfocus1_20260907.edf,unfocus,unfocus,722.0,726.0
pooled,Existing pooled frozen model,zyf,20260907_zyf_unfocus_01,data/locked/2026-09-07/zyf_unfocus1_20260907.edf,unfocus,unfocus,724.0,728.0
pooled,Existing pooled frozen model,zyf,20260907_zyf_unfocus_01,data/locked/2026-09-07/zyf_unfocus1_20260907.edf,unfocus,unfocus,726.0,730.0
pooled,Existing pooled frozen model,zyf,20260907_zyf_unfocus_01,data/locked/2026-09-07/zyf_unfocus1_20260907.edf,unfocus,unfocus,728.0,732.0
pooled,Existing pooled frozen model,zyf,20260907_zyf_unfocus_01,data/locked/2026-09-07/zyf_unfocus1_20260907.edf,unfocus,focus,730.0,734.0
pooled,Existing pooled frozen model,zyf,20260907_zyf_unfocus_01,data/locked/2026-09-07/zyf_unfocus1_20260907.edf,unfocus,unfocus,732.0,736.0
pooled,Existing pooled frozen model,zyf,20260907_zyf_unfocus_01,data/locked/2026-09-07/zyf_unfocus1_20260907.edf,unfocus,unfocus,734.0,738.0
pooled,Existing pooled frozen model,zyf,20260907_zyf_unfocus_01,data/locked/2026-09-07/zyf_unfocus1_20260907.edf,unfocus,unfocus,736.0,740.0
pooled,Existing pooled frozen model,zyf,20260907_zyf_unfocus_01,data/locked/2026-09-07/zyf_unfocus1_20260907.edf,unfocus,unfocus,738.0,742.0
pooled,Existing pooled frozen model,zyf,20260907_zyf_unfocus_01,data/locked/2026-09-07/zyf_unfocus1_20260907.edf,unfocus,unfocus,740.0,744.0
pooled,Existing pooled frozen model,zyf,20260907_zyf_unfocus_01,data/locked/2026-09-07/zyf_unfocus1_20260907.edf,unfocus,unfocus,742.0,746.0
pooled,Existing pooled frozen model,zyf,20260907_zyf_unfocus_01,data/locked/2026-09-07/zyf_unfocus1_20260907.edf,unfocus,unfocus,744.0,748.0
pooled,Existing pooled frozen model,zyf,20260907_zyf_unfocus_01,data/locked/2026-09-07/zyf_unfocus1_20260907.edf,unfocus,unfocus,746.0,750.0
pooled,Existing pooled frozen model,zyf,20260907_zyf_unfocus_01,data/locked/2026-09-07/zyf_unfocus1_20260907.edf,unfocus,unfocus,748.0,752.0
pooled,Existing pooled frozen model,zyf,20260907_zyf_unfocus_01,data/locked/2026-09-07/zyf_unfocus1_20260907.edf,unfocus,unfocus,750.0,754.0
pooled,Existing pooled frozen model,zyf,20260907_zyf_unfocus_01,data/locked/2026-09-07/zyf_unfocus1_20260907.edf,unfocus,unfocus,752.0,756.0
pooled,Existing pooled frozen model,zyf,20260907_zyf_unfocus_01,data/locked/2026-09-07/zyf_unfocus1_20260907.edf,unfocus,unfocus,754.0,758.0
pooled,Existing pooled frozen model,zyf,20260907_zyf_unfocus_01,data/locked/2026-09-07/zyf_unfocus1_20260907.edf,unfocus,unfocus,756.0,760.0
pooled,Existing pooled frozen model,zyf,20260907_zyf_unfocus_01,data/locked/2026-09-07/zyf_unfocus1_20260907.edf,unfocus,unfocus,758.0,762.0
pooled,Existing pooled frozen model,zyf,20260907_zyf_unfocus_01,data/locked/2026-09-07/zyf_unfocus1_20260907.edf,unfocus,unfocus,760.0,764.0
pooled,Existing pooled frozen model,zyf,20260907_zyf_unfocus_01,data/locked/2026-09-07/zyf_unfocus1_20260907.edf,unfocus,unfocus,762.0,766.0
pooled,Existing pooled frozen model,zyf,20260907_zyf_unfocus_01,data/locked/2026-09-07/zyf_unfocus1_20260907.edf,unfocus,unfocus,764.0,768.0
pooled,Existing pooled frozen model,zyf,20260907_zyf_unfocus_01,data/locked/2026-09-07/zyf_unfocus1_20260907.edf,unfocus,unfocus,766.0,770.0
pooled,Existing pooled frozen model,zyf,20260907_zyf_unfocus_01,data/locked/2026-09-07/zyf_unfocus1_20260907.edf,unfocus,unfocus,768.0,772.0
pooled,Existing pooled frozen model,zyf,20260907_zyf_unfocus_01,data/locked/2026-09-07/zyf_unfocus1_20260907.edf,unfocus,unfocus,770.0,774.0
pooled,Existing pooled frozen model,zyf,20260907_zyf_unfocus_01,data/locked/2026-09-07/zyf_unfocus1_20260907.edf,unfocus,unfocus,772.0,776.0
pooled,Existing pooled frozen model,zyf,20260907_zyf_unfocus_01,data/locked/2026-09-07/zyf_unfocus1_20260907.edf,unfocus,unfocus,774.0,778.0
pooled,Existing pooled frozen model,zyf,20260907_zyf_unfocus_01,data/locked/2026-09-07/zyf_unfocus1_20260907.edf,unfocus,unfocus,776.0,780.0
pooled,Existing pooled frozen model,zyf,20260907_zyf_unfocus_01,data/locked/2026-09-07/zyf_unfocus1_20260907.edf,unfocus,unfocus,778.0,782.0
pooled,Existing pooled frozen model,zyf,20260907_zyf_unfocus_01,data/locked/2026-09-07/zyf_unfocus1_20260907.edf,unfocus,unfocus,780.0,784.0
pooled,Existing pooled frozen model,zyf,20260907_zyf_unfocus_01,data/locked/2026-09-07/zyf_unfocus1_20260907.edf,unfocus,unfocus,782.0,786.0
pooled,Existing pooled frozen model,zyf,20260907_zyf_unfocus_01,data/locked/2026-09-07/zyf_unfocus1_20260907.edf,unfocus,unfocus,784.0,788.0
pooled,Existing pooled frozen model,zyf,20260907_zyf_unfocus_01,data/locked/2026-09-07/zyf_unfocus1_20260907.edf,unfocus,unfocus,786.0,790.0
pooled,Existing pooled frozen model,zyf,20260907_zyf_unfocus_01,data/locked/2026-09-07/zyf_unfocus1_20260907.edf,unfocus,unfocus,788.0,792.0
pooled,Existing pooled frozen model,zyf,20260907_zyf_unfocus_01,data/locked/2026-09-07/zyf_unfocus1_20260907.edf,unfocus,unfocus,790.0,794.0
pooled,Existing pooled frozen model,zyf,20260907_zyf_unfocus_01,data/locked/2026-09-07/zyf_unfocus1_20260907.edf,unfocus,unfocus,792.0,796.0
pooled,Existing pooled frozen model,zyf,20260907_zyf_unfocus_01,data/locked/2026-09-07/zyf_unfocus1_20260907.edf,unfocus,unfocus,794.0,798.0
pooled,Existing pooled frozen model,zyf,20260907_zyf_unfocus_01,data/locked/2026-09-07/zyf_unfocus1_20260907.edf,unfocus,unfocus,796.0,800.0
pooled,Existing pooled frozen model,zyf,20260907_zyf_unfocus_01,data/locked/2026-09-07/zyf_unfocus1_20260907.edf,unfocus,unfocus,798.0,802.0
pooled,Existing pooled frozen model,zyf,20260907_zyf_unfocus_01,data/locked/2026-09-07/zyf_unfocus1_20260907.edf,unfocus,unfocus,800.0,804.0
pooled,Existing pooled frozen model,zyf,20260907_zyf_unfocus_01,data/locked/2026-09-07/zyf_unfocus1_20260907.edf,unfocus,unfocus,802.0,806.0
pooled,Existing pooled frozen model,zyf,20260907_zyf_unfocus_01,data/locked/2026-09-07/zyf_unfocus1_20260907.edf,unfocus,unfocus,804.0,808.0
pooled,Existing pooled frozen model,zyf,20260907_zyf_unfocus_01,data/locked/2026-09-07/zyf_unfocus1_20260907.edf,unfocus,unfocus,806.0,810.0
pooled,Existing pooled frozen model,zyf,20260907_zyf_unfocus_01,data/locked/2026-09-07/zyf_unfocus1_20260907.edf,unfocus,unfocus,808.0,812.0
pooled,Existing pooled frozen model,zyf,20260907_zyf_unfocus_01,data/locked/2026-09-07/zyf_unfocus1_20260907.edf,unfocus,unfocus,810.0,814.0
pooled,Existing pooled frozen model,zyf,20260907_zyf_unfocus_01,data/locked/2026-09-07/zyf_unfocus1_20260907.edf,unfocus,unfocus,812.0,816.0
pooled,Existing pooled frozen model,zyf,20260907_zyf_unfocus_01,data/locked/2026-09-07/zyf_unfocus1_20260907.edf,unfocus,unfocus,814.0,818.0
pooled,Existing pooled frozen model,zyf,20260907_zyf_unfocus_01,data/locked/2026-09-07/zyf_unfocus1_20260907.edf,unfocus,unfocus,816.0,820.0
pooled,Existing pooled frozen model,zyf,20260907_zyf_unfocus_01,data/locked/2026-09-07/zyf_unfocus1_20260907.edf,unfocus,unfocus,818.0,822.0
pooled,Existing pooled frozen model,zyf,20260907_zyf_unfocus_01,data/locked/2026-09-07/zyf_unfocus1_20260907.edf,unfocus,unfocus,820.0,824.0
pooled,Existing pooled frozen model,zyf,20260907_zyf_unfocus_01,data/locked/2026-09-07/zyf_unfocus1_20260907.edf,unfocus,unfocus,822.0,826.0
pooled,Existing pooled frozen model,zyf,20260907_zyf_unfocus_01,data/locked/2026-09-07/zyf_unfocus1_20260907.edf,unfocus,unfocus,824.0,828.0
pooled,Existing pooled frozen model,zyf,20260907_zyf_unfocus_01,data/locked/2026-09-07/zyf_unfocus1_20260907.edf,unfocus,unfocus,826.0,830.0
pooled,Existing pooled frozen model,zyf,20260907_zyf_unfocus_01,data/locked/2026-09-07/zyf_unfocus1_20260907.edf,unfocus,unfocus,828.0,832.0
pooled,Existing pooled frozen model,zyf,20260907_zyf_unfocus_01,data/locked/2026-09-07/zyf_unfocus1_20260907.edf,unfocus,unfocus,830.0,834.0
pooled,Existing pooled frozen model,zyf,20260907_zyf_unfocus_01,data/locked/2026-09-07/zyf_unfocus1_20260907.edf,unfocus,unfocus,832.0,836.0
pooled,Existing pooled frozen model,zyf,20260907_zyf_unfocus_01,data/locked/2026-09-07/zyf_unfocus1_20260907.edf,unfocus,unfocus,834.0,838.0
pooled,Existing pooled frozen model,zyf,20260907_zyf_unfocus_01,data/locked/2026-09-07/zyf_unfocus1_20260907.edf,unfocus,unfocus,836.0,840.0
pooled,Existing pooled frozen model,zyf,20260907_zyf_unfocus_01,data/locked/2026-09-07/zyf_unfocus1_20260907.edf,unfocus,unfocus,838.0,842.0
pooled,Existing pooled frozen model,zyf,20260907_zyf_unfocus_01,data/locked/2026-09-07/zyf_unfocus1_20260907.edf,unfocus,unfocus,840.0,844.0
pooled,Existing pooled frozen model,zyf,20260907_zyf_unfocus_01,data/locked/2026-09-07/zyf_unfocus1_20260907.edf,unfocus,unfocus,842.0,846.0
pooled,Existing pooled frozen model,zyf,20260907_zyf_unfocus_01,data/locked/2026-09-07/zyf_unfocus1_20260907.edf,unfocus,unfocus,844.0,848.0
pooled,Existing pooled frozen model,zyf,20260907_zyf_unfocus_01,data/locked/2026-09-07/zyf_unfocus1_20260907.edf,unfocus,unfocus,846.0,850.0
pooled,Existing pooled frozen model,zyf,20260907_zyf_unfocus_01,data/locked/2026-09-07/zyf_unfocus1_20260907.edf,unfocus,unfocus,848.0,852.0
pooled,Existing pooled frozen model,zyf,20260907_zyf_unfocus_01,data/locked/2026-09-07/zyf_unfocus1_20260907.edf,unfocus,unfocus,850.0,854.0
pooled,Existing pooled frozen model,zyf,20260907_zyf_unfocus_01,data/locked/2026-09-07/zyf_unfocus1_20260907.edf,unfocus,unfocus,852.0,856.0
pooled,Existing pooled frozen model,zyf,20260907_zyf_unfocus_01,data/locked/2026-09-07/zyf_unfocus1_20260907.edf,unfocus,unfocus,854.0,858.0
pooled,Existing pooled frozen model,zyf,20260907_zyf_unfocus_01,data/locked/2026-09-07/zyf_unfocus1_20260907.edf,unfocus,unfocus,856.0,860.0
pooled,Existing pooled frozen model,zyf,20260907_zyf_unfocus_01,data/locked/2026-09-07/zyf_unfocus1_20260907.edf,unfocus,unfocus,858.0,862.0
pooled,Existing pooled frozen model,zyf,20260907_zyf_unfocus_01,data/locked/2026-09-07/zyf_unfocus1_20260907.edf,unfocus,unfocus,860.0,864.0
pooled,Existing pooled frozen model,zyf,20260907_zyf_unfocus_01,data/locked/2026-09-07/zyf_unfocus1_20260907.edf,unfocus,unfocus,862.0,866.0
pooled,Existing pooled frozen model,zyf,20260907_zyf_unfocus_01,data/locked/2026-09-07/zyf_unfocus1_20260907.edf,unfocus,unfocus,864.0,868.0
lyc_personal,lyc personal model,zyf,20260907_zyf_unfocus_01,data/locked/2026-09-07/zyf_unfocus1_20260907.edf,unfocus,focus,30.0,34.0
lyc_personal,lyc personal model,zyf,20260907_zyf_unfocus_01,data/locked/2026-09-07/zyf_unfocus1_20260907.edf,unfocus,focus,32.0,36.0
lyc_personal,lyc personal model,zyf,20260907_zyf_unfocus_01,data/locked/2026-09-07/zyf_unfocus1_20260907.edf,unfocus,focus,34.0,38.0
lyc_personal,lyc personal model,zyf,20260907_zyf_unfocus_01,data/locked/2026-09-07/zyf_unfocus1_20260907.edf,unfocus,focus,36.0,40.0
lyc_personal,lyc personal model,zyf,20260907_zyf_unfocus_01,data/locked/2026-09-07/zyf_unfocus1_20260907.edf,unfocus,unfocus,38.0,42.0
lyc_personal,lyc personal model,zyf,20260907_zyf_unfocus_01,data/locked/2026-09-07/zyf_unfocus1_20260907.edf,unfocus,focus,40.0,44.0
lyc_personal,lyc personal model,zyf,20260907_zyf_unfocus_01,data/locked/2026-09-07/zyf_unfocus1_20260907.edf,unfocus,unfocus,42.0,46.0
lyc_personal,lyc personal model,zyf,20260907_zyf_unfocus_01,data/locked/2026-09-07/zyf_unfocus1_20260907.edf,unfocus,unfocus,44.0,48.0
lyc_personal,lyc personal model,zyf,20260907_zyf_unfocus_01,data/locked/2026-09-07/zyf_unfocus1_20260907.edf,unfocus,unfocus,46.0,50.0
lyc_personal,lyc personal model,zyf,20260907_zyf_unfocus_01,data/locked/2026-09-07/zyf_unfocus1_20260907.edf,unfocus,focus,48.0,52.0
lyc_personal,lyc personal model,zyf,20260907_zyf_unfocus_01,data/locked/2026-09-07/zyf_unfocus1_20260907.edf,unfocus,focus,50.0,54.0
lyc_personal,lyc personal model,zyf,20260907_zyf_unfocus_01,data/locked/2026-09-07/zyf_unfocus1_20260907.edf,unfocus,focus,52.0,56.0
lyc_personal,lyc personal model,zyf,20260907_zyf_unfocus_01,data/locked/2026-09-07/zyf_unfocus1_20260907.edf,unfocus,focus,54.0,58.0
lyc_personal,lyc personal model,zyf,20260907_zyf_unfocus_01,data/locked/2026-09-07/zyf_unfocus1_20260907.edf,unfocus,focus,56.0,60.0
lyc_personal,lyc personal model,zyf,20260907_zyf_unfocus_01,data/locked/2026-09-07/zyf_unfocus1_20260907.edf,unfocus,focus,58.0,62.0
lyc_personal,lyc personal model,zyf,20260907_zyf_unfocus_01,data/locked/2026-09-07/zyf_unfocus1_20260907.edf,unfocus,focus,60.0,64.0
lyc_personal,lyc personal model,zyf,20260907_zyf_unfocus_01,data/locked/2026-09-07/zyf_unfocus1_20260907.edf,unfocus,focus,62.0,66.0
lyc_personal,lyc personal model,zyf,20260907_zyf_unfocus_01,data/locked/2026-09-07/zyf_unfocus1_20260907.edf,unfocus,focus,64.0,68.0
lyc_personal,lyc personal model,zyf,20260907_zyf_unfocus_01,data/locked/2026-09-07/zyf_unfocus1_20260907.edf,unfocus,focus,66.0,70.0
lyc_personal,lyc personal model,zyf,20260907_zyf_unfocus_01,data/locked/2026-09-07/zyf_unfocus1_20260907.edf,unfocus,focus,68.0,72.0
lyc_personal,lyc personal model,zyf,20260907_zyf_unfocus_01,data/locked/2026-09-07/zyf_unfocus1_20260907.edf,unfocus,focus,70.0,74.0
lyc_personal,lyc personal model,zyf,20260907_zyf_unfocus_01,data/locked/2026-09-07/zyf_unfocus1_20260907.edf,unfocus,focus,72.0,76.0
lyc_personal,lyc personal model,zyf,20260907_zyf_unfocus_01,data/locked/2026-09-07/zyf_unfocus1_20260907.edf,unfocus,focus,74.0,78.0
lyc_personal,lyc personal model,zyf,20260907_zyf_unfocus_01,data/locked/2026-09-07/zyf_unfocus1_20260907.edf,unfocus,focus,76.0,80.0
lyc_personal,lyc personal model,zyf,20260907_zyf_unfocus_01,data/locked/2026-09-07/zyf_unfocus1_20260907.edf,unfocus,focus,78.0,82.0
lyc_personal,lyc personal model,zyf,20260907_zyf_unfocus_01,data/locked/2026-09-07/zyf_unfocus1_20260907.edf,unfocus,focus,80.0,84.0
lyc_personal,lyc personal model,zyf,20260907_zyf_unfocus_01,data/locked/2026-09-07/zyf_unfocus1_20260907.edf,unfocus,focus,82.0,86.0
lyc_personal,lyc personal model,zyf,20260907_zyf_unfocus_01,data/locked/2026-09-07/zyf_unfocus1_20260907.edf,unfocus,focus,84.0,88.0
lyc_personal,lyc personal model,zyf,20260907_zyf_unfocus_01,data/locked/2026-09-07/zyf_unfocus1_20260907.edf,unfocus,focus,86.0,90.0
lyc_personal,lyc personal model,zyf,20260907_zyf_unfocus_01,data/locked/2026-09-07/zyf_unfocus1_20260907.edf,unfocus,focus,88.0,92.0
lyc_personal,lyc personal model,zyf,20260907_zyf_unfocus_01,data/locked/2026-09-07/zyf_unfocus1_20260907.edf,unfocus,focus,90.0,94.0
lyc_personal,lyc personal model,zyf,20260907_zyf_unfocus_01,data/locked/2026-09-07/zyf_unfocus1_20260907.edf,unfocus,focus,92.0,96.0
lyc_personal,lyc personal model,zyf,20260907_zyf_unfocus_01,data/locked/2026-09-07/zyf_unfocus1_20260907.edf,unfocus,focus,94.0,98.0
lyc_personal,lyc personal model,zyf,20260907_zyf_unfocus_01,data/locked/2026-09-07/zyf_unfocus1_20260907.edf,unfocus,focus,96.0,100.0
lyc_personal,lyc personal model,zyf,20260907_zyf_unfocus_01,data/locked/2026-09-07/zyf_unfocus1_20260907.edf,unfocus,focus,98.0,102.0
lyc_personal,lyc personal model,zyf,20260907_zyf_unfocus_01,data/locked/2026-09-07/zyf_unfocus1_20260907.edf,unfocus,focus,100.0,104.0
lyc_personal,lyc personal model,zyf,20260907_zyf_unfocus_01,data/locked/2026-09-07/zyf_unfocus1_20260907.edf,unfocus,focus,102.0,106.0
lyc_personal,lyc personal model,zyf,20260907_zyf_unfocus_01,data/locked/2026-09-07/zyf_unfocus1_20260907.edf,unfocus,focus,104.0,108.0
lyc_personal,lyc personal model,zyf,20260907_zyf_unfocus_01,data/locked/2026-09-07/zyf_unfocus1_20260907.edf,unfocus,focus,106.0,110.0
lyc_personal,lyc personal model,zyf,20260907_zyf_unfocus_01,data/locked/2026-09-07/zyf_unfocus1_20260907.edf,unfocus,focus,108.0,112.0
lyc_personal,lyc personal model,zyf,20260907_zyf_unfocus_01,data/locked/2026-09-07/zyf_unfocus1_20260907.edf,unfocus,focus,110.0,114.0
lyc_personal,lyc personal model,zyf,20260907_zyf_unfocus_01,data/locked/2026-09-07/zyf_unfocus1_20260907.edf,unfocus,focus,112.0,116.0
lyc_personal,lyc personal model,zyf,20260907_zyf_unfocus_01,data/locked/2026-09-07/zyf_unfocus1_20260907.edf,unfocus,focus,114.0,118.0
lyc_personal,lyc personal model,zyf,20260907_zyf_unfocus_01,data/locked/2026-09-07/zyf_unfocus1_20260907.edf,unfocus,focus,116.0,120.0
lyc_personal,lyc personal model,zyf,20260907_zyf_unfocus_01,data/locked/2026-09-07/zyf_unfocus1_20260907.edf,unfocus,focus,118.0,122.0
lyc_personal,lyc personal model,zyf,20260907_zyf_unfocus_01,data/locked/2026-09-07/zyf_unfocus1_20260907.edf,unfocus,focus,120.0,124.0
lyc_personal,lyc personal model,zyf,20260907_zyf_unfocus_01,data/locked/2026-09-07/zyf_unfocus1_20260907.edf,unfocus,focus,122.0,126.0
lyc_personal,lyc personal model,zyf,20260907_zyf_unfocus_01,data/locked/2026-09-07/zyf_unfocus1_20260907.edf,unfocus,focus,124.0,128.0
lyc_personal,lyc personal model,zyf,20260907_zyf_unfocus_01,data/locked/2026-09-07/zyf_unfocus1_20260907.edf,unfocus,focus,126.0,130.0
lyc_personal,lyc personal model,zyf,20260907_zyf_unfocus_01,data/locked/2026-09-07/zyf_unfocus1_20260907.edf,unfocus,focus,128.0,132.0
lyc_personal,lyc personal model,zyf,20260907_zyf_unfocus_01,data/locked/2026-09-07/zyf_unfocus1_20260907.edf,unfocus,unfocus,130.0,134.0
lyc_personal,lyc personal model,zyf,20260907_zyf_unfocus_01,data/locked/2026-09-07/zyf_unfocus1_20260907.edf,unfocus,focus,132.0,136.0
lyc_personal,lyc personal model,zyf,20260907_zyf_unfocus_01,data/locked/2026-09-07/zyf_unfocus1_20260907.edf,unfocus,focus,134.0,138.0
lyc_personal,lyc personal model,zyf,20260907_zyf_unfocus_01,data/locked/2026-09-07/zyf_unfocus1_20260907.edf,unfocus,focus,136.0,140.0
lyc_personal,lyc personal model,zyf,20260907_zyf_unfocus_01,data/locked/2026-09-07/zyf_unfocus1_20260907.edf,unfocus,focus,138.0,142.0
lyc_personal,lyc personal model,zyf,20260907_zyf_unfocus_01,data/locked/2026-09-07/zyf_unfocus1_20260907.edf,unfocus,focus,140.0,144.0
lyc_personal,lyc personal model,zyf,20260907_zyf_unfocus_01,data/locked/2026-09-07/zyf_unfocus1_20260907.edf,unfocus,focus,142.0,146.0
lyc_personal,lyc personal model,zyf,20260907_zyf_unfocus_01,data/locked/2026-09-07/zyf_unfocus1_20260907.edf,unfocus,focus,144.0,148.0
lyc_personal,lyc personal model,zyf,20260907_zyf_unfocus_01,data/locked/2026-09-07/zyf_unfocus1_20260907.edf,unfocus,focus,146.0,150.0
lyc_personal,lyc personal model,zyf,20260907_zyf_unfocus_01,data/locked/2026-09-07/zyf_unfocus1_20260907.edf,unfocus,focus,148.0,152.0
lyc_personal,lyc personal model,zyf,20260907_zyf_unfocus_01,data/locked/2026-09-07/zyf_unfocus1_20260907.edf,unfocus,focus,150.0,154.0
lyc_personal,lyc personal model,zyf,20260907_zyf_unfocus_01,data/locked/2026-09-07/zyf_unfocus1_20260907.edf,unfocus,focus,152.0,156.0
lyc_personal,lyc personal model,zyf,20260907_zyf_unfocus_01,data/locked/2026-09-07/zyf_unfocus1_20260907.edf,unfocus,focus,154.0,158.0
lyc_personal,lyc personal model,zyf,20260907_zyf_unfocus_01,data/locked/2026-09-07/zyf_unfocus1_20260907.edf,unfocus,focus,156.0,160.0
lyc_personal,lyc personal model,zyf,20260907_zyf_unfocus_01,data/locked/2026-09-07/zyf_unfocus1_20260907.edf,unfocus,focus,158.0,162.0
lyc_personal,lyc personal model,zyf,20260907_zyf_unfocus_01,data/locked/2026-09-07/zyf_unfocus1_20260907.edf,unfocus,focus,160.0,164.0
lyc_personal,lyc personal model,zyf,20260907_zyf_unfocus_01,data/locked/2026-09-07/zyf_unfocus1_20260907.edf,unfocus,focus,162.0,166.0
lyc_personal,lyc personal model,zyf,20260907_zyf_unfocus_01,data/locked/2026-09-07/zyf_unfocus1_20260907.edf,unfocus,focus,164.0,168.0
lyc_personal,lyc personal model,zyf,20260907_zyf_unfocus_01,data/locked/2026-09-07/zyf_unfocus1_20260907.edf,unfocus,focus,166.0,170.0
lyc_personal,lyc personal model,zyf,20260907_zyf_unfocus_01,data/locked/2026-09-07/zyf_unfocus1_20260907.edf,unfocus,focus,168.0,172.0
lyc_personal,lyc personal model,zyf,20260907_zyf_unfocus_01,data/locked/2026-09-07/zyf_unfocus1_20260907.edf,unfocus,focus,170.0,174.0
lyc_personal,lyc personal model,zyf,20260907_zyf_unfocus_01,data/locked/2026-09-07/zyf_unfocus1_20260907.edf,unfocus,focus,172.0,176.0
lyc_personal,lyc personal model,zyf,20260907_zyf_unfocus_01,data/locked/2026-09-07/zyf_unfocus1_20260907.edf,unfocus,focus,174.0,178.0
lyc_personal,lyc personal model,zyf,20260907_zyf_unfocus_01,data/locked/2026-09-07/zyf_unfocus1_20260907.edf,unfocus,focus,176.0,180.0
lyc_personal,lyc personal model,zyf,20260907_zyf_unfocus_01,data/locked/2026-09-07/zyf_unfocus1_20260907.edf,unfocus,focus,178.0,182.0
lyc_personal,lyc personal model,zyf,20260907_zyf_unfocus_01,data/locked/2026-09-07/zyf_unfocus1_20260907.edf,unfocus,focus,180.0,184.0
lyc_personal,lyc personal model,zyf,20260907_zyf_unfocus_01,data/locked/2026-09-07/zyf_unfocus1_20260907.edf,unfocus,focus,182.0,186.0
lyc_personal,lyc personal model,zyf,20260907_zyf_unfocus_01,data/locked/2026-09-07/zyf_unfocus1_20260907.edf,unfocus,focus,184.0,188.0
lyc_personal,lyc personal model,zyf,20260907_zyf_unfocus_01,data/locked/2026-09-07/zyf_unfocus1_20260907.edf,unfocus,focus,186.0,190.0
lyc_personal,lyc personal model,zyf,20260907_zyf_unfocus_01,data/locked/2026-09-07/zyf_unfocus1_20260907.edf,unfocus,focus,188.0,192.0
lyc_personal,lyc personal model,zyf,20260907_zyf_unfocus_01,data/locked/2026-09-07/zyf_unfocus1_20260907.edf,unfocus,focus,190.0,194.0
lyc_personal,lyc personal model,zyf,20260907_zyf_unfocus_01,data/locked/2026-09-07/zyf_unfocus1_20260907.edf,unfocus,focus,192.0,196.0
lyc_personal,lyc personal model,zyf,20260907_zyf_unfocus_01,data/locked/2026-09-07/zyf_unfocus1_20260907.edf,unfocus,focus,194.0,198.0
lyc_personal,lyc personal model,zyf,20260907_zyf_unfocus_01,data/locked/2026-09-07/zyf_unfocus1_20260907.edf,unfocus,focus,196.0,200.0
lyc_personal,lyc personal model,zyf,20260907_zyf_unfocus_01,data/locked/2026-09-07/zyf_unfocus1_20260907.edf,unfocus,focus,198.0,202.0
lyc_personal,lyc personal model,zyf,20260907_zyf_unfocus_01,data/locked/2026-09-07/zyf_unfocus1_20260907.edf,unfocus,focus,200.0,204.0
lyc_personal,lyc personal model,zyf,20260907_zyf_unfocus_01,data/locked/2026-09-07/zyf_unfocus1_20260907.edf,unfocus,focus,202.0,206.0
lyc_personal,lyc personal model,zyf,20260907_zyf_unfocus_01,data/locked/2026-09-07/zyf_unfocus1_20260907.edf,unfocus,focus,204.0,208.0
lyc_personal,lyc personal model,zyf,20260907_zyf_unfocus_01,data/locked/2026-09-07/zyf_unfocus1_20260907.edf,unfocus,focus,206.0,210.0
lyc_personal,lyc personal model,zyf,20260907_zyf_unfocus_01,data/locked/2026-09-07/zyf_unfocus1_20260907.edf,unfocus,focus,208.0,212.0
lyc_personal,lyc personal model,zyf,20260907_zyf_unfocus_01,data/locked/2026-09-07/zyf_unfocus1_20260907.edf,unfocus,focus,210.0,214.0
lyc_personal,lyc personal model,zyf,20260907_zyf_unfocus_01,data/locked/2026-09-07/zyf_unfocus1_20260907.edf,unfocus,focus,212.0,216.0
lyc_personal,lyc personal model,zyf,20260907_zyf_unfocus_01,data/locked/2026-09-07/zyf_unfocus1_20260907.edf,unfocus,focus,214.0,218.0
lyc_personal,lyc personal model,zyf,20260907_zyf_unfocus_01,data/locked/2026-09-07/zyf_unfocus1_20260907.edf,unfocus,focus,216.0,220.0
lyc_personal,lyc personal model,zyf,20260907_zyf_unfocus_01,data/locked/2026-09-07/zyf_unfocus1_20260907.edf,unfocus,focus,218.0,222.0
lyc_personal,lyc personal model,zyf,20260907_zyf_unfocus_01,data/locked/2026-09-07/zyf_unfocus1_20260907.edf,unfocus,focus,220.0,224.0
lyc_personal,lyc personal model,zyf,20260907_zyf_unfocus_01,data/locked/2026-09-07/zyf_unfocus1_20260907.edf,unfocus,focus,222.0,226.0
lyc_personal,lyc personal model,zyf,20260907_zyf_unfocus_01,data/locked/2026-09-07/zyf_unfocus1_20260907.edf,unfocus,focus,224.0,228.0
lyc_personal,lyc personal model,zyf,20260907_zyf_unfocus_01,data/locked/2026-09-07/zyf_unfocus1_20260907.edf,unfocus,focus,226.0,230.0
lyc_personal,lyc personal model,zyf,20260907_zyf_unfocus_01,data/locked/2026-09-07/zyf_unfocus1_20260907.edf,unfocus,focus,228.0,232.0
lyc_personal,lyc personal model,zyf,20260907_zyf_unfocus_01,data/locked/2026-09-07/zyf_unfocus1_20260907.edf,unfocus,focus,230.0,234.0
lyc_personal,lyc personal model,zyf,20260907_zyf_unfocus_01,data/locked/2026-09-07/zyf_unfocus1_20260907.edf,unfocus,focus,232.0,236.0
lyc_personal,lyc personal model,zyf,20260907_zyf_unfocus_01,data/locked/2026-09-07/zyf_unfocus1_20260907.edf,unfocus,focus,234.0,238.0
lyc_personal,lyc personal model,zyf,20260907_zyf_unfocus_01,data/locked/2026-09-07/zyf_unfocus1_20260907.edf,unfocus,unfocus,236.0,240.0
lyc_personal,lyc personal model,zyf,20260907_zyf_unfocus_01,data/locked/2026-09-07/zyf_unfocus1_20260907.edf,unfocus,unfocus,238.0,242.0
lyc_personal,lyc personal model,zyf,20260907_zyf_unfocus_01,data/locked/2026-09-07/zyf_unfocus1_20260907.edf,unfocus,focus,240.0,244.0
lyc_personal,lyc personal model,zyf,20260907_zyf_unfocus_01,data/locked/2026-09-07/zyf_unfocus1_20260907.edf,unfocus,focus,242.0,246.0
lyc_personal,lyc personal model,zyf,20260907_zyf_unfocus_01,data/locked/2026-09-07/zyf_unfocus1_20260907.edf,unfocus,focus,244.0,248.0
lyc_personal,lyc personal model,zyf,20260907_zyf_unfocus_01,data/locked/2026-09-07/zyf_unfocus1_20260907.edf,unfocus,focus,246.0,250.0
lyc_personal,lyc personal model,zyf,20260907_zyf_unfocus_01,data/locked/2026-09-07/zyf_unfocus1_20260907.edf,unfocus,focus,248.0,252.0
lyc_personal,lyc personal model,zyf,20260907_zyf_unfocus_01,data/locked/2026-09-07/zyf_unfocus1_20260907.edf,unfocus,focus,250.0,254.0
lyc_personal,lyc personal model,zyf,20260907_zyf_unfocus_01,data/locked/2026-09-07/zyf_unfocus1_20260907.edf,unfocus,focus,252.0,256.0
lyc_personal,lyc personal model,zyf,20260907_zyf_unfocus_01,data/locked/2026-09-07/zyf_unfocus1_20260907.edf,unfocus,focus,254.0,258.0
lyc_personal,lyc personal model,zyf,20260907_zyf_unfocus_01,data/locked/2026-09-07/zyf_unfocus1_20260907.edf,unfocus,focus,256.0,260.0
lyc_personal,lyc personal model,zyf,20260907_zyf_unfocus_01,data/locked/2026-09-07/zyf_unfocus1_20260907.edf,unfocus,focus,258.0,262.0
lyc_personal,lyc personal model,zyf,20260907_zyf_unfocus_01,data/locked/2026-09-07/zyf_unfocus1_20260907.edf,unfocus,focus,260.0,264.0
lyc_personal,lyc personal model,zyf,20260907_zyf_unfocus_01,data/locked/2026-09-07/zyf_unfocus1_20260907.edf,unfocus,focus,262.0,266.0
lyc_personal,lyc personal model,zyf,20260907_zyf_unfocus_01,data/locked/2026-09-07/zyf_unfocus1_20260907.edf,unfocus,unfocus,264.0,268.0
lyc_personal,lyc personal model,zyf,20260907_zyf_unfocus_01,data/locked/2026-09-07/zyf_unfocus1_20260907.edf,unfocus,focus,266.0,270.0
lyc_personal,lyc personal model,zyf,20260907_zyf_unfocus_01,data/locked/2026-09-07/zyf_unfocus1_20260907.edf,unfocus,focus,268.0,272.0
lyc_personal,lyc personal model,zyf,20260907_zyf_unfocus_01,data/locked/2026-09-07/zyf_unfocus1_20260907.edf,unfocus,focus,270.0,274.0
lyc_personal,lyc personal model,zyf,20260907_zyf_unfocus_01,data/locked/2026-09-07/zyf_unfocus1_20260907.edf,unfocus,unfocus,272.0,276.0
lyc_personal,lyc personal model,zyf,20260907_zyf_unfocus_01,data/locked/2026-09-07/zyf_unfocus1_20260907.edf,unfocus,focus,274.0,278.0
lyc_personal,lyc personal model,zyf,20260907_zyf_unfocus_01,data/locked/2026-09-07/zyf_unfocus1_20260907.edf,unfocus,focus,276.0,280.0
lyc_personal,lyc personal model,zyf,20260907_zyf_unfocus_01,data/locked/2026-09-07/zyf_unfocus1_20260907.edf,unfocus,focus,278.0,282.0
lyc_personal,lyc personal model,zyf,20260907_zyf_unfocus_01,data/locked/2026-09-07/zyf_unfocus1_20260907.edf,unfocus,focus,280.0,284.0
lyc_personal,lyc personal model,zyf,20260907_zyf_unfocus_01,data/locked/2026-09-07/zyf_unfocus1_20260907.edf,unfocus,focus,282.0,286.0
lyc_personal,lyc personal model,zyf,20260907_zyf_unfocus_01,data/locked/2026-09-07/zyf_unfocus1_20260907.edf,unfocus,focus,284.0,288.0
lyc_personal,lyc personal model,zyf,20260907_zyf_unfocus_01,data/locked/2026-09-07/zyf_unfocus1_20260907.edf,unfocus,focus,286.0,290.0
lyc_personal,lyc personal model,zyf,20260907_zyf_unfocus_01,data/locked/2026-09-07/zyf_unfocus1_20260907.edf,unfocus,focus,288.0,292.0
lyc_personal,lyc personal model,zyf,20260907_zyf_unfocus_01,data/locked/2026-09-07/zyf_unfocus1_20260907.edf,unfocus,focus,290.0,294.0
lyc_personal,lyc personal model,zyf,20260907_zyf_unfocus_01,data/locked/2026-09-07/zyf_unfocus1_20260907.edf,unfocus,focus,292.0,296.0
lyc_personal,lyc personal model,zyf,20260907_zyf_unfocus_01,data/locked/2026-09-07/zyf_unfocus1_20260907.edf,unfocus,focus,294.0,298.0
lyc_personal,lyc personal model,zyf,20260907_zyf_unfocus_01,data/locked/2026-09-07/zyf_unfocus1_20260907.edf,unfocus,focus,296.0,300.0
lyc_personal,lyc personal model,zyf,20260907_zyf_unfocus_01,data/locked/2026-09-07/zyf_unfocus1_20260907.edf,unfocus,focus,298.0,302.0
lyc_personal,lyc personal model,zyf,20260907_zyf_unfocus_01,data/locked/2026-09-07/zyf_unfocus1_20260907.edf,unfocus,focus,300.0,304.0
lyc_personal,lyc personal model,zyf,20260907_zyf_unfocus_01,data/locked/2026-09-07/zyf_unfocus1_20260907.edf,unfocus,focus,302.0,306.0
lyc_personal,lyc personal model,zyf,20260907_zyf_unfocus_01,data/locked/2026-09-07/zyf_unfocus1_20260907.edf,unfocus,focus,304.0,308.0
lyc_personal,lyc personal model,zyf,20260907_zyf_unfocus_01,data/locked/2026-09-07/zyf_unfocus1_20260907.edf,unfocus,focus,306.0,310.0
lyc_personal,lyc personal model,zyf,20260907_zyf_unfocus_01,data/locked/2026-09-07/zyf_unfocus1_20260907.edf,unfocus,focus,308.0,312.0
lyc_personal,lyc personal model,zyf,20260907_zyf_unfocus_01,data/locked/2026-09-07/zyf_unfocus1_20260907.edf,unfocus,focus,310.0,314.0
lyc_personal,lyc personal model,zyf,20260907_zyf_unfocus_01,data/locked/2026-09-07/zyf_unfocus1_20260907.edf,unfocus,focus,312.0,316.0
lyc_personal,lyc personal model,zyf,20260907_zyf_unfocus_01,data/locked/2026-09-07/zyf_unfocus1_20260907.edf,unfocus,focus,314.0,318.0
lyc_personal,lyc personal model,zyf,20260907_zyf_unfocus_01,data/locked/2026-09-07/zyf_unfocus1_20260907.edf,unfocus,focus,316.0,320.0
lyc_personal,lyc personal model,zyf,20260907_zyf_unfocus_01,data/locked/2026-09-07/zyf_unfocus1_20260907.edf,unfocus,focus,318.0,322.0
lyc_personal,lyc personal model,zyf,20260907_zyf_unfocus_01,data/locked/2026-09-07/zyf_unfocus1_20260907.edf,unfocus,focus,320.0,324.0
lyc_personal,lyc personal model,zyf,20260907_zyf_unfocus_01,data/locked/2026-09-07/zyf_unfocus1_20260907.edf,unfocus,focus,322.0,326.0
lyc_personal,lyc personal model,zyf,20260907_zyf_unfocus_01,data/locked/2026-09-07/zyf_unfocus1_20260907.edf,unfocus,focus,324.0,328.0
lyc_personal,lyc personal model,zyf,20260907_zyf_unfocus_01,data/locked/2026-09-07/zyf_unfocus1_20260907.edf,unfocus,focus,326.0,330.0
lyc_personal,lyc personal model,zyf,20260907_zyf_unfocus_01,data/locked/2026-09-07/zyf_unfocus1_20260907.edf,unfocus,focus,328.0,332.0
lyc_personal,lyc personal model,zyf,20260907_zyf_unfocus_01,data/locked/2026-09-07/zyf_unfocus1_20260907.edf,unfocus,focus,330.0,334.0
lyc_personal,lyc personal model,zyf,20260907_zyf_unfocus_01,data/locked/2026-09-07/zyf_unfocus1_20260907.edf,unfocus,focus,332.0,336.0
lyc_personal,lyc personal model,zyf,20260907_zyf_unfocus_01,data/locked/2026-09-07/zyf_unfocus1_20260907.edf,unfocus,focus,334.0,338.0
lyc_personal,lyc personal model,zyf,20260907_zyf_unfocus_01,data/locked/2026-09-07/zyf_unfocus1_20260907.edf,unfocus,focus,336.0,340.0
lyc_personal,lyc personal model,zyf,20260907_zyf_unfocus_01,data/locked/2026-09-07/zyf_unfocus1_20260907.edf,unfocus,focus,338.0,342.0
lyc_personal,lyc personal model,zyf,20260907_zyf_unfocus_01,data/locked/2026-09-07/zyf_unfocus1_20260907.edf,unfocus,focus,340.0,344.0
lyc_personal,lyc personal model,zyf,20260907_zyf_unfocus_01,data/locked/2026-09-07/zyf_unfocus1_20260907.edf,unfocus,focus,342.0,346.0
lyc_personal,lyc personal model,zyf,20260907_zyf_unfocus_01,data/locked/2026-09-07/zyf_unfocus1_20260907.edf,unfocus,focus,344.0,348.0
lyc_personal,lyc personal model,zyf,20260907_zyf_unfocus_01,data/locked/2026-09-07/zyf_unfocus1_20260907.edf,unfocus,focus,346.0,350.0
lyc_personal,lyc personal model,zyf,20260907_zyf_unfocus_01,data/locked/2026-09-07/zyf_unfocus1_20260907.edf,unfocus,focus,348.0,352.0
lyc_personal,lyc personal model,zyf,20260907_zyf_unfocus_01,data/locked/2026-09-07/zyf_unfocus1_20260907.edf,unfocus,focus,350.0,354.0
lyc_personal,lyc personal model,zyf,20260907_zyf_unfocus_01,data/locked/2026-09-07/zyf_unfocus1_20260907.edf,unfocus,focus,352.0,356.0
lyc_personal,lyc personal model,zyf,20260907_zyf_unfocus_01,data/locked/2026-09-07/zyf_unfocus1_20260907.edf,unfocus,focus,354.0,358.0
lyc_personal,lyc personal model,zyf,20260907_zyf_unfocus_01,data/locked/2026-09-07/zyf_unfocus1_20260907.edf,unfocus,focus,356.0,360.0
lyc_personal,lyc personal model,zyf,20260907_zyf_unfocus_01,data/locked/2026-09-07/zyf_unfocus1_20260907.edf,unfocus,focus,358.0,362.0
lyc_personal,lyc personal model,zyf,20260907_zyf_unfocus_01,data/locked/2026-09-07/zyf_unfocus1_20260907.edf,unfocus,focus,360.0,364.0
lyc_personal,lyc personal model,zyf,20260907_zyf_unfocus_01,data/locked/2026-09-07/zyf_unfocus1_20260907.edf,unfocus,focus,362.0,366.0
lyc_personal,lyc personal model,zyf,20260907_zyf_unfocus_01,data/locked/2026-09-07/zyf_unfocus1_20260907.edf,unfocus,focus,364.0,368.0
lyc_personal,lyc personal model,zyf,20260907_zyf_unfocus_01,data/locked/2026-09-07/zyf_unfocus1_20260907.edf,unfocus,focus,366.0,370.0
lyc_personal,lyc personal model,zyf,20260907_zyf_unfocus_01,data/locked/2026-09-07/zyf_unfocus1_20260907.edf,unfocus,focus,368.0,372.0
lyc_personal,lyc personal model,zyf,20260907_zyf_unfocus_01,data/locked/2026-09-07/zyf_unfocus1_20260907.edf,unfocus,focus,370.0,374.0
lyc_personal,lyc personal model,zyf,20260907_zyf_unfocus_01,data/locked/2026-09-07/zyf_unfocus1_20260907.edf,unfocus,focus,372.0,376.0
lyc_personal,lyc personal model,zyf,20260907_zyf_unfocus_01,data/locked/2026-09-07/zyf_unfocus1_20260907.edf,unfocus,focus,374.0,378.0
lyc_personal,lyc personal model,zyf,20260907_zyf_unfocus_01,data/locked/2026-09-07/zyf_unfocus1_20260907.edf,unfocus,focus,376.0,380.0
lyc_personal,lyc personal model,zyf,20260907_zyf_unfocus_01,data/locked/2026-09-07/zyf_unfocus1_20260907.edf,unfocus,focus,378.0,382.0
lyc_personal,lyc personal model,zyf,20260907_zyf_unfocus_01,data/locked/2026-09-07/zyf_unfocus1_20260907.edf,unfocus,focus,380.0,384.0
lyc_personal,lyc personal model,zyf,20260907_zyf_unfocus_01,data/locked/2026-09-07/zyf_unfocus1_20260907.edf,unfocus,focus,382.0,386.0
lyc_personal,lyc personal model,zyf,20260907_zyf_unfocus_01,data/locked/2026-09-07/zyf_unfocus1_20260907.edf,unfocus,focus,384.0,388.0
lyc_personal,lyc personal model,zyf,20260907_zyf_unfocus_01,data/locked/2026-09-07/zyf_unfocus1_20260907.edf,unfocus,focus,386.0,390.0
lyc_personal,lyc personal model,zyf,20260907_zyf_unfocus_01,data/locked/2026-09-07/zyf_unfocus1_20260907.edf,unfocus,focus,388.0,392.0
lyc_personal,lyc personal model,zyf,20260907_zyf_unfocus_01,data/locked/2026-09-07/zyf_unfocus1_20260907.edf,unfocus,unfocus,390.0,394.0
lyc_personal,lyc personal model,zyf,20260907_zyf_unfocus_01,data/locked/2026-09-07/zyf_unfocus1_20260907.edf,unfocus,focus,392.0,396.0
lyc_personal,lyc personal model,zyf,20260907_zyf_unfocus_01,data/locked/2026-09-07/zyf_unfocus1_20260907.edf,unfocus,focus,394.0,398.0
lyc_personal,lyc personal model,zyf,20260907_zyf_unfocus_01,data/locked/2026-09-07/zyf_unfocus1_20260907.edf,unfocus,focus,396.0,400.0
lyc_personal,lyc personal model,zyf,20260907_zyf_unfocus_01,data/locked/2026-09-07/zyf_unfocus1_20260907.edf,unfocus,focus,398.0,402.0
lyc_personal,lyc personal model,zyf,20260907_zyf_unfocus_01,data/locked/2026-09-07/zyf_unfocus1_20260907.edf,unfocus,focus,400.0,404.0
lyc_personal,lyc personal model,zyf,20260907_zyf_unfocus_01,data/locked/2026-09-07/zyf_unfocus1_20260907.edf,unfocus,focus,402.0,406.0
lyc_personal,lyc personal model,zyf,20260907_zyf_unfocus_01,data/locked/2026-09-07/zyf_unfocus1_20260907.edf,unfocus,focus,404.0,408.0
lyc_personal,lyc personal model,zyf,20260907_zyf_unfocus_01,data/locked/2026-09-07/zyf_unfocus1_20260907.edf,unfocus,focus,406.0,410.0
lyc_personal,lyc personal model,zyf,20260907_zyf_unfocus_01,data/locked/2026-09-07/zyf_unfocus1_20260907.edf,unfocus,focus,408.0,412.0
lyc_personal,lyc personal model,zyf,20260907_zyf_unfocus_01,data/locked/2026-09-07/zyf_unfocus1_20260907.edf,unfocus,focus,410.0,414.0
lyc_personal,lyc personal model,zyf,20260907_zyf_unfocus_01,data/locked/2026-09-07/zyf_unfocus1_20260907.edf,unfocus,focus,412.0,416.0
lyc_personal,lyc personal model,zyf,20260907_zyf_unfocus_01,data/locked/2026-09-07/zyf_unfocus1_20260907.edf,unfocus,focus,414.0,418.0
lyc_personal,lyc personal model,zyf,20260907_zyf_unfocus_01,data/locked/2026-09-07/zyf_unfocus1_20260907.edf,unfocus,focus,416.0,420.0
lyc_personal,lyc personal model,zyf,20260907_zyf_unfocus_01,data/locked/2026-09-07/zyf_unfocus1_20260907.edf,unfocus,focus,418.0,422.0
lyc_personal,lyc personal model,zyf,20260907_zyf_unfocus_01,data/locked/2026-09-07/zyf_unfocus1_20260907.edf,unfocus,focus,420.0,424.0
lyc_personal,lyc personal model,zyf,20260907_zyf_unfocus_01,data/locked/2026-09-07/zyf_unfocus1_20260907.edf,unfocus,focus,422.0,426.0
lyc_personal,lyc personal model,zyf,20260907_zyf_unfocus_01,data/locked/2026-09-07/zyf_unfocus1_20260907.edf,unfocus,focus,424.0,428.0
lyc_personal,lyc personal model,zyf,20260907_zyf_unfocus_01,data/locked/2026-09-07/zyf_unfocus1_20260907.edf,unfocus,focus,426.0,430.0
lyc_personal,lyc personal model,zyf,20260907_zyf_unfocus_01,data/locked/2026-09-07/zyf_unfocus1_20260907.edf,unfocus,focus,428.0,432.0
lyc_personal,lyc personal model,zyf,20260907_zyf_unfocus_01,data/locked/2026-09-07/zyf_unfocus1_20260907.edf,unfocus,focus,430.0,434.0
lyc_personal,lyc personal model,zyf,20260907_zyf_unfocus_01,data/locked/2026-09-07/zyf_unfocus1_20260907.edf,unfocus,focus,432.0,436.0
lyc_personal,lyc personal model,zyf,20260907_zyf_unfocus_01,data/locked/2026-09-07/zyf_unfocus1_20260907.edf,unfocus,focus,434.0,438.0
lyc_personal,lyc personal model,zyf,20260907_zyf_unfocus_01,data/locked/2026-09-07/zyf_unfocus1_20260907.edf,unfocus,focus,436.0,440.0
lyc_personal,lyc personal model,zyf,20260907_zyf_unfocus_01,data/locked/2026-09-07/zyf_unfocus1_20260907.edf,unfocus,focus,438.0,442.0
lyc_personal,lyc personal model,zyf,20260907_zyf_unfocus_01,data/locked/2026-09-07/zyf_unfocus1_20260907.edf,unfocus,focus,440.0,444.0
lyc_personal,lyc personal model,zyf,20260907_zyf_unfocus_01,data/locked/2026-09-07/zyf_unfocus1_20260907.edf,unfocus,focus,442.0,446.0
lyc_personal,lyc personal model,zyf,20260907_zyf_unfocus_01,data/locked/2026-09-07/zyf_unfocus1_20260907.edf,unfocus,focus,444.0,448.0
lyc_personal,lyc personal model,zyf,20260907_zyf_unfocus_01,data/locked/2026-09-07/zyf_unfocus1_20260907.edf,unfocus,focus,446.0,450.0
lyc_personal,lyc personal model,zyf,20260907_zyf_unfocus_01,data/locked/2026-09-07/zyf_unfocus1_20260907.edf,unfocus,focus,448.0,452.0
lyc_personal,lyc personal model,zyf,20260907_zyf_unfocus_01,data/locked/2026-09-07/zyf_unfocus1_20260907.edf,unfocus,focus,450.0,454.0
lyc_personal,lyc personal model,zyf,20260907_zyf_unfocus_01,data/locked/2026-09-07/zyf_unfocus1_20260907.edf,unfocus,focus,452.0,456.0
lyc_personal,lyc personal model,zyf,20260907_zyf_unfocus_01,data/locked/2026-09-07/zyf_unfocus1_20260907.edf,unfocus,focus,454.0,458.0
lyc_personal,lyc personal model,zyf,20260907_zyf_unfocus_01,data/locked/2026-09-07/zyf_unfocus1_20260907.edf,unfocus,focus,456.0,460.0
lyc_personal,lyc personal model,zyf,20260907_zyf_unfocus_01,data/locked/2026-09-07/zyf_unfocus1_20260907.edf,unfocus,focus,458.0,462.0
lyc_personal,lyc personal model,zyf,20260907_zyf_unfocus_01,data/locked/2026-09-07/zyf_unfocus1_20260907.edf,unfocus,focus,460.0,464.0
lyc_personal,lyc personal model,zyf,20260907_zyf_unfocus_01,data/locked/2026-09-07/zyf_unfocus1_20260907.edf,unfocus,focus,462.0,466.0
lyc_personal,lyc personal model,zyf,20260907_zyf_unfocus_01,data/locked/2026-09-07/zyf_unfocus1_20260907.edf,unfocus,focus,464.0,468.0
lyc_personal,lyc personal model,zyf,20260907_zyf_unfocus_01,data/locked/2026-09-07/zyf_unfocus1_20260907.edf,unfocus,focus,466.0,470.0
lyc_personal,lyc personal model,zyf,20260907_zyf_unfocus_01,data/locked/2026-09-07/zyf_unfocus1_20260907.edf,unfocus,focus,468.0,472.0
lyc_personal,lyc personal model,zyf,20260907_zyf_unfocus_01,data/locked/2026-09-07/zyf_unfocus1_20260907.edf,unfocus,focus,470.0,474.0
lyc_personal,lyc personal model,zyf,20260907_zyf_unfocus_01,data/locked/2026-09-07/zyf_unfocus1_20260907.edf,unfocus,focus,472.0,476.0
lyc_personal,lyc personal model,zyf,20260907_zyf_unfocus_01,data/locked/2026-09-07/zyf_unfocus1_20260907.edf,unfocus,focus,474.0,478.0
lyc_personal,lyc personal model,zyf,20260907_zyf_unfocus_01,data/locked/2026-09-07/zyf_unfocus1_20260907.edf,unfocus,focus,476.0,480.0
lyc_personal,lyc personal model,zyf,20260907_zyf_unfocus_01,data/locked/2026-09-07/zyf_unfocus1_20260907.edf,unfocus,focus,478.0,482.0
lyc_personal,lyc personal model,zyf,20260907_zyf_unfocus_01,data/locked/2026-09-07/zyf_unfocus1_20260907.edf,unfocus,focus,480.0,484.0
lyc_personal,lyc personal model,zyf,20260907_zyf_unfocus_01,data/locked/2026-09-07/zyf_unfocus1_20260907.edf,unfocus,focus,482.0,486.0
lyc_personal,lyc personal model,zyf,20260907_zyf_unfocus_01,data/locked/2026-09-07/zyf_unfocus1_20260907.edf,unfocus,focus,484.0,488.0
lyc_personal,lyc personal model,zyf,20260907_zyf_unfocus_01,data/locked/2026-09-07/zyf_unfocus1_20260907.edf,unfocus,focus,486.0,490.0
lyc_personal,lyc personal model,zyf,20260907_zyf_unfocus_01,data/locked/2026-09-07/zyf_unfocus1_20260907.edf,unfocus,focus,488.0,492.0
lyc_personal,lyc personal model,zyf,20260907_zyf_unfocus_01,data/locked/2026-09-07/zyf_unfocus1_20260907.edf,unfocus,focus,490.0,494.0
lyc_personal,lyc personal model,zyf,20260907_zyf_unfocus_01,data/locked/2026-09-07/zyf_unfocus1_20260907.edf,unfocus,focus,492.0,496.0
lyc_personal,lyc personal model,zyf,20260907_zyf_unfocus_01,data/locked/2026-09-07/zyf_unfocus1_20260907.edf,unfocus,focus,494.0,498.0
lyc_personal,lyc personal model,zyf,20260907_zyf_unfocus_01,data/locked/2026-09-07/zyf_unfocus1_20260907.edf,unfocus,focus,496.0,500.0
lyc_personal,lyc personal model,zyf,20260907_zyf_unfocus_01,data/locked/2026-09-07/zyf_unfocus1_20260907.edf,unfocus,focus,498.0,502.0
lyc_personal,lyc personal model,zyf,20260907_zyf_unfocus_01,data/locked/2026-09-07/zyf_unfocus1_20260907.edf,unfocus,focus,500.0,504.0
lyc_personal,lyc personal model,zyf,20260907_zyf_unfocus_01,data/locked/2026-09-07/zyf_unfocus1_20260907.edf,unfocus,focus,502.0,506.0
lyc_personal,lyc personal model,zyf,20260907_zyf_unfocus_01,data/locked/2026-09-07/zyf_unfocus1_20260907.edf,unfocus,focus,504.0,508.0
lyc_personal,lyc personal model,zyf,20260907_zyf_unfocus_01,data/locked/2026-09-07/zyf_unfocus1_20260907.edf,unfocus,focus,506.0,510.0
lyc_personal,lyc personal model,zyf,20260907_zyf_unfocus_01,data/locked/2026-09-07/zyf_unfocus1_20260907.edf,unfocus,focus,508.0,512.0
lyc_personal,lyc personal model,zyf,20260907_zyf_unfocus_01,data/locked/2026-09-07/zyf_unfocus1_20260907.edf,unfocus,focus,510.0,514.0
lyc_personal,lyc personal model,zyf,20260907_zyf_unfocus_01,data/locked/2026-09-07/zyf_unfocus1_20260907.edf,unfocus,focus,512.0,516.0
lyc_personal,lyc personal model,zyf,20260907_zyf_unfocus_01,data/locked/2026-09-07/zyf_unfocus1_20260907.edf,unfocus,focus,514.0,518.0
lyc_personal,lyc personal model,zyf,20260907_zyf_unfocus_01,data/locked/2026-09-07/zyf_unfocus1_20260907.edf,unfocus,focus,516.0,520.0
lyc_personal,lyc personal model,zyf,20260907_zyf_unfocus_01,data/locked/2026-09-07/zyf_unfocus1_20260907.edf,unfocus,focus,518.0,522.0
lyc_personal,lyc personal model,zyf,20260907_zyf_unfocus_01,data/locked/2026-09-07/zyf_unfocus1_20260907.edf,unfocus,focus,520.0,524.0
lyc_personal,lyc personal model,zyf,20260907_zyf_unfocus_01,data/locked/2026-09-07/zyf_unfocus1_20260907.edf,unfocus,focus,522.0,526.0
lyc_personal,lyc personal model,zyf,20260907_zyf_unfocus_01,data/locked/2026-09-07/zyf_unfocus1_20260907.edf,unfocus,focus,524.0,528.0
lyc_personal,lyc personal model,zyf,20260907_zyf_unfocus_01,data/locked/2026-09-07/zyf_unfocus1_20260907.edf,unfocus,focus,526.0,530.0
lyc_personal,lyc personal model,zyf,20260907_zyf_unfocus_01,data/locked/2026-09-07/zyf_unfocus1_20260907.edf,unfocus,unfocus,528.0,532.0
lyc_personal,lyc personal model,zyf,20260907_zyf_unfocus_01,data/locked/2026-09-07/zyf_unfocus1_20260907.edf,unfocus,focus,530.0,534.0
lyc_personal,lyc personal model,zyf,20260907_zyf_unfocus_01,data/locked/2026-09-07/zyf_unfocus1_20260907.edf,unfocus,focus,532.0,536.0
lyc_personal,lyc personal model,zyf,20260907_zyf_unfocus_01,data/locked/2026-09-07/zyf_unfocus1_20260907.edf,unfocus,focus,534.0,538.0
lyc_personal,lyc personal model,zyf,20260907_zyf_unfocus_01,data/locked/2026-09-07/zyf_unfocus1_20260907.edf,unfocus,focus,536.0,540.0
lyc_personal,lyc personal model,zyf,20260907_zyf_unfocus_01,data/locked/2026-09-07/zyf_unfocus1_20260907.edf,unfocus,focus,538.0,542.0
lyc_personal,lyc personal model,zyf,20260907_zyf_unfocus_01,data/locked/2026-09-07/zyf_unfocus1_20260907.edf,unfocus,unfocus,540.0,544.0
lyc_personal,lyc personal model,zyf,20260907_zyf_unfocus_01,data/locked/2026-09-07/zyf_unfocus1_20260907.edf,unfocus,focus,542.0,546.0
lyc_personal,lyc personal model,zyf,20260907_zyf_unfocus_01,data/locked/2026-09-07/zyf_unfocus1_20260907.edf,unfocus,unfocus,544.0,548.0
lyc_personal,lyc personal model,zyf,20260907_zyf_unfocus_01,data/locked/2026-09-07/zyf_unfocus1_20260907.edf,unfocus,unfocus,546.0,550.0
lyc_personal,lyc personal model,zyf,20260907_zyf_unfocus_01,data/locked/2026-09-07/zyf_unfocus1_20260907.edf,unfocus,focus,548.0,552.0
lyc_personal,lyc personal model,zyf,20260907_zyf_unfocus_01,data/locked/2026-09-07/zyf_unfocus1_20260907.edf,unfocus,focus,550.0,554.0
lyc_personal,lyc personal model,zyf,20260907_zyf_unfocus_01,data/locked/2026-09-07/zyf_unfocus1_20260907.edf,unfocus,focus,552.0,556.0
lyc_personal,lyc personal model,zyf,20260907_zyf_unfocus_01,data/locked/2026-09-07/zyf_unfocus1_20260907.edf,unfocus,focus,554.0,558.0
lyc_personal,lyc personal model,zyf,20260907_zyf_unfocus_01,data/locked/2026-09-07/zyf_unfocus1_20260907.edf,unfocus,focus,556.0,560.0
lyc_personal,lyc personal model,zyf,20260907_zyf_unfocus_01,data/locked/2026-09-07/zyf_unfocus1_20260907.edf,unfocus,focus,558.0,562.0
lyc_personal,lyc personal model,zyf,20260907_zyf_unfocus_01,data/locked/2026-09-07/zyf_unfocus1_20260907.edf,unfocus,focus,560.0,564.0
lyc_personal,lyc personal model,zyf,20260907_zyf_unfocus_01,data/locked/2026-09-07/zyf_unfocus1_20260907.edf,unfocus,focus,562.0,566.0
lyc_personal,lyc personal model,zyf,20260907_zyf_unfocus_01,data/locked/2026-09-07/zyf_unfocus1_20260907.edf,unfocus,focus,564.0,568.0
lyc_personal,lyc personal model,zyf,20260907_zyf_unfocus_01,data/locked/2026-09-07/zyf_unfocus1_20260907.edf,unfocus,focus,566.0,570.0
lyc_personal,lyc personal model,zyf,20260907_zyf_unfocus_01,data/locked/2026-09-07/zyf_unfocus1_20260907.edf,unfocus,focus,568.0,572.0
lyc_personal,lyc personal model,zyf,20260907_zyf_unfocus_01,data/locked/2026-09-07/zyf_unfocus1_20260907.edf,unfocus,focus,570.0,574.0
lyc_personal,lyc personal model,zyf,20260907_zyf_unfocus_01,data/locked/2026-09-07/zyf_unfocus1_20260907.edf,unfocus,focus,572.0,576.0
lyc_personal,lyc personal model,zyf,20260907_zyf_unfocus_01,data/locked/2026-09-07/zyf_unfocus1_20260907.edf,unfocus,focus,574.0,578.0
lyc_personal,lyc personal model,zyf,20260907_zyf_unfocus_01,data/locked/2026-09-07/zyf_unfocus1_20260907.edf,unfocus,focus,576.0,580.0
lyc_personal,lyc personal model,zyf,20260907_zyf_unfocus_01,data/locked/2026-09-07/zyf_unfocus1_20260907.edf,unfocus,focus,578.0,582.0
lyc_personal,lyc personal model,zyf,20260907_zyf_unfocus_01,data/locked/2026-09-07/zyf_unfocus1_20260907.edf,unfocus,focus,580.0,584.0
lyc_personal,lyc personal model,zyf,20260907_zyf_unfocus_01,data/locked/2026-09-07/zyf_unfocus1_20260907.edf,unfocus,focus,582.0,586.0
lyc_personal,lyc personal model,zyf,20260907_zyf_unfocus_01,data/locked/2026-09-07/zyf_unfocus1_20260907.edf,unfocus,focus,584.0,588.0
lyc_personal,lyc personal model,zyf,20260907_zyf_unfocus_01,data/locked/2026-09-07/zyf_unfocus1_20260907.edf,unfocus,focus,586.0,590.0
lyc_personal,lyc personal model,zyf,20260907_zyf_unfocus_01,data/locked/2026-09-07/zyf_unfocus1_20260907.edf,unfocus,focus,588.0,592.0
lyc_personal,lyc personal model,zyf,20260907_zyf_unfocus_01,data/locked/2026-09-07/zyf_unfocus1_20260907.edf,unfocus,focus,590.0,594.0
lyc_personal,lyc personal model,zyf,20260907_zyf_unfocus_01,data/locked/2026-09-07/zyf_unfocus1_20260907.edf,unfocus,focus,592.0,596.0
lyc_personal,lyc personal model,zyf,20260907_zyf_unfocus_01,data/locked/2026-09-07/zyf_unfocus1_20260907.edf,unfocus,focus,594.0,598.0
lyc_personal,lyc personal model,zyf,20260907_zyf_unfocus_01,data/locked/2026-09-07/zyf_unfocus1_20260907.edf,unfocus,focus,596.0,600.0
lyc_personal,lyc personal model,zyf,20260907_zyf_unfocus_01,data/locked/2026-09-07/zyf_unfocus1_20260907.edf,unfocus,focus,598.0,602.0
lyc_personal,lyc personal model,zyf,20260907_zyf_unfocus_01,data/locked/2026-09-07/zyf_unfocus1_20260907.edf,unfocus,focus,600.0,604.0
lyc_personal,lyc personal model,zyf,20260907_zyf_unfocus_01,data/locked/2026-09-07/zyf_unfocus1_20260907.edf,unfocus,focus,602.0,606.0
lyc_personal,lyc personal model,zyf,20260907_zyf_unfocus_01,data/locked/2026-09-07/zyf_unfocus1_20260907.edf,unfocus,focus,604.0,608.0
lyc_personal,lyc personal model,zyf,20260907_zyf_unfocus_01,data/locked/2026-09-07/zyf_unfocus1_20260907.edf,unfocus,focus,606.0,610.0
lyc_personal,lyc personal model,zyf,20260907_zyf_unfocus_01,data/locked/2026-09-07/zyf_unfocus1_20260907.edf,unfocus,focus,608.0,612.0
lyc_personal,lyc personal model,zyf,20260907_zyf_unfocus_01,data/locked/2026-09-07/zyf_unfocus1_20260907.edf,unfocus,focus,610.0,614.0
lyc_personal,lyc personal model,zyf,20260907_zyf_unfocus_01,data/locked/2026-09-07/zyf_unfocus1_20260907.edf,unfocus,focus,612.0,616.0
lyc_personal,lyc personal model,zyf,20260907_zyf_unfocus_01,data/locked/2026-09-07/zyf_unfocus1_20260907.edf,unfocus,focus,614.0,618.0
lyc_personal,lyc personal model,zyf,20260907_zyf_unfocus_01,data/locked/2026-09-07/zyf_unfocus1_20260907.edf,unfocus,focus,616.0,620.0
lyc_personal,lyc personal model,zyf,20260907_zyf_unfocus_01,data/locked/2026-09-07/zyf_unfocus1_20260907.edf,unfocus,focus,618.0,622.0
lyc_personal,lyc personal model,zyf,20260907_zyf_unfocus_01,data/locked/2026-09-07/zyf_unfocus1_20260907.edf,unfocus,focus,620.0,624.0
lyc_personal,lyc personal model,zyf,20260907_zyf_unfocus_01,data/locked/2026-09-07/zyf_unfocus1_20260907.edf,unfocus,focus,622.0,626.0
lyc_personal,lyc personal model,zyf,20260907_zyf_unfocus_01,data/locked/2026-09-07/zyf_unfocus1_20260907.edf,unfocus,focus,624.0,628.0
lyc_personal,lyc personal model,zyf,20260907_zyf_unfocus_01,data/locked/2026-09-07/zyf_unfocus1_20260907.edf,unfocus,focus,626.0,630.0
lyc_personal,lyc personal model,zyf,20260907_zyf_unfocus_01,data/locked/2026-09-07/zyf_unfocus1_20260907.edf,unfocus,focus,628.0,632.0
lyc_personal,lyc personal model,zyf,20260907_zyf_unfocus_01,data/locked/2026-09-07/zyf_unfocus1_20260907.edf,unfocus,focus,630.0,634.0
lyc_personal,lyc personal model,zyf,20260907_zyf_unfocus_01,data/locked/2026-09-07/zyf_unfocus1_20260907.edf,unfocus,focus,632.0,636.0
lyc_personal,lyc personal model,zyf,20260907_zyf_unfocus_01,data/locked/2026-09-07/zyf_unfocus1_20260907.edf,unfocus,focus,634.0,638.0
lyc_personal,lyc personal model,zyf,20260907_zyf_unfocus_01,data/locked/2026-09-07/zyf_unfocus1_20260907.edf,unfocus,focus,636.0,640.0
lyc_personal,lyc personal model,zyf,20260907_zyf_unfocus_01,data/locked/2026-09-07/zyf_unfocus1_20260907.edf,unfocus,focus,638.0,642.0
lyc_personal,lyc personal model,zyf,20260907_zyf_unfocus_01,data/locked/2026-09-07/zyf_unfocus1_20260907.edf,unfocus,focus,640.0,644.0
lyc_personal,lyc personal model,zyf,20260907_zyf_unfocus_01,data/locked/2026-09-07/zyf_unfocus1_20260907.edf,unfocus,focus,642.0,646.0
lyc_personal,lyc personal model,zyf,20260907_zyf_unfocus_01,data/locked/2026-09-07/zyf_unfocus1_20260907.edf,unfocus,focus,644.0,648.0
lyc_personal,lyc personal model,zyf,20260907_zyf_unfocus_01,data/locked/2026-09-07/zyf_unfocus1_20260907.edf,unfocus,focus,646.0,650.0
lyc_personal,lyc personal model,zyf,20260907_zyf_unfocus_01,data/locked/2026-09-07/zyf_unfocus1_20260907.edf,unfocus,focus,648.0,652.0
lyc_personal,lyc personal model,zyf,20260907_zyf_unfocus_01,data/locked/2026-09-07/zyf_unfocus1_20260907.edf,unfocus,focus,650.0,654.0
lyc_personal,lyc personal model,zyf,20260907_zyf_unfocus_01,data/locked/2026-09-07/zyf_unfocus1_20260907.edf,unfocus,focus,652.0,656.0
lyc_personal,lyc personal model,zyf,20260907_zyf_unfocus_01,data/locked/2026-09-07/zyf_unfocus1_20260907.edf,unfocus,focus,654.0,658.0
lyc_personal,lyc personal model,zyf,20260907_zyf_unfocus_01,data/locked/2026-09-07/zyf_unfocus1_20260907.edf,unfocus,focus,656.0,660.0
lyc_personal,lyc personal model,zyf,20260907_zyf_unfocus_01,data/locked/2026-09-07/zyf_unfocus1_20260907.edf,unfocus,focus,658.0,662.0
lyc_personal,lyc personal model,zyf,20260907_zyf_unfocus_01,data/locked/2026-09-07/zyf_unfocus1_20260907.edf,unfocus,focus,660.0,664.0
lyc_personal,lyc personal model,zyf,20260907_zyf_unfocus_01,data/locked/2026-09-07/zyf_unfocus1_20260907.edf,unfocus,focus,662.0,666.0
lyc_personal,lyc personal model,zyf,20260907_zyf_unfocus_01,data/locked/2026-09-07/zyf_unfocus1_20260907.edf,unfocus,focus,664.0,668.0
lyc_personal,lyc personal model,zyf,20260907_zyf_unfocus_01,data/locked/2026-09-07/zyf_unfocus1_20260907.edf,unfocus,focus,666.0,670.0
lyc_personal,lyc personal model,zyf,20260907_zyf_unfocus_01,data/locked/2026-09-07/zyf_unfocus1_20260907.edf,unfocus,focus,668.0,672.0
lyc_personal,lyc personal model,zyf,20260907_zyf_unfocus_01,data/locked/2026-09-07/zyf_unfocus1_20260907.edf,unfocus,focus,670.0,674.0
lyc_personal,lyc personal model,zyf,20260907_zyf_unfocus_01,data/locked/2026-09-07/zyf_unfocus1_20260907.edf,unfocus,focus,672.0,676.0
lyc_personal,lyc personal model,zyf,20260907_zyf_unfocus_01,data/locked/2026-09-07/zyf_unfocus1_20260907.edf,unfocus,focus,674.0,678.0
lyc_personal,lyc personal model,zyf,20260907_zyf_unfocus_01,data/locked/2026-09-07/zyf_unfocus1_20260907.edf,unfocus,focus,676.0,680.0
lyc_personal,lyc personal model,zyf,20260907_zyf_unfocus_01,data/locked/2026-09-07/zyf_unfocus1_20260907.edf,unfocus,focus,678.0,682.0
lyc_personal,lyc personal model,zyf,20260907_zyf_unfocus_01,data/locked/2026-09-07/zyf_unfocus1_20260907.edf,unfocus,focus,680.0,684.0
lyc_personal,lyc personal model,zyf,20260907_zyf_unfocus_01,data/locked/2026-09-07/zyf_unfocus1_20260907.edf,unfocus,focus,682.0,686.0
lyc_personal,lyc personal model,zyf,20260907_zyf_unfocus_01,data/locked/2026-09-07/zyf_unfocus1_20260907.edf,unfocus,focus,684.0,688.0
lyc_personal,lyc personal model,zyf,20260907_zyf_unfocus_01,data/locked/2026-09-07/zyf_unfocus1_20260907.edf,unfocus,focus,686.0,690.0
lyc_personal,lyc personal model,zyf,20260907_zyf_unfocus_01,data/locked/2026-09-07/zyf_unfocus1_20260907.edf,unfocus,focus,688.0,692.0
lyc_personal,lyc personal model,zyf,20260907_zyf_unfocus_01,data/locked/2026-09-07/zyf_unfocus1_20260907.edf,unfocus,focus,690.0,694.0
lyc_personal,lyc personal model,zyf,20260907_zyf_unfocus_01,data/locked/2026-09-07/zyf_unfocus1_20260907.edf,unfocus,focus,692.0,696.0
lyc_personal,lyc personal model,zyf,20260907_zyf_unfocus_01,data/locked/2026-09-07/zyf_unfocus1_20260907.edf,unfocus,focus,694.0,698.0
lyc_personal,lyc personal model,zyf,20260907_zyf_unfocus_01,data/locked/2026-09-07/zyf_unfocus1_20260907.edf,unfocus,focus,696.0,700.0
lyc_personal,lyc personal model,zyf,20260907_zyf_unfocus_01,data/locked/2026-09-07/zyf_unfocus1_20260907.edf,unfocus,focus,698.0,702.0
lyc_personal,lyc personal model,zyf,20260907_zyf_unfocus_01,data/locked/2026-09-07/zyf_unfocus1_20260907.edf,unfocus,focus,700.0,704.0
lyc_personal,lyc personal model,zyf,20260907_zyf_unfocus_01,data/locked/2026-09-07/zyf_unfocus1_20260907.edf,unfocus,focus,702.0,706.0
lyc_personal,lyc personal model,zyf,20260907_zyf_unfocus_01,data/locked/2026-09-07/zyf_unfocus1_20260907.edf,unfocus,focus,704.0,708.0
lyc_personal,lyc personal model,zyf,20260907_zyf_unfocus_01,data/locked/2026-09-07/zyf_unfocus1_20260907.edf,unfocus,focus,706.0,710.0
lyc_personal,lyc personal model,zyf,20260907_zyf_unfocus_01,data/locked/2026-09-07/zyf_unfocus1_20260907.edf,unfocus,focus,708.0,712.0
lyc_personal,lyc personal model,zyf,20260907_zyf_unfocus_01,data/locked/2026-09-07/zyf_unfocus1_20260907.edf,unfocus,focus,710.0,714.0
lyc_personal,lyc personal model,zyf,20260907_zyf_unfocus_01,data/locked/2026-09-07/zyf_unfocus1_20260907.edf,unfocus,focus,712.0,716.0
lyc_personal,lyc personal model,zyf,20260907_zyf_unfocus_01,data/locked/2026-09-07/zyf_unfocus1_20260907.edf,unfocus,focus,714.0,718.0
lyc_personal,lyc personal model,zyf,20260907_zyf_unfocus_01,data/locked/2026-09-07/zyf_unfocus1_20260907.edf,unfocus,focus,716.0,720.0
lyc_personal,lyc personal model,zyf,20260907_zyf_unfocus_01,data/locked/2026-09-07/zyf_unfocus1_20260907.edf,unfocus,focus,718.0,722.0
lyc_personal,lyc personal model,zyf,20260907_zyf_unfocus_01,data/locked/2026-09-07/zyf_unfocus1_20260907.edf,unfocus,focus,720.0,724.0
lyc_personal,lyc personal model,zyf,20260907_zyf_unfocus_01,data/locked/2026-09-07/zyf_unfocus1_20260907.edf,unfocus,focus,722.0,726.0
lyc_personal,lyc personal model,zyf,20260907_zyf_unfocus_01,data/locked/2026-09-07/zyf_unfocus1_20260907.edf,unfocus,focus,724.0,728.0
lyc_personal,lyc personal model,zyf,20260907_zyf_unfocus_01,data/locked/2026-09-07/zyf_unfocus1_20260907.edf,unfocus,focus,726.0,730.0
lyc_personal,lyc personal model,zyf,20260907_zyf_unfocus_01,data/locked/2026-09-07/zyf_unfocus1_20260907.edf,unfocus,focus,728.0,732.0
lyc_personal,lyc personal model,zyf,20260907_zyf_unfocus_01,data/locked/2026-09-07/zyf_unfocus1_20260907.edf,unfocus,focus,730.0,734.0
lyc_personal,lyc personal model,zyf,20260907_zyf_unfocus_01,data/locked/2026-09-07/zyf_unfocus1_20260907.edf,unfocus,focus,732.0,736.0
lyc_personal,lyc personal model,zyf,20260907_zyf_unfocus_01,data/locked/2026-09-07/zyf_unfocus1_20260907.edf,unfocus,focus,734.0,738.0
lyc_personal,lyc personal model,zyf,20260907_zyf_unfocus_01,data/locked/2026-09-07/zyf_unfocus1_20260907.edf,unfocus,unfocus,736.0,740.0
lyc_personal,lyc personal model,zyf,20260907_zyf_unfocus_01,data/locked/2026-09-07/zyf_unfocus1_20260907.edf,unfocus,unfocus,738.0,742.0
lyc_personal,lyc personal model,zyf,20260907_zyf_unfocus_01,data/locked/2026-09-07/zyf_unfocus1_20260907.edf,unfocus,focus,740.0,744.0
lyc_personal,lyc personal model,zyf,20260907_zyf_unfocus_01,data/locked/2026-09-07/zyf_unfocus1_20260907.edf,unfocus,focus,742.0,746.0
lyc_personal,lyc personal model,zyf,20260907_zyf_unfocus_01,data/locked/2026-09-07/zyf_unfocus1_20260907.edf,unfocus,focus,744.0,748.0
lyc_personal,lyc personal model,zyf,20260907_zyf_unfocus_01,data/locked/2026-09-07/zyf_unfocus1_20260907.edf,unfocus,focus,746.0,750.0
lyc_personal,lyc personal model,zyf,20260907_zyf_unfocus_01,data/locked/2026-09-07/zyf_unfocus1_20260907.edf,unfocus,focus,748.0,752.0
lyc_personal,lyc personal model,zyf,20260907_zyf_unfocus_01,data/locked/2026-09-07/zyf_unfocus1_20260907.edf,unfocus,focus,750.0,754.0
lyc_personal,lyc personal model,zyf,20260907_zyf_unfocus_01,data/locked/2026-09-07/zyf_unfocus1_20260907.edf,unfocus,focus,752.0,756.0
lyc_personal,lyc personal model,zyf,20260907_zyf_unfocus_01,data/locked/2026-09-07/zyf_unfocus1_20260907.edf,unfocus,focus,754.0,758.0
lyc_personal,lyc personal model,zyf,20260907_zyf_unfocus_01,data/locked/2026-09-07/zyf_unfocus1_20260907.edf,unfocus,focus,756.0,760.0
lyc_personal,lyc personal model,zyf,20260907_zyf_unfocus_01,data/locked/2026-09-07/zyf_unfocus1_20260907.edf,unfocus,focus,758.0,762.0
lyc_personal,lyc personal model,zyf,20260907_zyf_unfocus_01,data/locked/2026-09-07/zyf_unfocus1_20260907.edf,unfocus,focus,760.0,764.0
lyc_personal,lyc personal model,zyf,20260907_zyf_unfocus_01,data/locked/2026-09-07/zyf_unfocus1_20260907.edf,unfocus,focus,762.0,766.0
lyc_personal,lyc personal model,zyf,20260907_zyf_unfocus_01,data/locked/2026-09-07/zyf_unfocus1_20260907.edf,unfocus,focus,764.0,768.0
lyc_personal,lyc personal model,zyf,20260907_zyf_unfocus_01,data/locked/2026-09-07/zyf_unfocus1_20260907.edf,unfocus,focus,766.0,770.0
lyc_personal,lyc personal model,zyf,20260907_zyf_unfocus_01,data/locked/2026-09-07/zyf_unfocus1_20260907.edf,unfocus,focus,768.0,772.0
lyc_personal,lyc personal model,zyf,20260907_zyf_unfocus_01,data/locked/2026-09-07/zyf_unfocus1_20260907.edf,unfocus,focus,770.0,774.0
lyc_personal,lyc personal model,zyf,20260907_zyf_unfocus_01,data/locked/2026-09-07/zyf_unfocus1_20260907.edf,unfocus,focus,772.0,776.0
lyc_personal,lyc personal model,zyf,20260907_zyf_unfocus_01,data/locked/2026-09-07/zyf_unfocus1_20260907.edf,unfocus,focus,774.0,778.0
lyc_personal,lyc personal model,zyf,20260907_zyf_unfocus_01,data/locked/2026-09-07/zyf_unfocus1_20260907.edf,unfocus,focus,776.0,780.0
lyc_personal,lyc personal model,zyf,20260907_zyf_unfocus_01,data/locked/2026-09-07/zyf_unfocus1_20260907.edf,unfocus,focus,778.0,782.0
lyc_personal,lyc personal model,zyf,20260907_zyf_unfocus_01,data/locked/2026-09-07/zyf_unfocus1_20260907.edf,unfocus,focus,780.0,784.0
lyc_personal,lyc personal model,zyf,20260907_zyf_unfocus_01,data/locked/2026-09-07/zyf_unfocus1_20260907.edf,unfocus,focus,782.0,786.0
lyc_personal,lyc personal model,zyf,20260907_zyf_unfocus_01,data/locked/2026-09-07/zyf_unfocus1_20260907.edf,unfocus,focus,784.0,788.0
lyc_personal,lyc personal model,zyf,20260907_zyf_unfocus_01,data/locked/2026-09-07/zyf_unfocus1_20260907.edf,unfocus,focus,786.0,790.0
lyc_personal,lyc personal model,zyf,20260907_zyf_unfocus_01,data/locked/2026-09-07/zyf_unfocus1_20260907.edf,unfocus,focus,788.0,792.0
lyc_personal,lyc personal model,zyf,20260907_zyf_unfocus_01,data/locked/2026-09-07/zyf_unfocus1_20260907.edf,unfocus,focus,790.0,794.0
lyc_personal,lyc personal model,zyf,20260907_zyf_unfocus_01,data/locked/2026-09-07/zyf_unfocus1_20260907.edf,unfocus,focus,792.0,796.0
lyc_personal,lyc personal model,zyf,20260907_zyf_unfocus_01,data/locked/2026-09-07/zyf_unfocus1_20260907.edf,unfocus,focus,794.0,798.0
lyc_personal,lyc personal model,zyf,20260907_zyf_unfocus_01,data/locked/2026-09-07/zyf_unfocus1_20260907.edf,unfocus,focus,796.0,800.0
lyc_personal,lyc personal model,zyf,20260907_zyf_unfocus_01,data/locked/2026-09-07/zyf_unfocus1_20260907.edf,unfocus,focus,798.0,802.0
lyc_personal,lyc personal model,zyf,20260907_zyf_unfocus_01,data/locked/2026-09-07/zyf_unfocus1_20260907.edf,unfocus,focus,800.0,804.0
lyc_personal,lyc personal model,zyf,20260907_zyf_unfocus_01,data/locked/2026-09-07/zyf_unfocus1_20260907.edf,unfocus,focus,802.0,806.0
lyc_personal,lyc personal model,zyf,20260907_zyf_unfocus_01,data/locked/2026-09-07/zyf_unfocus1_20260907.edf,unfocus,focus,804.0,808.0
lyc_personal,lyc personal model,zyf,20260907_zyf_unfocus_01,data/locked/2026-09-07/zyf_unfocus1_20260907.edf,unfocus,focus,806.0,810.0
lyc_personal,lyc personal model,zyf,20260907_zyf_unfocus_01,data/locked/2026-09-07/zyf_unfocus1_20260907.edf,unfocus,focus,808.0,812.0
lyc_personal,lyc personal model,zyf,20260907_zyf_unfocus_01,data/locked/2026-09-07/zyf_unfocus1_20260907.edf,unfocus,focus,810.0,814.0
lyc_personal,lyc personal model,zyf,20260907_zyf_unfocus_01,data/locked/2026-09-07/zyf_unfocus1_20260907.edf,unfocus,focus,812.0,816.0
lyc_personal,lyc personal model,zyf,20260907_zyf_unfocus_01,data/locked/2026-09-07/zyf_unfocus1_20260907.edf,unfocus,focus,814.0,818.0
lyc_personal,lyc personal model,zyf,20260907_zyf_unfocus_01,data/locked/2026-09-07/zyf_unfocus1_20260907.edf,unfocus,focus,816.0,820.0
lyc_personal,lyc personal model,zyf,20260907_zyf_unfocus_01,data/locked/2026-09-07/zyf_unfocus1_20260907.edf,unfocus,focus,818.0,822.0
lyc_personal,lyc personal model,zyf,20260907_zyf_unfocus_01,data/locked/2026-09-07/zyf_unfocus1_20260907.edf,unfocus,focus,820.0,824.0
lyc_personal,lyc personal model,zyf,20260907_zyf_unfocus_01,data/locked/2026-09-07/zyf_unfocus1_20260907.edf,unfocus,focus,822.0,826.0
lyc_personal,lyc personal model,zyf,20260907_zyf_unfocus_01,data/locked/2026-09-07/zyf_unfocus1_20260907.edf,unfocus,focus,824.0,828.0
lyc_personal,lyc personal model,zyf,20260907_zyf_unfocus_01,data/locked/2026-09-07/zyf_unfocus1_20260907.edf,unfocus,focus,826.0,830.0
lyc_personal,lyc personal model,zyf,20260907_zyf_unfocus_01,data/locked/2026-09-07/zyf_unfocus1_20260907.edf,unfocus,focus,828.0,832.0
lyc_personal,lyc personal model,zyf,20260907_zyf_unfocus_01,data/locked/2026-09-07/zyf_unfocus1_20260907.edf,unfocus,focus,830.0,834.0
lyc_personal,lyc personal model,zyf,20260907_zyf_unfocus_01,data/locked/2026-09-07/zyf_unfocus1_20260907.edf,unfocus,focus,832.0,836.0
lyc_personal,lyc personal model,zyf,20260907_zyf_unfocus_01,data/locked/2026-09-07/zyf_unfocus1_20260907.edf,unfocus,focus,834.0,838.0
lyc_personal,lyc personal model,zyf,20260907_zyf_unfocus_01,data/locked/2026-09-07/zyf_unfocus1_20260907.edf,unfocus,focus,836.0,840.0
lyc_personal,lyc personal model,zyf,20260907_zyf_unfocus_01,data/locked/2026-09-07/zyf_unfocus1_20260907.edf,unfocus,focus,838.0,842.0
lyc_personal,lyc personal model,zyf,20260907_zyf_unfocus_01,data/locked/2026-09-07/zyf_unfocus1_20260907.edf,unfocus,focus,840.0,844.0
lyc_personal,lyc personal model,zyf,20260907_zyf_unfocus_01,data/locked/2026-09-07/zyf_unfocus1_20260907.edf,unfocus,focus,842.0,846.0
lyc_personal,lyc personal model,zyf,20260907_zyf_unfocus_01,data/locked/2026-09-07/zyf_unfocus1_20260907.edf,unfocus,focus,844.0,848.0
lyc_personal,lyc personal model,zyf,20260907_zyf_unfocus_01,data/locked/2026-09-07/zyf_unfocus1_20260907.edf,unfocus,focus,846.0,850.0
lyc_personal,lyc personal model,zyf,20260907_zyf_unfocus_01,data/locked/2026-09-07/zyf_unfocus1_20260907.edf,unfocus,focus,848.0,852.0
lyc_personal,lyc personal model,zyf,20260907_zyf_unfocus_01,data/locked/2026-09-07/zyf_unfocus1_20260907.edf,unfocus,focus,850.0,854.0
lyc_personal,lyc personal model,zyf,20260907_zyf_unfocus_01,data/locked/2026-09-07/zyf_unfocus1_20260907.edf,unfocus,focus,852.0,856.0
lyc_personal,lyc personal model,zyf,20260907_zyf_unfocus_01,data/locked/2026-09-07/zyf_unfocus1_20260907.edf,unfocus,focus,854.0,858.0
lyc_personal,lyc personal model,zyf,20260907_zyf_unfocus_01,data/locked/2026-09-07/zyf_unfocus1_20260907.edf,unfocus,focus,856.0,860.0
lyc_personal,lyc personal model,zyf,20260907_zyf_unfocus_01,data/locked/2026-09-07/zyf_unfocus1_20260907.edf,unfocus,focus,858.0,862.0
lyc_personal,lyc personal model,zyf,20260907_zyf_unfocus_01,data/locked/2026-09-07/zyf_unfocus1_20260907.edf,unfocus,focus,860.0,864.0
lyc_personal,lyc personal model,zyf,20260907_zyf_unfocus_01,data/locked/2026-09-07/zyf_unfocus1_20260907.edf,unfocus,focus,862.0,866.0
lyc_personal,lyc personal model,zyf,20260907_zyf_unfocus_01,data/locked/2026-09-07/zyf_unfocus1_20260907.edf,unfocus,focus,864.0,868.0
zyf_personal,zyf personal model,zyf,20260907_zyf_unfocus_01,data/locked/2026-09-07/zyf_unfocus1_20260907.edf,unfocus,unfocus,30.0,34.0
zyf_personal,zyf personal model,zyf,20260907_zyf_unfocus_01,data/locked/2026-09-07/zyf_unfocus1_20260907.edf,unfocus,focus,32.0,36.0
zyf_personal,zyf personal model,zyf,20260907_zyf_unfocus_01,data/locked/2026-09-07/zyf_unfocus1_20260907.edf,unfocus,focus,34.0,38.0
zyf_personal,zyf personal model,zyf,20260907_zyf_unfocus_01,data/locked/2026-09-07/zyf_unfocus1_20260907.edf,unfocus,unfocus,36.0,40.0
zyf_personal,zyf personal model,zyf,20260907_zyf_unfocus_01,data/locked/2026-09-07/zyf_unfocus1_20260907.edf,unfocus,unfocus,38.0,42.0
zyf_personal,zyf personal model,zyf,20260907_zyf_unfocus_01,data/locked/2026-09-07/zyf_unfocus1_20260907.edf,unfocus,unfocus,40.0,44.0
zyf_personal,zyf personal model,zyf,20260907_zyf_unfocus_01,data/locked/2026-09-07/zyf_unfocus1_20260907.edf,unfocus,unfocus,42.0,46.0
zyf_personal,zyf personal model,zyf,20260907_zyf_unfocus_01,data/locked/2026-09-07/zyf_unfocus1_20260907.edf,unfocus,unfocus,44.0,48.0
zyf_personal,zyf personal model,zyf,20260907_zyf_unfocus_01,data/locked/2026-09-07/zyf_unfocus1_20260907.edf,unfocus,unfocus,46.0,50.0
zyf_personal,zyf personal model,zyf,20260907_zyf_unfocus_01,data/locked/2026-09-07/zyf_unfocus1_20260907.edf,unfocus,focus,48.0,52.0
zyf_personal,zyf personal model,zyf,20260907_zyf_unfocus_01,data/locked/2026-09-07/zyf_unfocus1_20260907.edf,unfocus,focus,50.0,54.0
zyf_personal,zyf personal model,zyf,20260907_zyf_unfocus_01,data/locked/2026-09-07/zyf_unfocus1_20260907.edf,unfocus,focus,52.0,56.0
zyf_personal,zyf personal model,zyf,20260907_zyf_unfocus_01,data/locked/2026-09-07/zyf_unfocus1_20260907.edf,unfocus,focus,54.0,58.0
zyf_personal,zyf personal model,zyf,20260907_zyf_unfocus_01,data/locked/2026-09-07/zyf_unfocus1_20260907.edf,unfocus,focus,56.0,60.0
zyf_personal,zyf personal model,zyf,20260907_zyf_unfocus_01,data/locked/2026-09-07/zyf_unfocus1_20260907.edf,unfocus,unfocus,58.0,62.0
zyf_personal,zyf personal model,zyf,20260907_zyf_unfocus_01,data/locked/2026-09-07/zyf_unfocus1_20260907.edf,unfocus,unfocus,60.0,64.0
zyf_personal,zyf personal model,zyf,20260907_zyf_unfocus_01,data/locked/2026-09-07/zyf_unfocus1_20260907.edf,unfocus,unfocus,62.0,66.0
zyf_personal,zyf personal model,zyf,20260907_zyf_unfocus_01,data/locked/2026-09-07/zyf_unfocus1_20260907.edf,unfocus,unfocus,64.0,68.0
zyf_personal,zyf personal model,zyf,20260907_zyf_unfocus_01,data/locked/2026-09-07/zyf_unfocus1_20260907.edf,unfocus,unfocus,66.0,70.0
zyf_personal,zyf personal model,zyf,20260907_zyf_unfocus_01,data/locked/2026-09-07/zyf_unfocus1_20260907.edf,unfocus,unfocus,68.0,72.0
zyf_personal,zyf personal model,zyf,20260907_zyf_unfocus_01,data/locked/2026-09-07/zyf_unfocus1_20260907.edf,unfocus,unfocus,70.0,74.0
zyf_personal,zyf personal model,zyf,20260907_zyf_unfocus_01,data/locked/2026-09-07/zyf_unfocus1_20260907.edf,unfocus,unfocus,72.0,76.0
zyf_personal,zyf personal model,zyf,20260907_zyf_unfocus_01,data/locked/2026-09-07/zyf_unfocus1_20260907.edf,unfocus,unfocus,74.0,78.0
zyf_personal,zyf personal model,zyf,20260907_zyf_unfocus_01,data/locked/2026-09-07/zyf_unfocus1_20260907.edf,unfocus,unfocus,76.0,80.0
zyf_personal,zyf personal model,zyf,20260907_zyf_unfocus_01,data/locked/2026-09-07/zyf_unfocus1_20260907.edf,unfocus,unfocus,78.0,82.0
zyf_personal,zyf personal model,zyf,20260907_zyf_unfocus_01,data/locked/2026-09-07/zyf_unfocus1_20260907.edf,unfocus,unfocus,80.0,84.0
zyf_personal,zyf personal model,zyf,20260907_zyf_unfocus_01,data/locked/2026-09-07/zyf_unfocus1_20260907.edf,unfocus,unfocus,82.0,86.0
zyf_personal,zyf personal model,zyf,20260907_zyf_unfocus_01,data/locked/2026-09-07/zyf_unfocus1_20260907.edf,unfocus,unfocus,84.0,88.0
zyf_personal,zyf personal model,zyf,20260907_zyf_unfocus_01,data/locked/2026-09-07/zyf_unfocus1_20260907.edf,unfocus,unfocus,86.0,90.0
zyf_personal,zyf personal model,zyf,20260907_zyf_unfocus_01,data/locked/2026-09-07/zyf_unfocus1_20260907.edf,unfocus,unfocus,88.0,92.0
zyf_personal,zyf personal model,zyf,20260907_zyf_unfocus_01,data/locked/2026-09-07/zyf_unfocus1_20260907.edf,unfocus,unfocus,90.0,94.0
zyf_personal,zyf personal model,zyf,20260907_zyf_unfocus_01,data/locked/2026-09-07/zyf_unfocus1_20260907.edf,unfocus,unfocus,92.0,96.0
zyf_personal,zyf personal model,zyf,20260907_zyf_unfocus_01,data/locked/2026-09-07/zyf_unfocus1_20260907.edf,unfocus,unfocus,94.0,98.0
zyf_personal,zyf personal model,zyf,20260907_zyf_unfocus_01,data/locked/2026-09-07/zyf_unfocus1_20260907.edf,unfocus,unfocus,96.0,100.0
zyf_personal,zyf personal model,zyf,20260907_zyf_unfocus_01,data/locked/2026-09-07/zyf_unfocus1_20260907.edf,unfocus,unfocus,98.0,102.0
zyf_personal,zyf personal model,zyf,20260907_zyf_unfocus_01,data/locked/2026-09-07/zyf_unfocus1_20260907.edf,unfocus,unfocus,100.0,104.0
zyf_personal,zyf personal model,zyf,20260907_zyf_unfocus_01,data/locked/2026-09-07/zyf_unfocus1_20260907.edf,unfocus,unfocus,102.0,106.0
zyf_personal,zyf personal model,zyf,20260907_zyf_unfocus_01,data/locked/2026-09-07/zyf_unfocus1_20260907.edf,unfocus,unfocus,104.0,108.0
zyf_personal,zyf personal model,zyf,20260907_zyf_unfocus_01,data/locked/2026-09-07/zyf_unfocus1_20260907.edf,unfocus,unfocus,106.0,110.0
zyf_personal,zyf personal model,zyf,20260907_zyf_unfocus_01,data/locked/2026-09-07/zyf_unfocus1_20260907.edf,unfocus,focus,108.0,112.0
zyf_personal,zyf personal model,zyf,20260907_zyf_unfocus_01,data/locked/2026-09-07/zyf_unfocus1_20260907.edf,unfocus,unfocus,110.0,114.0
zyf_personal,zyf personal model,zyf,20260907_zyf_unfocus_01,data/locked/2026-09-07/zyf_unfocus1_20260907.edf,unfocus,unfocus,112.0,116.0
zyf_personal,zyf personal model,zyf,20260907_zyf_unfocus_01,data/locked/2026-09-07/zyf_unfocus1_20260907.edf,unfocus,unfocus,114.0,118.0
zyf_personal,zyf personal model,zyf,20260907_zyf_unfocus_01,data/locked/2026-09-07/zyf_unfocus1_20260907.edf,unfocus,focus,116.0,120.0
zyf_personal,zyf personal model,zyf,20260907_zyf_unfocus_01,data/locked/2026-09-07/zyf_unfocus1_20260907.edf,unfocus,focus,118.0,122.0
zyf_personal,zyf personal model,zyf,20260907_zyf_unfocus_01,data/locked/2026-09-07/zyf_unfocus1_20260907.edf,unfocus,unfocus,120.0,124.0
zyf_personal,zyf personal model,zyf,20260907_zyf_unfocus_01,data/locked/2026-09-07/zyf_unfocus1_20260907.edf,unfocus,unfocus,122.0,126.0
zyf_personal,zyf personal model,zyf,20260907_zyf_unfocus_01,data/locked/2026-09-07/zyf_unfocus1_20260907.edf,unfocus,unfocus,124.0,128.0
zyf_personal,zyf personal model,zyf,20260907_zyf_unfocus_01,data/locked/2026-09-07/zyf_unfocus1_20260907.edf,unfocus,unfocus,126.0,130.0
zyf_personal,zyf personal model,zyf,20260907_zyf_unfocus_01,data/locked/2026-09-07/zyf_unfocus1_20260907.edf,unfocus,unfocus,128.0,132.0
zyf_personal,zyf personal model,zyf,20260907_zyf_unfocus_01,data/locked/2026-09-07/zyf_unfocus1_20260907.edf,unfocus,unfocus,130.0,134.0
zyf_personal,zyf personal model,zyf,20260907_zyf_unfocus_01,data/locked/2026-09-07/zyf_unfocus1_20260907.edf,unfocus,unfocus,132.0,136.0
zyf_personal,zyf personal model,zyf,20260907_zyf_unfocus_01,data/locked/2026-09-07/zyf_unfocus1_20260907.edf,unfocus,focus,134.0,138.0
zyf_personal,zyf personal model,zyf,20260907_zyf_unfocus_01,data/locked/2026-09-07/zyf_unfocus1_20260907.edf,unfocus,focus,136.0,140.0
zyf_personal,zyf personal model,zyf,20260907_zyf_unfocus_01,data/locked/2026-09-07/zyf_unfocus1_20260907.edf,unfocus,focus,138.0,142.0
zyf_personal,zyf personal model,zyf,20260907_zyf_unfocus_01,data/locked/2026-09-07/zyf_unfocus1_20260907.edf,unfocus,focus,140.0,144.0
zyf_personal,zyf personal model,zyf,20260907_zyf_unfocus_01,data/locked/2026-09-07/zyf_unfocus1_20260907.edf,unfocus,focus,142.0,146.0
zyf_personal,zyf personal model,zyf,20260907_zyf_unfocus_01,data/locked/2026-09-07/zyf_unfocus1_20260907.edf,unfocus,focus,144.0,148.0
zyf_personal,zyf personal model,zyf,20260907_zyf_unfocus_01,data/locked/2026-09-07/zyf_unfocus1_20260907.edf,unfocus,focus,146.0,150.0
zyf_personal,zyf personal model,zyf,20260907_zyf_unfocus_01,data/locked/2026-09-07/zyf_unfocus1_20260907.edf,unfocus,focus,148.0,152.0
zyf_personal,zyf personal model,zyf,20260907_zyf_unfocus_01,data/locked/2026-09-07/zyf_unfocus1_20260907.edf,unfocus,unfocus,150.0,154.0
zyf_personal,zyf personal model,zyf,20260907_zyf_unfocus_01,data/locked/2026-09-07/zyf_unfocus1_20260907.edf,unfocus,focus,152.0,156.0
zyf_personal,zyf personal model,zyf,20260907_zyf_unfocus_01,data/locked/2026-09-07/zyf_unfocus1_20260907.edf,unfocus,focus,154.0,158.0
zyf_personal,zyf personal model,zyf,20260907_zyf_unfocus_01,data/locked/2026-09-07/zyf_unfocus1_20260907.edf,unfocus,focus,156.0,160.0
zyf_personal,zyf personal model,zyf,20260907_zyf_unfocus_01,data/locked/2026-09-07/zyf_unfocus1_20260907.edf,unfocus,focus,158.0,162.0
zyf_personal,zyf personal model,zyf,20260907_zyf_unfocus_01,data/locked/2026-09-07/zyf_unfocus1_20260907.edf,unfocus,unfocus,160.0,164.0
zyf_personal,zyf personal model,zyf,20260907_zyf_unfocus_01,data/locked/2026-09-07/zyf_unfocus1_20260907.edf,unfocus,unfocus,162.0,166.0
zyf_personal,zyf personal model,zyf,20260907_zyf_unfocus_01,data/locked/2026-09-07/zyf_unfocus1_20260907.edf,unfocus,unfocus,164.0,168.0
zyf_personal,zyf personal model,zyf,20260907_zyf_unfocus_01,data/locked/2026-09-07/zyf_unfocus1_20260907.edf,unfocus,unfocus,166.0,170.0
zyf_personal,zyf personal model,zyf,20260907_zyf_unfocus_01,data/locked/2026-09-07/zyf_unfocus1_20260907.edf,unfocus,focus,168.0,172.0
zyf_personal,zyf personal model,zyf,20260907_zyf_unfocus_01,data/locked/2026-09-07/zyf_unfocus1_20260907.edf,unfocus,focus,170.0,174.0
zyf_personal,zyf personal model,zyf,20260907_zyf_unfocus_01,data/locked/2026-09-07/zyf_unfocus1_20260907.edf,unfocus,unfocus,172.0,176.0
zyf_personal,zyf personal model,zyf,20260907_zyf_unfocus_01,data/locked/2026-09-07/zyf_unfocus1_20260907.edf,unfocus,focus,174.0,178.0
zyf_personal,zyf personal model,zyf,20260907_zyf_unfocus_01,data/locked/2026-09-07/zyf_unfocus1_20260907.edf,unfocus,focus,176.0,180.0
zyf_personal,zyf personal model,zyf,20260907_zyf_unfocus_01,data/locked/2026-09-07/zyf_unfocus1_20260907.edf,unfocus,unfocus,178.0,182.0
zyf_personal,zyf personal model,zyf,20260907_zyf_unfocus_01,data/locked/2026-09-07/zyf_unfocus1_20260907.edf,unfocus,unfocus,180.0,184.0
zyf_personal,zyf personal model,zyf,20260907_zyf_unfocus_01,data/locked/2026-09-07/zyf_unfocus1_20260907.edf,unfocus,focus,182.0,186.0
zyf_personal,zyf personal model,zyf,20260907_zyf_unfocus_01,data/locked/2026-09-07/zyf_unfocus1_20260907.edf,unfocus,focus,184.0,188.0
zyf_personal,zyf personal model,zyf,20260907_zyf_unfocus_01,data/locked/2026-09-07/zyf_unfocus1_20260907.edf,unfocus,focus,186.0,190.0
zyf_personal,zyf personal model,zyf,20260907_zyf_unfocus_01,data/locked/2026-09-07/zyf_unfocus1_20260907.edf,unfocus,unfocus,188.0,192.0
zyf_personal,zyf personal model,zyf,20260907_zyf_unfocus_01,data/locked/2026-09-07/zyf_unfocus1_20260907.edf,unfocus,focus,190.0,194.0
zyf_personal,zyf personal model,zyf,20260907_zyf_unfocus_01,data/locked/2026-09-07/zyf_unfocus1_20260907.edf,unfocus,focus,192.0,196.0
zyf_personal,zyf personal model,zyf,20260907_zyf_unfocus_01,data/locked/2026-09-07/zyf_unfocus1_20260907.edf,unfocus,unfocus,194.0,198.0
zyf_personal,zyf personal model,zyf,20260907_zyf_unfocus_01,data/locked/2026-09-07/zyf_unfocus1_20260907.edf,unfocus,unfocus,196.0,200.0
zyf_personal,zyf personal model,zyf,20260907_zyf_unfocus_01,data/locked/2026-09-07/zyf_unfocus1_20260907.edf,unfocus,unfocus,198.0,202.0
zyf_personal,zyf personal model,zyf,20260907_zyf_unfocus_01,data/locked/2026-09-07/zyf_unfocus1_20260907.edf,unfocus,unfocus,200.0,204.0
zyf_personal,zyf personal model,zyf,20260907_zyf_unfocus_01,data/locked/2026-09-07/zyf_unfocus1_20260907.edf,unfocus,unfocus,202.0,206.0
zyf_personal,zyf personal model,zyf,20260907_zyf_unfocus_01,data/locked/2026-09-07/zyf_unfocus1_20260907.edf,unfocus,unfocus,204.0,208.0
zyf_personal,zyf personal model,zyf,20260907_zyf_unfocus_01,data/locked/2026-09-07/zyf_unfocus1_20260907.edf,unfocus,unfocus,206.0,210.0
zyf_personal,zyf personal model,zyf,20260907_zyf_unfocus_01,data/locked/2026-09-07/zyf_unfocus1_20260907.edf,unfocus,unfocus,208.0,212.0
zyf_personal,zyf personal model,zyf,20260907_zyf_unfocus_01,data/locked/2026-09-07/zyf_unfocus1_20260907.edf,unfocus,unfocus,210.0,214.0
zyf_personal,zyf personal model,zyf,20260907_zyf_unfocus_01,data/locked/2026-09-07/zyf_unfocus1_20260907.edf,unfocus,focus,212.0,216.0
zyf_personal,zyf personal model,zyf,20260907_zyf_unfocus_01,data/locked/2026-09-07/zyf_unfocus1_20260907.edf,unfocus,focus,214.0,218.0
zyf_personal,zyf personal model,zyf,20260907_zyf_unfocus_01,data/locked/2026-09-07/zyf_unfocus1_20260907.edf,unfocus,unfocus,216.0,220.0
zyf_personal,zyf personal model,zyf,20260907_zyf_unfocus_01,data/locked/2026-09-07/zyf_unfocus1_20260907.edf,unfocus,unfocus,218.0,222.0
zyf_personal,zyf personal model,zyf,20260907_zyf_unfocus_01,data/locked/2026-09-07/zyf_unfocus1_20260907.edf,unfocus,unfocus,220.0,224.0
zyf_personal,zyf personal model,zyf,20260907_zyf_unfocus_01,data/locked/2026-09-07/zyf_unfocus1_20260907.edf,unfocus,unfocus,222.0,226.0
zyf_personal,zyf personal model,zyf,20260907_zyf_unfocus_01,data/locked/2026-09-07/zyf_unfocus1_20260907.edf,unfocus,unfocus,224.0,228.0
zyf_personal,zyf personal model,zyf,20260907_zyf_unfocus_01,data/locked/2026-09-07/zyf_unfocus1_20260907.edf,unfocus,focus,226.0,230.0
zyf_personal,zyf personal model,zyf,20260907_zyf_unfocus_01,data/locked/2026-09-07/zyf_unfocus1_20260907.edf,unfocus,unfocus,228.0,232.0
zyf_personal,zyf personal model,zyf,20260907_zyf_unfocus_01,data/locked/2026-09-07/zyf_unfocus1_20260907.edf,unfocus,unfocus,230.0,234.0
zyf_personal,zyf personal model,zyf,20260907_zyf_unfocus_01,data/locked/2026-09-07/zyf_unfocus1_20260907.edf,unfocus,unfocus,232.0,236.0
zyf_personal,zyf personal model,zyf,20260907_zyf_unfocus_01,data/locked/2026-09-07/zyf_unfocus1_20260907.edf,unfocus,unfocus,234.0,238.0
zyf_personal,zyf personal model,zyf,20260907_zyf_unfocus_01,data/locked/2026-09-07/zyf_unfocus1_20260907.edf,unfocus,unfocus,236.0,240.0
zyf_personal,zyf personal model,zyf,20260907_zyf_unfocus_01,data/locked/2026-09-07/zyf_unfocus1_20260907.edf,unfocus,unfocus,238.0,242.0
zyf_personal,zyf personal model,zyf,20260907_zyf_unfocus_01,data/locked/2026-09-07/zyf_unfocus1_20260907.edf,unfocus,unfocus,240.0,244.0
zyf_personal,zyf personal model,zyf,20260907_zyf_unfocus_01,data/locked/2026-09-07/zyf_unfocus1_20260907.edf,unfocus,unfocus,242.0,246.0
zyf_personal,zyf personal model,zyf,20260907_zyf_unfocus_01,data/locked/2026-09-07/zyf_unfocus1_20260907.edf,unfocus,unfocus,244.0,248.0
zyf_personal,zyf personal model,zyf,20260907_zyf_unfocus_01,data/locked/2026-09-07/zyf_unfocus1_20260907.edf,unfocus,unfocus,246.0,250.0
zyf_personal,zyf personal model,zyf,20260907_zyf_unfocus_01,data/locked/2026-09-07/zyf_unfocus1_20260907.edf,unfocus,unfocus,248.0,252.0
zyf_personal,zyf personal model,zyf,20260907_zyf_unfocus_01,data/locked/2026-09-07/zyf_unfocus1_20260907.edf,unfocus,unfocus,250.0,254.0
zyf_personal,zyf personal model,zyf,20260907_zyf_unfocus_01,data/locked/2026-09-07/zyf_unfocus1_20260907.edf,unfocus,unfocus,252.0,256.0
zyf_personal,zyf personal model,zyf,20260907_zyf_unfocus_01,data/locked/2026-09-07/zyf_unfocus1_20260907.edf,unfocus,unfocus,254.0,258.0
zyf_personal,zyf personal model,zyf,20260907_zyf_unfocus_01,data/locked/2026-09-07/zyf_unfocus1_20260907.edf,unfocus,unfocus,256.0,260.0
zyf_personal,zyf personal model,zyf,20260907_zyf_unfocus_01,data/locked/2026-09-07/zyf_unfocus1_20260907.edf,unfocus,unfocus,258.0,262.0
zyf_personal,zyf personal model,zyf,20260907_zyf_unfocus_01,data/locked/2026-09-07/zyf_unfocus1_20260907.edf,unfocus,unfocus,260.0,264.0
zyf_personal,zyf personal model,zyf,20260907_zyf_unfocus_01,data/locked/2026-09-07/zyf_unfocus1_20260907.edf,unfocus,unfocus,262.0,266.0
zyf_personal,zyf personal model,zyf,20260907_zyf_unfocus_01,data/locked/2026-09-07/zyf_unfocus1_20260907.edf,unfocus,unfocus,264.0,268.0
zyf_personal,zyf personal model,zyf,20260907_zyf_unfocus_01,data/locked/2026-09-07/zyf_unfocus1_20260907.edf,unfocus,unfocus,266.0,270.0
zyf_personal,zyf personal model,zyf,20260907_zyf_unfocus_01,data/locked/2026-09-07/zyf_unfocus1_20260907.edf,unfocus,unfocus,268.0,272.0
zyf_personal,zyf personal model,zyf,20260907_zyf_unfocus_01,data/locked/2026-09-07/zyf_unfocus1_20260907.edf,unfocus,unfocus,270.0,274.0
zyf_personal,zyf personal model,zyf,20260907_zyf_unfocus_01,data/locked/2026-09-07/zyf_unfocus1_20260907.edf,unfocus,unfocus,272.0,276.0
zyf_personal,zyf personal model,zyf,20260907_zyf_unfocus_01,data/locked/2026-09-07/zyf_unfocus1_20260907.edf,unfocus,unfocus,274.0,278.0
zyf_personal,zyf personal model,zyf,20260907_zyf_unfocus_01,data/locked/2026-09-07/zyf_unfocus1_20260907.edf,unfocus,unfocus,276.0,280.0
zyf_personal,zyf personal model,zyf,20260907_zyf_unfocus_01,data/locked/2026-09-07/zyf_unfocus1_20260907.edf,unfocus,unfocus,278.0,282.0
zyf_personal,zyf personal model,zyf,20260907_zyf_unfocus_01,data/locked/2026-09-07/zyf_unfocus1_20260907.edf,unfocus,unfocus,280.0,284.0
zyf_personal,zyf personal model,zyf,20260907_zyf_unfocus_01,data/locked/2026-09-07/zyf_unfocus1_20260907.edf,unfocus,unfocus,282.0,286.0
zyf_personal,zyf personal model,zyf,20260907_zyf_unfocus_01,data/locked/2026-09-07/zyf_unfocus1_20260907.edf,unfocus,unfocus,284.0,288.0
zyf_personal,zyf personal model,zyf,20260907_zyf_unfocus_01,data/locked/2026-09-07/zyf_unfocus1_20260907.edf,unfocus,unfocus,286.0,290.0
zyf_personal,zyf personal model,zyf,20260907_zyf_unfocus_01,data/locked/2026-09-07/zyf_unfocus1_20260907.edf,unfocus,focus,288.0,292.0
zyf_personal,zyf personal model,zyf,20260907_zyf_unfocus_01,data/locked/2026-09-07/zyf_unfocus1_20260907.edf,unfocus,unfocus,290.0,294.0
zyf_personal,zyf personal model,zyf,20260907_zyf_unfocus_01,data/locked/2026-09-07/zyf_unfocus1_20260907.edf,unfocus,unfocus,292.0,296.0
zyf_personal,zyf personal model,zyf,20260907_zyf_unfocus_01,data/locked/2026-09-07/zyf_unfocus1_20260907.edf,unfocus,unfocus,294.0,298.0
zyf_personal,zyf personal model,zyf,20260907_zyf_unfocus_01,data/locked/2026-09-07/zyf_unfocus1_20260907.edf,unfocus,unfocus,296.0,300.0
zyf_personal,zyf personal model,zyf,20260907_zyf_unfocus_01,data/locked/2026-09-07/zyf_unfocus1_20260907.edf,unfocus,unfocus,298.0,302.0
zyf_personal,zyf personal model,zyf,20260907_zyf_unfocus_01,data/locked/2026-09-07/zyf_unfocus1_20260907.edf,unfocus,unfocus,300.0,304.0
zyf_personal,zyf personal model,zyf,20260907_zyf_unfocus_01,data/locked/2026-09-07/zyf_unfocus1_20260907.edf,unfocus,unfocus,302.0,306.0
zyf_personal,zyf personal model,zyf,20260907_zyf_unfocus_01,data/locked/2026-09-07/zyf_unfocus1_20260907.edf,unfocus,focus,304.0,308.0
zyf_personal,zyf personal model,zyf,20260907_zyf_unfocus_01,data/locked/2026-09-07/zyf_unfocus1_20260907.edf,unfocus,unfocus,306.0,310.0
zyf_personal,zyf personal model,zyf,20260907_zyf_unfocus_01,data/locked/2026-09-07/zyf_unfocus1_20260907.edf,unfocus,unfocus,308.0,312.0
zyf_personal,zyf personal model,zyf,20260907_zyf_unfocus_01,data/locked/2026-09-07/zyf_unfocus1_20260907.edf,unfocus,unfocus,310.0,314.0
zyf_personal,zyf personal model,zyf,20260907_zyf_unfocus_01,data/locked/2026-09-07/zyf_unfocus1_20260907.edf,unfocus,unfocus,312.0,316.0
zyf_personal,zyf personal model,zyf,20260907_zyf_unfocus_01,data/locked/2026-09-07/zyf_unfocus1_20260907.edf,unfocus,focus,314.0,318.0
zyf_personal,zyf personal model,zyf,20260907_zyf_unfocus_01,data/locked/2026-09-07/zyf_unfocus1_20260907.edf,unfocus,focus,316.0,320.0
zyf_personal,zyf personal model,zyf,20260907_zyf_unfocus_01,data/locked/2026-09-07/zyf_unfocus1_20260907.edf,unfocus,unfocus,318.0,322.0
zyf_personal,zyf personal model,zyf,20260907_zyf_unfocus_01,data/locked/2026-09-07/zyf_unfocus1_20260907.edf,unfocus,unfocus,320.0,324.0
zyf_personal,zyf personal model,zyf,20260907_zyf_unfocus_01,data/locked/2026-09-07/zyf_unfocus1_20260907.edf,unfocus,unfocus,322.0,326.0
zyf_personal,zyf personal model,zyf,20260907_zyf_unfocus_01,data/locked/2026-09-07/zyf_unfocus1_20260907.edf,unfocus,unfocus,324.0,328.0
zyf_personal,zyf personal model,zyf,20260907_zyf_unfocus_01,data/locked/2026-09-07/zyf_unfocus1_20260907.edf,unfocus,unfocus,326.0,330.0
zyf_personal,zyf personal model,zyf,20260907_zyf_unfocus_01,data/locked/2026-09-07/zyf_unfocus1_20260907.edf,unfocus,unfocus,328.0,332.0
zyf_personal,zyf personal model,zyf,20260907_zyf_unfocus_01,data/locked/2026-09-07/zyf_unfocus1_20260907.edf,unfocus,unfocus,330.0,334.0
zyf_personal,zyf personal model,zyf,20260907_zyf_unfocus_01,data/locked/2026-09-07/zyf_unfocus1_20260907.edf,unfocus,unfocus,332.0,336.0
zyf_personal,zyf personal model,zyf,20260907_zyf_unfocus_01,data/locked/2026-09-07/zyf_unfocus1_20260907.edf,unfocus,unfocus,334.0,338.0
zyf_personal,zyf personal model,zyf,20260907_zyf_unfocus_01,data/locked/2026-09-07/zyf_unfocus1_20260907.edf,unfocus,unfocus,336.0,340.0
zyf_personal,zyf personal model,zyf,20260907_zyf_unfocus_01,data/locked/2026-09-07/zyf_unfocus1_20260907.edf,unfocus,unfocus,338.0,342.0
zyf_personal,zyf personal model,zyf,20260907_zyf_unfocus_01,data/locked/2026-09-07/zyf_unfocus1_20260907.edf,unfocus,unfocus,340.0,344.0
zyf_personal,zyf personal model,zyf,20260907_zyf_unfocus_01,data/locked/2026-09-07/zyf_unfocus1_20260907.edf,unfocus,unfocus,342.0,346.0
zyf_personal,zyf personal model,zyf,20260907_zyf_unfocus_01,data/locked/2026-09-07/zyf_unfocus1_20260907.edf,unfocus,unfocus,344.0,348.0
zyf_personal,zyf personal model,zyf,20260907_zyf_unfocus_01,data/locked/2026-09-07/zyf_unfocus1_20260907.edf,unfocus,unfocus,346.0,350.0
zyf_personal,zyf personal model,zyf,20260907_zyf_unfocus_01,data/locked/2026-09-07/zyf_unfocus1_20260907.edf,unfocus,unfocus,348.0,352.0
zyf_personal,zyf personal model,zyf,20260907_zyf_unfocus_01,data/locked/2026-09-07/zyf_unfocus1_20260907.edf,unfocus,unfocus,350.0,354.0
zyf_personal,zyf personal model,zyf,20260907_zyf_unfocus_01,data/locked/2026-09-07/zyf_unfocus1_20260907.edf,unfocus,unfocus,352.0,356.0
zyf_personal,zyf personal model,zyf,20260907_zyf_unfocus_01,data/locked/2026-09-07/zyf_unfocus1_20260907.edf,unfocus,unfocus,354.0,358.0
zyf_personal,zyf personal model,zyf,20260907_zyf_unfocus_01,data/locked/2026-09-07/zyf_unfocus1_20260907.edf,unfocus,unfocus,356.0,360.0
zyf_personal,zyf personal model,zyf,20260907_zyf_unfocus_01,data/locked/2026-09-07/zyf_unfocus1_20260907.edf,unfocus,unfocus,358.0,362.0
zyf_personal,zyf personal model,zyf,20260907_zyf_unfocus_01,data/locked/2026-09-07/zyf_unfocus1_20260907.edf,unfocus,unfocus,360.0,364.0
zyf_personal,zyf personal model,zyf,20260907_zyf_unfocus_01,data/locked/2026-09-07/zyf_unfocus1_20260907.edf,unfocus,unfocus,362.0,366.0
zyf_personal,zyf personal model,zyf,20260907_zyf_unfocus_01,data/locked/2026-09-07/zyf_unfocus1_20260907.edf,unfocus,unfocus,364.0,368.0
zyf_personal,zyf personal model,zyf,20260907_zyf_unfocus_01,data/locked/2026-09-07/zyf_unfocus1_20260907.edf,unfocus,unfocus,366.0,370.0
zyf_personal,zyf personal model,zyf,20260907_zyf_unfocus_01,data/locked/2026-09-07/zyf_unfocus1_20260907.edf,unfocus,unfocus,368.0,372.0
zyf_personal,zyf personal model,zyf,20260907_zyf_unfocus_01,data/locked/2026-09-07/zyf_unfocus1_20260907.edf,unfocus,unfocus,370.0,374.0
zyf_personal,zyf personal model,zyf,20260907_zyf_unfocus_01,data/locked/2026-09-07/zyf_unfocus1_20260907.edf,unfocus,unfocus,372.0,376.0
zyf_personal,zyf personal model,zyf,20260907_zyf_unfocus_01,data/locked/2026-09-07/zyf_unfocus1_20260907.edf,unfocus,unfocus,374.0,378.0
zyf_personal,zyf personal model,zyf,20260907_zyf_unfocus_01,data/locked/2026-09-07/zyf_unfocus1_20260907.edf,unfocus,unfocus,376.0,380.0
zyf_personal,zyf personal model,zyf,20260907_zyf_unfocus_01,data/locked/2026-09-07/zyf_unfocus1_20260907.edf,unfocus,unfocus,378.0,382.0
zyf_personal,zyf personal model,zyf,20260907_zyf_unfocus_01,data/locked/2026-09-07/zyf_unfocus1_20260907.edf,unfocus,unfocus,380.0,384.0
zyf_personal,zyf personal model,zyf,20260907_zyf_unfocus_01,data/locked/2026-09-07/zyf_unfocus1_20260907.edf,unfocus,unfocus,382.0,386.0
zyf_personal,zyf personal model,zyf,20260907_zyf_unfocus_01,data/locked/2026-09-07/zyf_unfocus1_20260907.edf,unfocus,unfocus,384.0,388.0
zyf_personal,zyf personal model,zyf,20260907_zyf_unfocus_01,data/locked/2026-09-07/zyf_unfocus1_20260907.edf,unfocus,unfocus,386.0,390.0
zyf_personal,zyf personal model,zyf,20260907_zyf_unfocus_01,data/locked/2026-09-07/zyf_unfocus1_20260907.edf,unfocus,unfocus,388.0,392.0
zyf_personal,zyf personal model,zyf,20260907_zyf_unfocus_01,data/locked/2026-09-07/zyf_unfocus1_20260907.edf,unfocus,unfocus,390.0,394.0
zyf_personal,zyf personal model,zyf,20260907_zyf_unfocus_01,data/locked/2026-09-07/zyf_unfocus1_20260907.edf,unfocus,unfocus,392.0,396.0
zyf_personal,zyf personal model,zyf,20260907_zyf_unfocus_01,data/locked/2026-09-07/zyf_unfocus1_20260907.edf,unfocus,unfocus,394.0,398.0
zyf_personal,zyf personal model,zyf,20260907_zyf_unfocus_01,data/locked/2026-09-07/zyf_unfocus1_20260907.edf,unfocus,unfocus,396.0,400.0
zyf_personal,zyf personal model,zyf,20260907_zyf_unfocus_01,data/locked/2026-09-07/zyf_unfocus1_20260907.edf,unfocus,unfocus,398.0,402.0
zyf_personal,zyf personal model,zyf,20260907_zyf_unfocus_01,data/locked/2026-09-07/zyf_unfocus1_20260907.edf,unfocus,unfocus,400.0,404.0
zyf_personal,zyf personal model,zyf,20260907_zyf_unfocus_01,data/locked/2026-09-07/zyf_unfocus1_20260907.edf,unfocus,unfocus,402.0,406.0
zyf_personal,zyf personal model,zyf,20260907_zyf_unfocus_01,data/locked/2026-09-07/zyf_unfocus1_20260907.edf,unfocus,unfocus,404.0,408.0
zyf_personal,zyf personal model,zyf,20260907_zyf_unfocus_01,data/locked/2026-09-07/zyf_unfocus1_20260907.edf,unfocus,unfocus,406.0,410.0
zyf_personal,zyf personal model,zyf,20260907_zyf_unfocus_01,data/locked/2026-09-07/zyf_unfocus1_20260907.edf,unfocus,unfocus,408.0,412.0
zyf_personal,zyf personal model,zyf,20260907_zyf_unfocus_01,data/locked/2026-09-07/zyf_unfocus1_20260907.edf,unfocus,unfocus,410.0,414.0
zyf_personal,zyf personal model,zyf,20260907_zyf_unfocus_01,data/locked/2026-09-07/zyf_unfocus1_20260907.edf,unfocus,focus,412.0,416.0
zyf_personal,zyf personal model,zyf,20260907_zyf_unfocus_01,data/locked/2026-09-07/zyf_unfocus1_20260907.edf,unfocus,unfocus,414.0,418.0
zyf_personal,zyf personal model,zyf,20260907_zyf_unfocus_01,data/locked/2026-09-07/zyf_unfocus1_20260907.edf,unfocus,focus,416.0,420.0
zyf_personal,zyf personal model,zyf,20260907_zyf_unfocus_01,data/locked/2026-09-07/zyf_unfocus1_20260907.edf,unfocus,focus,418.0,422.0
zyf_personal,zyf personal model,zyf,20260907_zyf_unfocus_01,data/locked/2026-09-07/zyf_unfocus1_20260907.edf,unfocus,unfocus,420.0,424.0
zyf_personal,zyf personal model,zyf,20260907_zyf_unfocus_01,data/locked/2026-09-07/zyf_unfocus1_20260907.edf,unfocus,unfocus,422.0,426.0
zyf_personal,zyf personal model,zyf,20260907_zyf_unfocus_01,data/locked/2026-09-07/zyf_unfocus1_20260907.edf,unfocus,unfocus,424.0,428.0
zyf_personal,zyf personal model,zyf,20260907_zyf_unfocus_01,data/locked/2026-09-07/zyf_unfocus1_20260907.edf,unfocus,unfocus,426.0,430.0
zyf_personal,zyf personal model,zyf,20260907_zyf_unfocus_01,data/locked/2026-09-07/zyf_unfocus1_20260907.edf,unfocus,unfocus,428.0,432.0
zyf_personal,zyf personal model,zyf,20260907_zyf_unfocus_01,data/locked/2026-09-07/zyf_unfocus1_20260907.edf,unfocus,unfocus,430.0,434.0
zyf_personal,zyf personal model,zyf,20260907_zyf_unfocus_01,data/locked/2026-09-07/zyf_unfocus1_20260907.edf,unfocus,unfocus,432.0,436.0
zyf_personal,zyf personal model,zyf,20260907_zyf_unfocus_01,data/locked/2026-09-07/zyf_unfocus1_20260907.edf,unfocus,unfocus,434.0,438.0
zyf_personal,zyf personal model,zyf,20260907_zyf_unfocus_01,data/locked/2026-09-07/zyf_unfocus1_20260907.edf,unfocus,unfocus,436.0,440.0
zyf_personal,zyf personal model,zyf,20260907_zyf_unfocus_01,data/locked/2026-09-07/zyf_unfocus1_20260907.edf,unfocus,unfocus,438.0,442.0
zyf_personal,zyf personal model,zyf,20260907_zyf_unfocus_01,data/locked/2026-09-07/zyf_unfocus1_20260907.edf,unfocus,unfocus,440.0,444.0
zyf_personal,zyf personal model,zyf,20260907_zyf_unfocus_01,data/locked/2026-09-07/zyf_unfocus1_20260907.edf,unfocus,unfocus,442.0,446.0
zyf_personal,zyf personal model,zyf,20260907_zyf_unfocus_01,data/locked/2026-09-07/zyf_unfocus1_20260907.edf,unfocus,unfocus,444.0,448.0
zyf_personal,zyf personal model,zyf,20260907_zyf_unfocus_01,data/locked/2026-09-07/zyf_unfocus1_20260907.edf,unfocus,unfocus,446.0,450.0
zyf_personal,zyf personal model,zyf,20260907_zyf_unfocus_01,data/locked/2026-09-07/zyf_unfocus1_20260907.edf,unfocus,unfocus,448.0,452.0
zyf_personal,zyf personal model,zyf,20260907_zyf_unfocus_01,data/locked/2026-09-07/zyf_unfocus1_20260907.edf,unfocus,focus,450.0,454.0
zyf_personal,zyf personal model,zyf,20260907_zyf_unfocus_01,data/locked/2026-09-07/zyf_unfocus1_20260907.edf,unfocus,unfocus,452.0,456.0
zyf_personal,zyf personal model,zyf,20260907_zyf_unfocus_01,data/locked/2026-09-07/zyf_unfocus1_20260907.edf,unfocus,unfocus,454.0,458.0
zyf_personal,zyf personal model,zyf,20260907_zyf_unfocus_01,data/locked/2026-09-07/zyf_unfocus1_20260907.edf,unfocus,unfocus,456.0,460.0
zyf_personal,zyf personal model,zyf,20260907_zyf_unfocus_01,data/locked/2026-09-07/zyf_unfocus1_20260907.edf,unfocus,unfocus,458.0,462.0
zyf_personal,zyf personal model,zyf,20260907_zyf_unfocus_01,data/locked/2026-09-07/zyf_unfocus1_20260907.edf,unfocus,unfocus,460.0,464.0
zyf_personal,zyf personal model,zyf,20260907_zyf_unfocus_01,data/locked/2026-09-07/zyf_unfocus1_20260907.edf,unfocus,focus,462.0,466.0
zyf_personal,zyf personal model,zyf,20260907_zyf_unfocus_01,data/locked/2026-09-07/zyf_unfocus1_20260907.edf,unfocus,focus,464.0,468.0
zyf_personal,zyf personal model,zyf,20260907_zyf_unfocus_01,data/locked/2026-09-07/zyf_unfocus1_20260907.edf,unfocus,unfocus,466.0,470.0
zyf_personal,zyf personal model,zyf,20260907_zyf_unfocus_01,data/locked/2026-09-07/zyf_unfocus1_20260907.edf,unfocus,unfocus,468.0,472.0
zyf_personal,zyf personal model,zyf,20260907_zyf_unfocus_01,data/locked/2026-09-07/zyf_unfocus1_20260907.edf,unfocus,focus,470.0,474.0
zyf_personal,zyf personal model,zyf,20260907_zyf_unfocus_01,data/locked/2026-09-07/zyf_unfocus1_20260907.edf,unfocus,focus,472.0,476.0
zyf_personal,zyf personal model,zyf,20260907_zyf_unfocus_01,data/locked/2026-09-07/zyf_unfocus1_20260907.edf,unfocus,focus,474.0,478.0
zyf_personal,zyf personal model,zyf,20260907_zyf_unfocus_01,data/locked/2026-09-07/zyf_unfocus1_20260907.edf,unfocus,unfocus,476.0,480.0
zyf_personal,zyf personal model,zyf,20260907_zyf_unfocus_01,data/locked/2026-09-07/zyf_unfocus1_20260907.edf,unfocus,focus,478.0,482.0
zyf_personal,zyf personal model,zyf,20260907_zyf_unfocus_01,data/locked/2026-09-07/zyf_unfocus1_20260907.edf,unfocus,unfocus,480.0,484.0
zyf_personal,zyf personal model,zyf,20260907_zyf_unfocus_01,data/locked/2026-09-07/zyf_unfocus1_20260907.edf,unfocus,unfocus,482.0,486.0
zyf_personal,zyf personal model,zyf,20260907_zyf_unfocus_01,data/locked/2026-09-07/zyf_unfocus1_20260907.edf,unfocus,unfocus,484.0,488.0
zyf_personal,zyf personal model,zyf,20260907_zyf_unfocus_01,data/locked/2026-09-07/zyf_unfocus1_20260907.edf,unfocus,unfocus,486.0,490.0
zyf_personal,zyf personal model,zyf,20260907_zyf_unfocus_01,data/locked/2026-09-07/zyf_unfocus1_20260907.edf,unfocus,unfocus,488.0,492.0
zyf_personal,zyf personal model,zyf,20260907_zyf_unfocus_01,data/locked/2026-09-07/zyf_unfocus1_20260907.edf,unfocus,unfocus,490.0,494.0
zyf_personal,zyf personal model,zyf,20260907_zyf_unfocus_01,data/locked/2026-09-07/zyf_unfocus1_20260907.edf,unfocus,unfocus,492.0,496.0
zyf_personal,zyf personal model,zyf,20260907_zyf_unfocus_01,data/locked/2026-09-07/zyf_unfocus1_20260907.edf,unfocus,unfocus,494.0,498.0
zyf_personal,zyf personal model,zyf,20260907_zyf_unfocus_01,data/locked/2026-09-07/zyf_unfocus1_20260907.edf,unfocus,unfocus,496.0,500.0
zyf_personal,zyf personal model,zyf,20260907_zyf_unfocus_01,data/locked/2026-09-07/zyf_unfocus1_20260907.edf,unfocus,unfocus,498.0,502.0
zyf_personal,zyf personal model,zyf,20260907_zyf_unfocus_01,data/locked/2026-09-07/zyf_unfocus1_20260907.edf,unfocus,unfocus,500.0,504.0
zyf_personal,zyf personal model,zyf,20260907_zyf_unfocus_01,data/locked/2026-09-07/zyf_unfocus1_20260907.edf,unfocus,unfocus,502.0,506.0
zyf_personal,zyf personal model,zyf,20260907_zyf_unfocus_01,data/locked/2026-09-07/zyf_unfocus1_20260907.edf,unfocus,unfocus,504.0,508.0
zyf_personal,zyf personal model,zyf,20260907_zyf_unfocus_01,data/locked/2026-09-07/zyf_unfocus1_20260907.edf,unfocus,unfocus,506.0,510.0
zyf_personal,zyf personal model,zyf,20260907_zyf_unfocus_01,data/locked/2026-09-07/zyf_unfocus1_20260907.edf,unfocus,unfocus,508.0,512.0
zyf_personal,zyf personal model,zyf,20260907_zyf_unfocus_01,data/locked/2026-09-07/zyf_unfocus1_20260907.edf,unfocus,unfocus,510.0,514.0
zyf_personal,zyf personal model,zyf,20260907_zyf_unfocus_01,data/locked/2026-09-07/zyf_unfocus1_20260907.edf,unfocus,unfocus,512.0,516.0
zyf_personal,zyf personal model,zyf,20260907_zyf_unfocus_01,data/locked/2026-09-07/zyf_unfocus1_20260907.edf,unfocus,unfocus,514.0,518.0
zyf_personal,zyf personal model,zyf,20260907_zyf_unfocus_01,data/locked/2026-09-07/zyf_unfocus1_20260907.edf,unfocus,unfocus,516.0,520.0
zyf_personal,zyf personal model,zyf,20260907_zyf_unfocus_01,data/locked/2026-09-07/zyf_unfocus1_20260907.edf,unfocus,unfocus,518.0,522.0
zyf_personal,zyf personal model,zyf,20260907_zyf_unfocus_01,data/locked/2026-09-07/zyf_unfocus1_20260907.edf,unfocus,unfocus,520.0,524.0
zyf_personal,zyf personal model,zyf,20260907_zyf_unfocus_01,data/locked/2026-09-07/zyf_unfocus1_20260907.edf,unfocus,unfocus,522.0,526.0
zyf_personal,zyf personal model,zyf,20260907_zyf_unfocus_01,data/locked/2026-09-07/zyf_unfocus1_20260907.edf,unfocus,unfocus,524.0,528.0
zyf_personal,zyf personal model,zyf,20260907_zyf_unfocus_01,data/locked/2026-09-07/zyf_unfocus1_20260907.edf,unfocus,unfocus,526.0,530.0
zyf_personal,zyf personal model,zyf,20260907_zyf_unfocus_01,data/locked/2026-09-07/zyf_unfocus1_20260907.edf,unfocus,unfocus,528.0,532.0
zyf_personal,zyf personal model,zyf,20260907_zyf_unfocus_01,data/locked/2026-09-07/zyf_unfocus1_20260907.edf,unfocus,unfocus,530.0,534.0
zyf_personal,zyf personal model,zyf,20260907_zyf_unfocus_01,data/locked/2026-09-07/zyf_unfocus1_20260907.edf,unfocus,unfocus,532.0,536.0
zyf_personal,zyf personal model,zyf,20260907_zyf_unfocus_01,data/locked/2026-09-07/zyf_unfocus1_20260907.edf,unfocus,unfocus,534.0,538.0
zyf_personal,zyf personal model,zyf,20260907_zyf_unfocus_01,data/locked/2026-09-07/zyf_unfocus1_20260907.edf,unfocus,unfocus,536.0,540.0
zyf_personal,zyf personal model,zyf,20260907_zyf_unfocus_01,data/locked/2026-09-07/zyf_unfocus1_20260907.edf,unfocus,unfocus,538.0,542.0
zyf_personal,zyf personal model,zyf,20260907_zyf_unfocus_01,data/locked/2026-09-07/zyf_unfocus1_20260907.edf,unfocus,unfocus,540.0,544.0
zyf_personal,zyf personal model,zyf,20260907_zyf_unfocus_01,data/locked/2026-09-07/zyf_unfocus1_20260907.edf,unfocus,unfocus,542.0,546.0
zyf_personal,zyf personal model,zyf,20260907_zyf_unfocus_01,data/locked/2026-09-07/zyf_unfocus1_20260907.edf,unfocus,unfocus,544.0,548.0
zyf_personal,zyf personal model,zyf,20260907_zyf_unfocus_01,data/locked/2026-09-07/zyf_unfocus1_20260907.edf,unfocus,focus,546.0,550.0
zyf_personal,zyf personal model,zyf,20260907_zyf_unfocus_01,data/locked/2026-09-07/zyf_unfocus1_20260907.edf,unfocus,focus,548.0,552.0
zyf_personal,zyf personal model,zyf,20260907_zyf_unfocus_01,data/locked/2026-09-07/zyf_unfocus1_20260907.edf,unfocus,focus,550.0,554.0
zyf_personal,zyf personal model,zyf,20260907_zyf_unfocus_01,data/locked/2026-09-07/zyf_unfocus1_20260907.edf,unfocus,focus,552.0,556.0
zyf_personal,zyf personal model,zyf,20260907_zyf_unfocus_01,data/locked/2026-09-07/zyf_unfocus1_20260907.edf,unfocus,unfocus,554.0,558.0
zyf_personal,zyf personal model,zyf,20260907_zyf_unfocus_01,data/locked/2026-09-07/zyf_unfocus1_20260907.edf,unfocus,unfocus,556.0,560.0
zyf_personal,zyf personal model,zyf,20260907_zyf_unfocus_01,data/locked/2026-09-07/zyf_unfocus1_20260907.edf,unfocus,focus,558.0,562.0
zyf_personal,zyf personal model,zyf,20260907_zyf_unfocus_01,data/locked/2026-09-07/zyf_unfocus1_20260907.edf,unfocus,focus,560.0,564.0
zyf_personal,zyf personal model,zyf,20260907_zyf_unfocus_01,data/locked/2026-09-07/zyf_unfocus1_20260907.edf,unfocus,unfocus,562.0,566.0
zyf_personal,zyf personal model,zyf,20260907_zyf_unfocus_01,data/locked/2026-09-07/zyf_unfocus1_20260907.edf,unfocus,focus,564.0,568.0
zyf_personal,zyf personal model,zyf,20260907_zyf_unfocus_01,data/locked/2026-09-07/zyf_unfocus1_20260907.edf,unfocus,unfocus,566.0,570.0
zyf_personal,zyf personal model,zyf,20260907_zyf_unfocus_01,data/locked/2026-09-07/zyf_unfocus1_20260907.edf,unfocus,unfocus,568.0,572.0
zyf_personal,zyf personal model,zyf,20260907_zyf_unfocus_01,data/locked/2026-09-07/zyf_unfocus1_20260907.edf,unfocus,unfocus,570.0,574.0
zyf_personal,zyf personal model,zyf,20260907_zyf_unfocus_01,data/locked/2026-09-07/zyf_unfocus1_20260907.edf,unfocus,unfocus,572.0,576.0
zyf_personal,zyf personal model,zyf,20260907_zyf_unfocus_01,data/locked/2026-09-07/zyf_unfocus1_20260907.edf,unfocus,unfocus,574.0,578.0
zyf_personal,zyf personal model,zyf,20260907_zyf_unfocus_01,data/locked/2026-09-07/zyf_unfocus1_20260907.edf,unfocus,unfocus,576.0,580.0
zyf_personal,zyf personal model,zyf,20260907_zyf_unfocus_01,data/locked/2026-09-07/zyf_unfocus1_20260907.edf,unfocus,unfocus,578.0,582.0
zyf_personal,zyf personal model,zyf,20260907_zyf_unfocus_01,data/locked/2026-09-07/zyf_unfocus1_20260907.edf,unfocus,unfocus,580.0,584.0
zyf_personal,zyf personal model,zyf,20260907_zyf_unfocus_01,data/locked/2026-09-07/zyf_unfocus1_20260907.edf,unfocus,unfocus,582.0,586.0
zyf_personal,zyf personal model,zyf,20260907_zyf_unfocus_01,data/locked/2026-09-07/zyf_unfocus1_20260907.edf,unfocus,unfocus,584.0,588.0
zyf_personal,zyf personal model,zyf,20260907_zyf_unfocus_01,data/locked/2026-09-07/zyf_unfocus1_20260907.edf,unfocus,unfocus,586.0,590.0
zyf_personal,zyf personal model,zyf,20260907_zyf_unfocus_01,data/locked/2026-09-07/zyf_unfocus1_20260907.edf,unfocus,unfocus,588.0,592.0
zyf_personal,zyf personal model,zyf,20260907_zyf_unfocus_01,data/locked/2026-09-07/zyf_unfocus1_20260907.edf,unfocus,unfocus,590.0,594.0
zyf_personal,zyf personal model,zyf,20260907_zyf_unfocus_01,data/locked/2026-09-07/zyf_unfocus1_20260907.edf,unfocus,unfocus,592.0,596.0
zyf_personal,zyf personal model,zyf,20260907_zyf_unfocus_01,data/locked/2026-09-07/zyf_unfocus1_20260907.edf,unfocus,unfocus,594.0,598.0
zyf_personal,zyf personal model,zyf,20260907_zyf_unfocus_01,data/locked/2026-09-07/zyf_unfocus1_20260907.edf,unfocus,unfocus,596.0,600.0
zyf_personal,zyf personal model,zyf,20260907_zyf_unfocus_01,data/locked/2026-09-07/zyf_unfocus1_20260907.edf,unfocus,unfocus,598.0,602.0
zyf_personal,zyf personal model,zyf,20260907_zyf_unfocus_01,data/locked/2026-09-07/zyf_unfocus1_20260907.edf,unfocus,unfocus,600.0,604.0
zyf_personal,zyf personal model,zyf,20260907_zyf_unfocus_01,data/locked/2026-09-07/zyf_unfocus1_20260907.edf,unfocus,unfocus,602.0,606.0
zyf_personal,zyf personal model,zyf,20260907_zyf_unfocus_01,data/locked/2026-09-07/zyf_unfocus1_20260907.edf,unfocus,unfocus,604.0,608.0
zyf_personal,zyf personal model,zyf,20260907_zyf_unfocus_01,data/locked/2026-09-07/zyf_unfocus1_20260907.edf,unfocus,unfocus,606.0,610.0
zyf_personal,zyf personal model,zyf,20260907_zyf_unfocus_01,data/locked/2026-09-07/zyf_unfocus1_20260907.edf,unfocus,unfocus,608.0,612.0
zyf_personal,zyf personal model,zyf,20260907_zyf_unfocus_01,data/locked/2026-09-07/zyf_unfocus1_20260907.edf,unfocus,unfocus,610.0,614.0
zyf_personal,zyf personal model,zyf,20260907_zyf_unfocus_01,data/locked/2026-09-07/zyf_unfocus1_20260907.edf,unfocus,unfocus,612.0,616.0
zyf_personal,zyf personal model,zyf,20260907_zyf_unfocus_01,data/locked/2026-09-07/zyf_unfocus1_20260907.edf,unfocus,unfocus,614.0,618.0
zyf_personal,zyf personal model,zyf,20260907_zyf_unfocus_01,data/locked/2026-09-07/zyf_unfocus1_20260907.edf,unfocus,unfocus,616.0,620.0
zyf_personal,zyf personal model,zyf,20260907_zyf_unfocus_01,data/locked/2026-09-07/zyf_unfocus1_20260907.edf,unfocus,unfocus,618.0,622.0
zyf_personal,zyf personal model,zyf,20260907_zyf_unfocus_01,data/locked/2026-09-07/zyf_unfocus1_20260907.edf,unfocus,focus,620.0,624.0
zyf_personal,zyf personal model,zyf,20260907_zyf_unfocus_01,data/locked/2026-09-07/zyf_unfocus1_20260907.edf,unfocus,unfocus,622.0,626.0
zyf_personal,zyf personal model,zyf,20260907_zyf_unfocus_01,data/locked/2026-09-07/zyf_unfocus1_20260907.edf,unfocus,unfocus,624.0,628.0
zyf_personal,zyf personal model,zyf,20260907_zyf_unfocus_01,data/locked/2026-09-07/zyf_unfocus1_20260907.edf,unfocus,unfocus,626.0,630.0
zyf_personal,zyf personal model,zyf,20260907_zyf_unfocus_01,data/locked/2026-09-07/zyf_unfocus1_20260907.edf,unfocus,unfocus,628.0,632.0
zyf_personal,zyf personal model,zyf,20260907_zyf_unfocus_01,data/locked/2026-09-07/zyf_unfocus1_20260907.edf,unfocus,unfocus,630.0,634.0
zyf_personal,zyf personal model,zyf,20260907_zyf_unfocus_01,data/locked/2026-09-07/zyf_unfocus1_20260907.edf,unfocus,unfocus,632.0,636.0
zyf_personal,zyf personal model,zyf,20260907_zyf_unfocus_01,data/locked/2026-09-07/zyf_unfocus1_20260907.edf,unfocus,unfocus,634.0,638.0
zyf_personal,zyf personal model,zyf,20260907_zyf_unfocus_01,data/locked/2026-09-07/zyf_unfocus1_20260907.edf,unfocus,unfocus,636.0,640.0
zyf_personal,zyf personal model,zyf,20260907_zyf_unfocus_01,data/locked/2026-09-07/zyf_unfocus1_20260907.edf,unfocus,unfocus,638.0,642.0
zyf_personal,zyf personal model,zyf,20260907_zyf_unfocus_01,data/locked/2026-09-07/zyf_unfocus1_20260907.edf,unfocus,unfocus,640.0,644.0
zyf_personal,zyf personal model,zyf,20260907_zyf_unfocus_01,data/locked/2026-09-07/zyf_unfocus1_20260907.edf,unfocus,unfocus,642.0,646.0
zyf_personal,zyf personal model,zyf,20260907_zyf_unfocus_01,data/locked/2026-09-07/zyf_unfocus1_20260907.edf,unfocus,unfocus,644.0,648.0
zyf_personal,zyf personal model,zyf,20260907_zyf_unfocus_01,data/locked/2026-09-07/zyf_unfocus1_20260907.edf,unfocus,unfocus,646.0,650.0
zyf_personal,zyf personal model,zyf,20260907_zyf_unfocus_01,data/locked/2026-09-07/zyf_unfocus1_20260907.edf,unfocus,unfocus,648.0,652.0
zyf_personal,zyf personal model,zyf,20260907_zyf_unfocus_01,data/locked/2026-09-07/zyf_unfocus1_20260907.edf,unfocus,unfocus,650.0,654.0
zyf_personal,zyf personal model,zyf,20260907_zyf_unfocus_01,data/locked/2026-09-07/zyf_unfocus1_20260907.edf,unfocus,unfocus,652.0,656.0
zyf_personal,zyf personal model,zyf,20260907_zyf_unfocus_01,data/locked/2026-09-07/zyf_unfocus1_20260907.edf,unfocus,unfocus,654.0,658.0
zyf_personal,zyf personal model,zyf,20260907_zyf_unfocus_01,data/locked/2026-09-07/zyf_unfocus1_20260907.edf,unfocus,unfocus,656.0,660.0
zyf_personal,zyf personal model,zyf,20260907_zyf_unfocus_01,data/locked/2026-09-07/zyf_unfocus1_20260907.edf,unfocus,unfocus,658.0,662.0
zyf_personal,zyf personal model,zyf,20260907_zyf_unfocus_01,data/locked/2026-09-07/zyf_unfocus1_20260907.edf,unfocus,unfocus,660.0,664.0
zyf_personal,zyf personal model,zyf,20260907_zyf_unfocus_01,data/locked/2026-09-07/zyf_unfocus1_20260907.edf,unfocus,focus,662.0,666.0
zyf_personal,zyf personal model,zyf,20260907_zyf_unfocus_01,data/locked/2026-09-07/zyf_unfocus1_20260907.edf,unfocus,unfocus,664.0,668.0
zyf_personal,zyf personal model,zyf,20260907_zyf_unfocus_01,data/locked/2026-09-07/zyf_unfocus1_20260907.edf,unfocus,focus,666.0,670.0
zyf_personal,zyf personal model,zyf,20260907_zyf_unfocus_01,data/locked/2026-09-07/zyf_unfocus1_20260907.edf,unfocus,focus,668.0,672.0
zyf_personal,zyf personal model,zyf,20260907_zyf_unfocus_01,data/locked/2026-09-07/zyf_unfocus1_20260907.edf,unfocus,unfocus,670.0,674.0
zyf_personal,zyf personal model,zyf,20260907_zyf_unfocus_01,data/locked/2026-09-07/zyf_unfocus1_20260907.edf,unfocus,unfocus,672.0,676.0
zyf_personal,zyf personal model,zyf,20260907_zyf_unfocus_01,data/locked/2026-09-07/zyf_unfocus1_20260907.edf,unfocus,unfocus,674.0,678.0
zyf_personal,zyf personal model,zyf,20260907_zyf_unfocus_01,data/locked/2026-09-07/zyf_unfocus1_20260907.edf,unfocus,unfocus,676.0,680.0
zyf_personal,zyf personal model,zyf,20260907_zyf_unfocus_01,data/locked/2026-09-07/zyf_unfocus1_20260907.edf,unfocus,unfocus,678.0,682.0
zyf_personal,zyf personal model,zyf,20260907_zyf_unfocus_01,data/locked/2026-09-07/zyf_unfocus1_20260907.edf,unfocus,unfocus,680.0,684.0
zyf_personal,zyf personal model,zyf,20260907_zyf_unfocus_01,data/locked/2026-09-07/zyf_unfocus1_20260907.edf,unfocus,unfocus,682.0,686.0
zyf_personal,zyf personal model,zyf,20260907_zyf_unfocus_01,data/locked/2026-09-07/zyf_unfocus1_20260907.edf,unfocus,unfocus,684.0,688.0
zyf_personal,zyf personal model,zyf,20260907_zyf_unfocus_01,data/locked/2026-09-07/zyf_unfocus1_20260907.edf,unfocus,unfocus,686.0,690.0
zyf_personal,zyf personal model,zyf,20260907_zyf_unfocus_01,data/locked/2026-09-07/zyf_unfocus1_20260907.edf,unfocus,unfocus,688.0,692.0
zyf_personal,zyf personal model,zyf,20260907_zyf_unfocus_01,data/locked/2026-09-07/zyf_unfocus1_20260907.edf,unfocus,unfocus,690.0,694.0
zyf_personal,zyf personal model,zyf,20260907_zyf_unfocus_01,data/locked/2026-09-07/zyf_unfocus1_20260907.edf,unfocus,focus,692.0,696.0
zyf_personal,zyf personal model,zyf,20260907_zyf_unfocus_01,data/locked/2026-09-07/zyf_unfocus1_20260907.edf,unfocus,unfocus,694.0,698.0
zyf_personal,zyf personal model,zyf,20260907_zyf_unfocus_01,data/locked/2026-09-07/zyf_unfocus1_20260907.edf,unfocus,focus,696.0,700.0
zyf_personal,zyf personal model,zyf,20260907_zyf_unfocus_01,data/locked/2026-09-07/zyf_unfocus1_20260907.edf,unfocus,unfocus,698.0,702.0
zyf_personal,zyf personal model,zyf,20260907_zyf_unfocus_01,data/locked/2026-09-07/zyf_unfocus1_20260907.edf,unfocus,unfocus,700.0,704.0
zyf_personal,zyf personal model,zyf,20260907_zyf_unfocus_01,data/locked/2026-09-07/zyf_unfocus1_20260907.edf,unfocus,unfocus,702.0,706.0
zyf_personal,zyf personal model,zyf,20260907_zyf_unfocus_01,data/locked/2026-09-07/zyf_unfocus1_20260907.edf,unfocus,unfocus,704.0,708.0
zyf_personal,zyf personal model,zyf,20260907_zyf_unfocus_01,data/locked/2026-09-07/zyf_unfocus1_20260907.edf,unfocus,unfocus,706.0,710.0
zyf_personal,zyf personal model,zyf,20260907_zyf_unfocus_01,data/locked/2026-09-07/zyf_unfocus1_20260907.edf,unfocus,unfocus,708.0,712.0
zyf_personal,zyf personal model,zyf,20260907_zyf_unfocus_01,data/locked/2026-09-07/zyf_unfocus1_20260907.edf,unfocus,unfocus,710.0,714.0
zyf_personal,zyf personal model,zyf,20260907_zyf_unfocus_01,data/locked/2026-09-07/zyf_unfocus1_20260907.edf,unfocus,unfocus,712.0,716.0
zyf_personal,zyf personal model,zyf,20260907_zyf_unfocus_01,data/locked/2026-09-07/zyf_unfocus1_20260907.edf,unfocus,focus,714.0,718.0
zyf_personal,zyf personal model,zyf,20260907_zyf_unfocus_01,data/locked/2026-09-07/zyf_unfocus1_20260907.edf,unfocus,unfocus,716.0,720.0
zyf_personal,zyf personal model,zyf,20260907_zyf_unfocus_01,data/locked/2026-09-07/zyf_unfocus1_20260907.edf,unfocus,unfocus,718.0,722.0
zyf_personal,zyf personal model,zyf,20260907_zyf_unfocus_01,data/locked/2026-09-07/zyf_unfocus1_20260907.edf,unfocus,unfocus,720.0,724.0
zyf_personal,zyf personal model,zyf,20260907_zyf_unfocus_01,data/locked/2026-09-07/zyf_unfocus1_20260907.edf,unfocus,unfocus,722.0,726.0
zyf_personal,zyf personal model,zyf,20260907_zyf_unfocus_01,data/locked/2026-09-07/zyf_unfocus1_20260907.edf,unfocus,focus,724.0,728.0
zyf_personal,zyf personal model,zyf,20260907_zyf_unfocus_01,data/locked/2026-09-07/zyf_unfocus1_20260907.edf,unfocus,unfocus,726.0,730.0
zyf_personal,zyf personal model,zyf,20260907_zyf_unfocus_01,data/locked/2026-09-07/zyf_unfocus1_20260907.edf,unfocus,unfocus,728.0,732.0
zyf_personal,zyf personal model,zyf,20260907_zyf_unfocus_01,data/locked/2026-09-07/zyf_unfocus1_20260907.edf,unfocus,focus,730.0,734.0
zyf_personal,zyf personal model,zyf,20260907_zyf_unfocus_01,data/locked/2026-09-07/zyf_unfocus1_20260907.edf,unfocus,focus,732.0,736.0
zyf_personal,zyf personal model,zyf,20260907_zyf_unfocus_01,data/locked/2026-09-07/zyf_unfocus1_20260907.edf,unfocus,unfocus,734.0,738.0
zyf_personal,zyf personal model,zyf,20260907_zyf_unfocus_01,data/locked/2026-09-07/zyf_unfocus1_20260907.edf,unfocus,focus,736.0,740.0
zyf_personal,zyf personal model,zyf,20260907_zyf_unfocus_01,data/locked/2026-09-07/zyf_unfocus1_20260907.edf,unfocus,unfocus,738.0,742.0
zyf_personal,zyf personal model,zyf,20260907_zyf_unfocus_01,data/locked/2026-09-07/zyf_unfocus1_20260907.edf,unfocus,unfocus,740.0,744.0
zyf_personal,zyf personal model,zyf,20260907_zyf_unfocus_01,data/locked/2026-09-07/zyf_unfocus1_20260907.edf,unfocus,unfocus,742.0,746.0
zyf_personal,zyf personal model,zyf,20260907_zyf_unfocus_01,data/locked/2026-09-07/zyf_unfocus1_20260907.edf,unfocus,unfocus,744.0,748.0
zyf_personal,zyf personal model,zyf,20260907_zyf_unfocus_01,data/locked/2026-09-07/zyf_unfocus1_20260907.edf,unfocus,unfocus,746.0,750.0
zyf_personal,zyf personal model,zyf,20260907_zyf_unfocus_01,data/locked/2026-09-07/zyf_unfocus1_20260907.edf,unfocus,unfocus,748.0,752.0
zyf_personal,zyf personal model,zyf,20260907_zyf_unfocus_01,data/locked/2026-09-07/zyf_unfocus1_20260907.edf,unfocus,unfocus,750.0,754.0
zyf_personal,zyf personal model,zyf,20260907_zyf_unfocus_01,data/locked/2026-09-07/zyf_unfocus1_20260907.edf,unfocus,unfocus,752.0,756.0
zyf_personal,zyf personal model,zyf,20260907_zyf_unfocus_01,data/locked/2026-09-07/zyf_unfocus1_20260907.edf,unfocus,unfocus,754.0,758.0
zyf_personal,zyf personal model,zyf,20260907_zyf_unfocus_01,data/locked/2026-09-07/zyf_unfocus1_20260907.edf,unfocus,unfocus,756.0,760.0
zyf_personal,zyf personal model,zyf,20260907_zyf_unfocus_01,data/locked/2026-09-07/zyf_unfocus1_20260907.edf,unfocus,unfocus,758.0,762.0
zyf_personal,zyf personal model,zyf,20260907_zyf_unfocus_01,data/locked/2026-09-07/zyf_unfocus1_20260907.edf,unfocus,unfocus,760.0,764.0
zyf_personal,zyf personal model,zyf,20260907_zyf_unfocus_01,data/locked/2026-09-07/zyf_unfocus1_20260907.edf,unfocus,unfocus,762.0,766.0
zyf_personal,zyf personal model,zyf,20260907_zyf_unfocus_01,data/locked/2026-09-07/zyf_unfocus1_20260907.edf,unfocus,unfocus,764.0,768.0
zyf_personal,zyf personal model,zyf,20260907_zyf_unfocus_01,data/locked/2026-09-07/zyf_unfocus1_20260907.edf,unfocus,unfocus,766.0,770.0
zyf_personal,zyf personal model,zyf,20260907_zyf_unfocus_01,data/locked/2026-09-07/zyf_unfocus1_20260907.edf,unfocus,unfocus,768.0,772.0
zyf_personal,zyf personal model,zyf,20260907_zyf_unfocus_01,data/locked/2026-09-07/zyf_unfocus1_20260907.edf,unfocus,unfocus,770.0,774.0
zyf_personal,zyf personal model,zyf,20260907_zyf_unfocus_01,data/locked/2026-09-07/zyf_unfocus1_20260907.edf,unfocus,unfocus,772.0,776.0
zyf_personal,zyf personal model,zyf,20260907_zyf_unfocus_01,data/locked/2026-09-07/zyf_unfocus1_20260907.edf,unfocus,unfocus,774.0,778.0
zyf_personal,zyf personal model,zyf,20260907_zyf_unfocus_01,data/locked/2026-09-07/zyf_unfocus1_20260907.edf,unfocus,unfocus,776.0,780.0
zyf_personal,zyf personal model,zyf,20260907_zyf_unfocus_01,data/locked/2026-09-07/zyf_unfocus1_20260907.edf,unfocus,unfocus,778.0,782.0
zyf_personal,zyf personal model,zyf,20260907_zyf_unfocus_01,data/locked/2026-09-07/zyf_unfocus1_20260907.edf,unfocus,unfocus,780.0,784.0
zyf_personal,zyf personal model,zyf,20260907_zyf_unfocus_01,data/locked/2026-09-07/zyf_unfocus1_20260907.edf,unfocus,unfocus,782.0,786.0
zyf_personal,zyf personal model,zyf,20260907_zyf_unfocus_01,data/locked/2026-09-07/zyf_unfocus1_20260907.edf,unfocus,unfocus,784.0,788.0
zyf_personal,zyf personal model,zyf,20260907_zyf_unfocus_01,data/locked/2026-09-07/zyf_unfocus1_20260907.edf,unfocus,unfocus,786.0,790.0
zyf_personal,zyf personal model,zyf,20260907_zyf_unfocus_01,data/locked/2026-09-07/zyf_unfocus1_20260907.edf,unfocus,unfocus,788.0,792.0
zyf_personal,zyf personal model,zyf,20260907_zyf_unfocus_01,data/locked/2026-09-07/zyf_unfocus1_20260907.edf,unfocus,unfocus,790.0,794.0
zyf_personal,zyf personal model,zyf,20260907_zyf_unfocus_01,data/locked/2026-09-07/zyf_unfocus1_20260907.edf,unfocus,unfocus,792.0,796.0
zyf_personal,zyf personal model,zyf,20260907_zyf_unfocus_01,data/locked/2026-09-07/zyf_unfocus1_20260907.edf,unfocus,unfocus,794.0,798.0
zyf_personal,zyf personal model,zyf,20260907_zyf_unfocus_01,data/locked/2026-09-07/zyf_unfocus1_20260907.edf,unfocus,unfocus,796.0,800.0
zyf_personal,zyf personal model,zyf,20260907_zyf_unfocus_01,data/locked/2026-09-07/zyf_unfocus1_20260907.edf,unfocus,unfocus,798.0,802.0
zyf_personal,zyf personal model,zyf,20260907_zyf_unfocus_01,data/locked/2026-09-07/zyf_unfocus1_20260907.edf,unfocus,unfocus,800.0,804.0
zyf_personal,zyf personal model,zyf,20260907_zyf_unfocus_01,data/locked/2026-09-07/zyf_unfocus1_20260907.edf,unfocus,unfocus,802.0,806.0
zyf_personal,zyf personal model,zyf,20260907_zyf_unfocus_01,data/locked/2026-09-07/zyf_unfocus1_20260907.edf,unfocus,unfocus,804.0,808.0
zyf_personal,zyf personal model,zyf,20260907_zyf_unfocus_01,data/locked/2026-09-07/zyf_unfocus1_20260907.edf,unfocus,unfocus,806.0,810.0
zyf_personal,zyf personal model,zyf,20260907_zyf_unfocus_01,data/locked/2026-09-07/zyf_unfocus1_20260907.edf,unfocus,unfocus,808.0,812.0
zyf_personal,zyf personal model,zyf,20260907_zyf_unfocus_01,data/locked/2026-09-07/zyf_unfocus1_20260907.edf,unfocus,unfocus,810.0,814.0
zyf_personal,zyf personal model,zyf,20260907_zyf_unfocus_01,data/locked/2026-09-07/zyf_unfocus1_20260907.edf,unfocus,unfocus,812.0,816.0
zyf_personal,zyf personal model,zyf,20260907_zyf_unfocus_01,data/locked/2026-09-07/zyf_unfocus1_20260907.edf,unfocus,unfocus,814.0,818.0
zyf_personal,zyf personal model,zyf,20260907_zyf_unfocus_01,data/locked/2026-09-07/zyf_unfocus1_20260907.edf,unfocus,unfocus,816.0,820.0
zyf_personal,zyf personal model,zyf,20260907_zyf_unfocus_01,data/locked/2026-09-07/zyf_unfocus1_20260907.edf,unfocus,unfocus,818.0,822.0
zyf_personal,zyf personal model,zyf,20260907_zyf_unfocus_01,data/locked/2026-09-07/zyf_unfocus1_20260907.edf,unfocus,unfocus,820.0,824.0
zyf_personal,zyf personal model,zyf,20260907_zyf_unfocus_01,data/locked/2026-09-07/zyf_unfocus1_20260907.edf,unfocus,unfocus,822.0,826.0
zyf_personal,zyf personal model,zyf,20260907_zyf_unfocus_01,data/locked/2026-09-07/zyf_unfocus1_20260907.edf,unfocus,unfocus,824.0,828.0
zyf_personal,zyf personal model,zyf,20260907_zyf_unfocus_01,data/locked/2026-09-07/zyf_unfocus1_20260907.edf,unfocus,unfocus,826.0,830.0
zyf_personal,zyf personal model,zyf,20260907_zyf_unfocus_01,data/locked/2026-09-07/zyf_unfocus1_20260907.edf,unfocus,unfocus,828.0,832.0
zyf_personal,zyf personal model,zyf,20260907_zyf_unfocus_01,data/locked/2026-09-07/zyf_unfocus1_20260907.edf,unfocus,unfocus,830.0,834.0
zyf_personal,zyf personal model,zyf,20260907_zyf_unfocus_01,data/locked/2026-09-07/zyf_unfocus1_20260907.edf,unfocus,unfocus,832.0,836.0
zyf_personal,zyf personal model,zyf,20260907_zyf_unfocus_01,data/locked/2026-09-07/zyf_unfocus1_20260907.edf,unfocus,unfocus,834.0,838.0
zyf_personal,zyf personal model,zyf,20260907_zyf_unfocus_01,data/locked/2026-09-07/zyf_unfocus1_20260907.edf,unfocus,unfocus,836.0,840.0
zyf_personal,zyf personal model,zyf,20260907_zyf_unfocus_01,data/locked/2026-09-07/zyf_unfocus1_20260907.edf,unfocus,unfocus,838.0,842.0
zyf_personal,zyf personal model,zyf,20260907_zyf_unfocus_01,data/locked/2026-09-07/zyf_unfocus1_20260907.edf,unfocus,unfocus,840.0,844.0
zyf_personal,zyf personal model,zyf,20260907_zyf_unfocus_01,data/locked/2026-09-07/zyf_unfocus1_20260907.edf,unfocus,unfocus,842.0,846.0
zyf_personal,zyf personal model,zyf,20260907_zyf_unfocus_01,data/locked/2026-09-07/zyf_unfocus1_20260907.edf,unfocus,unfocus,844.0,848.0
zyf_personal,zyf personal model,zyf,20260907_zyf_unfocus_01,data/locked/2026-09-07/zyf_unfocus1_20260907.edf,unfocus,unfocus,846.0,850.0
zyf_personal,zyf personal model,zyf,20260907_zyf_unfocus_01,data/locked/2026-09-07/zyf_unfocus1_20260907.edf,unfocus,unfocus,848.0,852.0
zyf_personal,zyf personal model,zyf,20260907_zyf_unfocus_01,data/locked/2026-09-07/zyf_unfocus1_20260907.edf,unfocus,unfocus,850.0,854.0
zyf_personal,zyf personal model,zyf,20260907_zyf_unfocus_01,data/locked/2026-09-07/zyf_unfocus1_20260907.edf,unfocus,unfocus,852.0,856.0
zyf_personal,zyf personal model,zyf,20260907_zyf_unfocus_01,data/locked/2026-09-07/zyf_unfocus1_20260907.edf,unfocus,unfocus,854.0,858.0
zyf_personal,zyf personal model,zyf,20260907_zyf_unfocus_01,data/locked/2026-09-07/zyf_unfocus1_20260907.edf,unfocus,unfocus,856.0,860.0
zyf_personal,zyf personal model,zyf,20260907_zyf_unfocus_01,data/locked/2026-09-07/zyf_unfocus1_20260907.edf,unfocus,unfocus,858.0,862.0
zyf_personal,zyf personal model,zyf,20260907_zyf_unfocus_01,data/locked/2026-09-07/zyf_unfocus1_20260907.edf,unfocus,unfocus,860.0,864.0
zyf_personal,zyf personal model,zyf,20260907_zyf_unfocus_01,data/locked/2026-09-07/zyf_unfocus1_20260907.edf,unfocus,unfocus,862.0,866.0
zyf_personal,zyf personal model,zyf,20260907_zyf_unfocus_01,data/locked/2026-09-07/zyf_unfocus1_20260907.edf,unfocus,unfocus,864.0,868.0
