fold,session_id,canonical_label,window_start_sec,window_sec,step_sec,model_sfreq_hz,true_label,predicted_label,focus_probability
1,20260916_lyc_focus_01,focus,0.0,4.0,2.0,128.0,focus,unfocus,0.4332233126143557
1,20260916_lyc_focus_01,focus,2.0,4.0,2.0,128.0,focus,unfocus,0.08189259403371375
1,20260916_lyc_focus_01,focus,4.0,4.0,2.0,128.0,focus,unfocus,0.0392714798089278
1,20260916_lyc_focus_01,focus,6.0,4.0,2.0,128.0,focus,unfocus,0.08292661509640122
1,20260916_lyc_focus_01,focus,8.0,4.0,2.0,128.0,focus,unfocus,0.007123585452449906
1,20260916_lyc_focus_01,focus,10.0,4.0,2.0,128.0,focus,unfocus,0.05108622619654589
1,20260916_lyc_focus_01,focus,12.0,4.0,2.0,128.0,focus,focus,0.9690762978482869
1,20260916_lyc_focus_01,focus,14.0,4.0,2.0,128.0,focus,focus,0.9969232348076089
1,20260916_lyc_focus_01,focus,16.0,4.0,2.0,128.0,focus,focus,0.9949120754300719
1,20260916_lyc_focus_01,focus,18.0,4.0,2.0,128.0,focus,focus,0.6580764547976208
1,20260916_lyc_focus_01,focus,20.0,4.0,2.0,128.0,focus,focus,0.9524930838798911
1,20260916_lyc_focus_01,focus,22.0,4.0,2.0,128.0,focus,focus,0.9917404063415637
1,20260916_lyc_focus_01,focus,24.0,4.0,2.0,128.0,focus,focus,0.9995434030260517
1,20260916_lyc_focus_01,focus,26.0,4.0,2.0,128.0,focus,focus,0.9976122797577839
1,20260916_lyc_focus_01,focus,28.0,4.0,2.0,128.0,focus,focus,0.9480086908082634
1,20260916_lyc_focus_01,focus,30.0,4.0,2.0,128.0,focus,focus,0.8387686420358748
1,20260916_lyc_focus_01,focus,32.0,4.0,2.0,128.0,focus,focus,0.9814352138685871
1,20260916_lyc_focus_01,focus,34.0,4.0,2.0,128.0,focus,focus,0.9996888028841601
1,20260916_lyc_focus_01,focus,36.0,4.0,2.0,128.0,focus,focus,0.9977074854736536
1,20260916_lyc_focus_01,focus,38.0,4.0,2.0,128.0,focus,focus,0.9940307947618301
1,20260916_lyc_focus_01,focus,40.0,4.0,2.0,128.0,focus,focus,0.997895139487173
1,20260916_lyc_focus_01,focus,42.0,4.0,2.0,128.0,focus,focus,0.9978386560882524
1,20260916_lyc_focus_01,focus,44.0,4.0,2.0,128.0,focus,focus,0.9958162558585875
1,20260916_lyc_focus_01,focus,46.0,4.0,2.0,128.0,focus,focus,0.9997870324347359
1,20260916_lyc_focus_01,focus,48.0,4.0,2.0,128.0,focus,focus,0.9995073960165032
1,20260916_lyc_focus_01,focus,50.0,4.0,2.0,128.0,focus,focus,0.9973563271036032
1,20260916_lyc_focus_01,focus,52.0,4.0,2.0,128.0,focus,focus,0.9924901727329557
1,20260916_lyc_focus_01,focus,54.0,4.0,2.0,128.0,focus,focus,0.9855310109620555
1,20260916_lyc_focus_01,focus,56.0,4.0,2.0,128.0,focus,focus,0.9990677848040702
1,20260916_lyc_focus_01,focus,58.0,4.0,2.0,128.0,focus,focus,0.9997850952973895
1,20260916_lyc_focus_01,focus,60.0,4.0,2.0,128.0,focus,focus,0.9999219784763655
1,20260916_lyc_focus_01,focus,62.0,4.0,2.0,128.0,focus,focus,0.9966532589428254
1,20260916_lyc_focus_01,focus,64.0,4.0,2.0,128.0,focus,focus,0.9988303941219372
1,20260916_lyc_focus_01,focus,66.0,4.0,2.0,128.0,focus,focus,0.9988021277508663
1,20260916_lyc_focus_01,focus,68.0,4.0,2.0,128.0,focus,focus,0.9954484193554077
1,20260916_lyc_focus_01,focus,70.0,4.0,2.0,128.0,focus,focus,0.8879404267189356
1,20260916_lyc_focus_01,focus,72.0,4.0,2.0,128.0,focus,focus,0.9983449138775824
1,20260916_lyc_focus_01,focus,74.0,4.0,2.0,128.0,focus,focus,0.9999763214033459
1,20260916_lyc_focus_01,focus,76.0,4.0,2.0,128.0,focus,focus,0.9980699102499349
1,20260916_lyc_focus_01,focus,78.0,4.0,2.0,128.0,focus,focus,0.9992123511282921
1,20260916_lyc_focus_01,focus,80.0,4.0,2.0,128.0,focus,focus,0.999818330328686
1,20260916_lyc_focus_01,focus,82.0,4.0,2.0,128.0,focus,focus,0.9999387887243063
1,20260916_lyc_focus_01,focus,84.0,4.0,2.0,128.0,focus,focus,0.9980637696298438
1,20260916_lyc_focus_01,focus,86.0,4.0,2.0,128.0,focus,focus,0.9466708321596272
1,20260916_lyc_focus_01,focus,88.0,4.0,2.0,128.0,focus,focus,0.984500736689747
1,20260916_lyc_focus_01,focus,90.0,4.0,2.0,128.0,focus,focus,0.9939517196290962
1,20260916_lyc_focus_01,focus,92.0,4.0,2.0,128.0,focus,focus,0.997537428787373
1,20260916_lyc_focus_01,focus,94.0,4.0,2.0,128.0,focus,focus,0.8974906291294407
1,20260916_lyc_focus_01,focus,96.0,4.0,2.0,128.0,focus,focus,0.9976973161127367
1,20260916_lyc_focus_01,focus,98.0,4.0,2.0,128.0,focus,focus,0.9998551310822824
1,20260916_lyc_focus_01,focus,100.0,4.0,2.0,128.0,focus,focus,0.9734429183231516
1,20260916_lyc_focus_01,focus,102.0,4.0,2.0,128.0,focus,focus,0.9954444383120163
1,20260916_lyc_focus_01,focus,104.0,4.0,2.0,128.0,focus,focus,0.99901905183388
1,20260916_lyc_focus_01,focus,106.0,4.0,2.0,128.0,focus,focus,0.9999136412042873
1,20260916_lyc_focus_01,focus,108.0,4.0,2.0,128.0,focus,focus,0.9999468491357081
1,20260916_lyc_focus_01,focus,110.0,4.0,2.0,128.0,focus,focus,0.9998502747223861
1,20260916_lyc_focus_01,focus,112.0,4.0,2.0,128.0,focus,focus,0.9988833801121628
1,20260916_lyc_focus_01,focus,114.0,4.0,2.0,128.0,focus,focus,0.9992323473313186
1,20260916_lyc_focus_01,focus,116.0,4.0,2.0,128.0,focus,focus,0.9999227383036087
1,20260916_lyc_focus_01,focus,118.0,4.0,2.0,128.0,focus,focus,0.993715449191689
1,20260916_lyc_focus_01,focus,120.0,4.0,2.0,128.0,focus,focus,0.9967259867707454
1,20260916_lyc_focus_01,focus,122.0,4.0,2.0,128.0,focus,focus,0.9999565030900793
1,20260916_lyc_focus_01,focus,124.0,4.0,2.0,128.0,focus,focus,0.9999521658755455
1,20260916_lyc_focus_01,focus,126.0,4.0,2.0,128.0,focus,focus,0.9998225821349026
1,20260916_lyc_focus_01,focus,128.0,4.0,2.0,128.0,focus,focus,0.9996820046688206
1,20260916_lyc_focus_01,focus,130.0,4.0,2.0,128.0,focus,focus,0.9789799071226786
1,20260916_lyc_focus_01,focus,132.0,4.0,2.0,128.0,focus,focus,0.9960470077620422
1,20260916_lyc_focus_01,focus,134.0,4.0,2.0,128.0,focus,focus,0.9984605345880962
1,20260916_lyc_focus_01,focus,136.0,4.0,2.0,128.0,focus,focus,0.971473113134941
1,20260916_lyc_focus_01,focus,138.0,4.0,2.0,128.0,focus,focus,0.957319296763789
1,20260916_lyc_focus_01,focus,140.0,4.0,2.0,128.0,focus,focus,0.9777476003778236
1,20260916_lyc_focus_01,focus,142.0,4.0,2.0,128.0,focus,focus,0.9969519692075385
1,20260916_lyc_focus_01,focus,144.0,4.0,2.0,128.0,focus,focus,0.9797916746460708
1,20260916_lyc_focus_01,focus,146.0,4.0,2.0,128.0,focus,focus,0.994472126145833
1,20260916_lyc_focus_01,focus,148.0,4.0,2.0,128.0,focus,focus,0.9879508364881506
1,20260916_lyc_focus_01,focus,150.0,4.0,2.0,128.0,focus,focus,0.9945874014302448
1,20260916_lyc_focus_01,focus,152.0,4.0,2.0,128.0,focus,focus,0.9995649961933276
1,20260916_lyc_focus_01,focus,154.0,4.0,2.0,128.0,focus,focus,0.9900185174920655
1,20260916_lyc_focus_01,focus,156.0,4.0,2.0,128.0,focus,focus,0.9930446173340668
1,20260916_lyc_focus_01,focus,158.0,4.0,2.0,128.0,focus,focus,0.9981151495894689
1,20260916_lyc_focus_01,focus,160.0,4.0,2.0,128.0,focus,focus,0.9899936265992366
1,20260916_lyc_focus_01,focus,162.0,4.0,2.0,128.0,focus,focus,0.9841484788006182
1,20260916_lyc_focus_01,focus,164.0,4.0,2.0,128.0,focus,focus,0.9999247177317232
1,20260916_lyc_focus_01,focus,166.0,4.0,2.0,128.0,focus,focus,0.9999247009879714
1,20260916_lyc_focus_01,focus,168.0,4.0,2.0,128.0,focus,focus,0.9994673240494149
1,20260916_lyc_focus_01,focus,170.0,4.0,2.0,128.0,focus,focus,0.9972482922251379
1,20260916_lyc_focus_01,focus,172.0,4.0,2.0,128.0,focus,focus,0.9935614591692257
1,20260916_lyc_focus_01,focus,174.0,4.0,2.0,128.0,focus,focus,0.9998634038374599
1,20260916_lyc_focus_01,focus,176.0,4.0,2.0,128.0,focus,focus,0.9992210502543909
1,20260916_lyc_focus_01,focus,178.0,4.0,2.0,128.0,focus,focus,0.9994817900871478
1,20260916_lyc_focus_01,focus,180.0,4.0,2.0,128.0,focus,focus,0.995891631372933
1,20260916_lyc_focus_01,focus,182.0,4.0,2.0,128.0,focus,focus,0.999599727268567
1,20260916_lyc_focus_01,focus,184.0,4.0,2.0,128.0,focus,focus,0.9973148145441433
1,20260916_lyc_focus_01,focus,186.0,4.0,2.0,128.0,focus,focus,0.9998469374544042
1,20260916_lyc_focus_01,focus,188.0,4.0,2.0,128.0,focus,focus,0.999777299208484
1,20260916_lyc_focus_01,focus,190.0,4.0,2.0,128.0,focus,focus,0.9971065173274399
1,20260916_lyc_focus_01,focus,192.0,4.0,2.0,128.0,focus,focus,0.9996440212762574
1,20260916_lyc_focus_01,focus,194.0,4.0,2.0,128.0,focus,focus,0.998221791084656
1,20260916_lyc_focus_01,focus,196.0,4.0,2.0,128.0,focus,focus,0.9996647107333391
1,20260916_lyc_focus_01,focus,198.0,4.0,2.0,128.0,focus,focus,0.9997242450101909
1,20260916_lyc_focus_01,focus,200.0,4.0,2.0,128.0,focus,focus,0.9997514810737331
1,20260916_lyc_focus_01,focus,202.0,4.0,2.0,128.0,focus,focus,0.9945703118966683
1,20260916_lyc_focus_01,focus,204.0,4.0,2.0,128.0,focus,focus,0.9995931997521031
1,20260916_lyc_focus_01,focus,206.0,4.0,2.0,128.0,focus,focus,0.9990784327306753
1,20260916_lyc_focus_01,focus,208.0,4.0,2.0,128.0,focus,focus,0.9996999865471424
1,20260916_lyc_focus_01,focus,210.0,4.0,2.0,128.0,focus,focus,0.9976162313863272
1,20260916_lyc_focus_01,focus,212.0,4.0,2.0,128.0,focus,focus,0.9938627163137547
1,20260916_lyc_focus_01,focus,214.0,4.0,2.0,128.0,focus,focus,0.9617246085386072
1,20260916_lyc_focus_01,focus,216.0,4.0,2.0,128.0,focus,focus,0.9927938294397652
1,20260916_lyc_focus_01,focus,218.0,4.0,2.0,128.0,focus,focus,0.9999878904045004
1,20260916_lyc_focus_01,focus,220.0,4.0,2.0,128.0,focus,focus,0.9998387828541286
1,20260916_lyc_focus_01,focus,222.0,4.0,2.0,128.0,focus,focus,0.9999964428364237
1,20260916_lyc_focus_01,focus,224.0,4.0,2.0,128.0,focus,focus,0.9957385994954223
1,20260916_lyc_focus_01,focus,226.0,4.0,2.0,128.0,focus,focus,0.9892462099687244
1,20260916_lyc_focus_01,focus,228.0,4.0,2.0,128.0,focus,focus,0.9985800527104006
1,20260916_lyc_focus_01,focus,230.0,4.0,2.0,128.0,focus,focus,0.9987794590956922
1,20260916_lyc_focus_01,focus,232.0,4.0,2.0,128.0,focus,focus,0.9987705006383781
1,20260916_lyc_focus_01,focus,234.0,4.0,2.0,128.0,focus,focus,0.998618205203678
1,20260916_lyc_focus_01,focus,236.0,4.0,2.0,128.0,focus,focus,0.9907901408728967
1,20260916_lyc_focus_01,focus,238.0,4.0,2.0,128.0,focus,focus,0.9995063213038153
1,20260916_lyc_focus_01,focus,240.0,4.0,2.0,128.0,focus,focus,0.999578458695017
1,20260916_lyc_focus_01,focus,242.0,4.0,2.0,128.0,focus,focus,0.9931353900529624
1,20260916_lyc_focus_01,focus,244.0,4.0,2.0,128.0,focus,focus,0.9988780170815176
1,20260916_lyc_focus_01,focus,246.0,4.0,2.0,128.0,focus,focus,0.9985242300310465
1,20260916_lyc_focus_01,focus,248.0,4.0,2.0,128.0,focus,focus,0.9994718979691102
1,20260916_lyc_focus_01,focus,250.0,4.0,2.0,128.0,focus,focus,0.9997816738233689
1,20260916_lyc_focus_01,focus,252.0,4.0,2.0,128.0,focus,focus,0.9963309720019667
1,20260916_lyc_focus_01,focus,254.0,4.0,2.0,128.0,focus,focus,0.9991803532184809
1,20260916_lyc_focus_01,focus,256.0,4.0,2.0,128.0,focus,focus,0.9972299979428332
1,20260916_lyc_focus_01,focus,258.0,4.0,2.0,128.0,focus,focus,0.9990331699870934
1,20260916_lyc_focus_01,focus,260.0,4.0,2.0,128.0,focus,focus,0.9998118642226382
1,20260916_lyc_focus_01,focus,262.0,4.0,2.0,128.0,focus,focus,0.9996049364826683
1,20260916_lyc_focus_01,focus,264.0,4.0,2.0,128.0,focus,focus,0.9987512697057254
1,20260916_lyc_focus_01,focus,266.0,4.0,2.0,128.0,focus,focus,0.9971626409390064
1,20260916_lyc_focus_01,focus,268.0,4.0,2.0,128.0,focus,focus,0.9984951625149225
1,20260916_lyc_focus_01,focus,270.0,4.0,2.0,128.0,focus,focus,0.9998894072234017
1,20260916_lyc_focus_01,focus,272.0,4.0,2.0,128.0,focus,focus,0.9969134375682617
1,20260916_lyc_focus_01,focus,274.0,4.0,2.0,128.0,focus,focus,0.9988939197756393
1,20260916_lyc_focus_01,focus,276.0,4.0,2.0,128.0,focus,focus,0.9984333174174116
1,20260916_lyc_focus_01,focus,278.0,4.0,2.0,128.0,focus,focus,0.9999664200148423
1,20260916_lyc_focus_01,focus,280.0,4.0,2.0,128.0,focus,focus,0.9999357323683714
1,20260916_lyc_focus_01,focus,282.0,4.0,2.0,128.0,focus,focus,0.9887777818463618
1,20260916_lyc_focus_01,focus,284.0,4.0,2.0,128.0,focus,focus,0.9983326798115016
1,20260916_lyc_focus_01,focus,286.0,4.0,2.0,128.0,focus,focus,0.9997898804813504
1,20260916_lyc_focus_01,focus,288.0,4.0,2.0,128.0,focus,focus,0.8343748104013659
1,20260916_lyc_focus_01,focus,290.0,4.0,2.0,128.0,focus,focus,0.9150945413623416
1,20260916_lyc_focus_01,focus,292.0,4.0,2.0,128.0,focus,focus,0.9999936551206192
1,20260916_lyc_focus_01,focus,294.0,4.0,2.0,128.0,focus,focus,0.9999867953696402
1,20260916_lyc_focus_01,focus,296.0,4.0,2.0,128.0,focus,focus,0.999582639148524
1,20260916_lyc_focus_01,focus,298.0,4.0,2.0,128.0,focus,focus,0.9945464405360457
1,20260916_lyc_focus_01,focus,300.0,4.0,2.0,128.0,focus,focus,0.9747097502737772
1,20260916_lyc_focus_01,focus,302.0,4.0,2.0,128.0,focus,focus,0.9962084358113644
1,20260916_lyc_focus_01,focus,304.0,4.0,2.0,128.0,focus,focus,0.9723733186942844
1,20260916_lyc_focus_01,focus,306.0,4.0,2.0,128.0,focus,focus,0.9385991053740519
1,20260916_lyc_focus_01,focus,308.0,4.0,2.0,128.0,focus,focus,0.8003530523056911
1,20260916_lyc_focus_01,focus,310.0,4.0,2.0,128.0,focus,focus,0.8893845150509098
1,20260916_lyc_focus_01,focus,312.0,4.0,2.0,128.0,focus,focus,0.9895258327719761
1,20260916_lyc_focus_01,focus,314.0,4.0,2.0,128.0,focus,focus,0.9999391957756477
1,20260916_lyc_focus_01,focus,316.0,4.0,2.0,128.0,focus,focus,0.9999596873488038
1,20260916_lyc_focus_01,focus,318.0,4.0,2.0,128.0,focus,focus,0.9998087263600285
1,20260916_lyc_focus_01,focus,320.0,4.0,2.0,128.0,focus,focus,0.9998616129588485
1,20260916_lyc_focus_01,focus,322.0,4.0,2.0,128.0,focus,focus,0.9990732692853247
1,20260916_lyc_focus_01,focus,324.0,4.0,2.0,128.0,focus,focus,0.9968631651324216
1,20260916_lyc_focus_01,focus,326.0,4.0,2.0,128.0,focus,focus,0.999244102107366
1,20260916_lyc_focus_01,focus,328.0,4.0,2.0,128.0,focus,focus,0.9998544134648099
1,20260916_lyc_focus_01,focus,330.0,4.0,2.0,128.0,focus,focus,0.9997505616850451
1,20260916_lyc_focus_01,focus,332.0,4.0,2.0,128.0,focus,focus,0.9875718486392528
1,20260916_lyc_focus_01,focus,334.0,4.0,2.0,128.0,focus,focus,0.9741081392866068
1,20260916_lyc_focus_01,focus,336.0,4.0,2.0,128.0,focus,focus,0.9806392346902397
1,20260916_lyc_focus_01,focus,338.0,4.0,2.0,128.0,focus,focus,0.9988990536773487
1,20260916_lyc_focus_01,focus,340.0,4.0,2.0,128.0,focus,focus,0.9999172162727923
1,20260916_lyc_focus_01,focus,342.0,4.0,2.0,128.0,focus,focus,0.9997704721065
1,20260916_lyc_focus_01,focus,344.0,4.0,2.0,128.0,focus,focus,0.9994465956086179
1,20260916_lyc_focus_01,focus,346.0,4.0,2.0,128.0,focus,focus,0.9995318457578944
1,20260916_lyc_focus_01,focus,348.0,4.0,2.0,128.0,focus,focus,0.9992215508333058
1,20260916_lyc_focus_01,focus,350.0,4.0,2.0,128.0,focus,focus,0.960854341715256
1,20260916_lyc_focus_01,focus,352.0,4.0,2.0,128.0,focus,focus,0.9791825027748915
1,20260916_lyc_focus_01,focus,354.0,4.0,2.0,128.0,focus,focus,0.9903919459183222
1,20260916_lyc_focus_01,focus,356.0,4.0,2.0,128.0,focus,focus,0.9611694951768752
1,20260916_lyc_focus_01,focus,358.0,4.0,2.0,128.0,focus,focus,0.9977594984408693
1,20260916_lyc_focus_01,focus,360.0,4.0,2.0,128.0,focus,focus,0.9981590885933928
1,20260916_lyc_focus_01,focus,362.0,4.0,2.0,128.0,focus,focus,0.9994929321342589
1,20260916_lyc_focus_01,focus,364.0,4.0,2.0,128.0,focus,focus,0.9995043079770506
1,20260916_lyc_focus_01,focus,366.0,4.0,2.0,128.0,focus,focus,0.9766964542396604
1,20260916_lyc_focus_01,focus,368.0,4.0,2.0,128.0,focus,focus,0.998695816667817
1,20260916_lyc_focus_01,focus,370.0,4.0,2.0,128.0,focus,focus,0.9953515026078356
1,20260916_lyc_focus_01,focus,372.0,4.0,2.0,128.0,focus,focus,0.9987850162153199
1,20260916_lyc_focus_01,focus,374.0,4.0,2.0,128.0,focus,focus,0.9961939949739297
1,20260916_lyc_focus_01,focus,376.0,4.0,2.0,128.0,focus,focus,0.9997381365427828
1,20260916_lyc_focus_01,focus,378.0,4.0,2.0,128.0,focus,focus,0.9999854402884517
1,20260916_lyc_focus_01,focus,380.0,4.0,2.0,128.0,focus,focus,0.9998754358691001
1,20260916_lyc_focus_01,focus,382.0,4.0,2.0,128.0,focus,focus,0.9994614939911133
1,20260916_lyc_focus_01,focus,384.0,4.0,2.0,128.0,focus,focus,0.9988634912400784
1,20260916_lyc_focus_01,focus,386.0,4.0,2.0,128.0,focus,focus,0.9900316067725053
1,20260916_lyc_focus_01,focus,388.0,4.0,2.0,128.0,focus,focus,0.9194407800371045
1,20260916_lyc_focus_01,focus,390.0,4.0,2.0,128.0,focus,focus,0.9997550787258653
1,20260916_lyc_focus_01,focus,392.0,4.0,2.0,128.0,focus,focus,0.999708955994912
1,20260916_lyc_focus_01,focus,394.0,4.0,2.0,128.0,focus,focus,0.9996067182009972
1,20260916_lyc_focus_01,focus,396.0,4.0,2.0,128.0,focus,focus,0.9998057165983313
1,20260916_lyc_focus_01,focus,398.0,4.0,2.0,128.0,focus,focus,0.9948926198989195
1,20260916_lyc_focus_01,focus,400.0,4.0,2.0,128.0,focus,focus,0.9908369611685546
1,20260916_lyc_focus_01,focus,402.0,4.0,2.0,128.0,focus,focus,0.9853252893717205
1,20260916_lyc_focus_01,focus,404.0,4.0,2.0,128.0,focus,focus,0.9973688693998685
1,20260916_lyc_focus_01,focus,406.0,4.0,2.0,128.0,focus,focus,0.9981625985778612
1,20260916_lyc_focus_01,focus,408.0,4.0,2.0,128.0,focus,focus,0.993353730287963
1,20260916_lyc_focus_01,focus,410.0,4.0,2.0,128.0,focus,focus,0.9912101556244912
1,20260916_lyc_focus_01,focus,412.0,4.0,2.0,128.0,focus,focus,0.9916953161323341
1,20260916_lyc_focus_01,focus,414.0,4.0,2.0,128.0,focus,focus,0.9991681700389996
1,20260916_lyc_focus_01,focus,416.0,4.0,2.0,128.0,focus,focus,0.9865862647741214
1,20260916_lyc_focus_01,focus,418.0,4.0,2.0,128.0,focus,focus,0.9997045293587457
1,20260916_lyc_focus_01,focus,420.0,4.0,2.0,128.0,focus,focus,0.9635979898165138
1,20260916_lyc_focus_01,focus,422.0,4.0,2.0,128.0,focus,focus,0.998595860863427
1,20260916_lyc_focus_01,focus,424.0,4.0,2.0,128.0,focus,focus,0.9818090399665607
1,20260916_lyc_focus_01,focus,426.0,4.0,2.0,128.0,focus,focus,0.8758830588679914
1,20260916_lyc_focus_01,focus,428.0,4.0,2.0,128.0,focus,focus,0.945208298693494
1,20260916_lyc_focus_01,focus,430.0,4.0,2.0,128.0,focus,focus,0.9958471068451373
1,20260916_lyc_focus_01,focus,432.0,4.0,2.0,128.0,focus,focus,0.995830696220543
1,20260916_lyc_focus_01,focus,434.0,4.0,2.0,128.0,focus,focus,0.9992552629268906
1,20260916_lyc_focus_01,focus,436.0,4.0,2.0,128.0,focus,focus,0.997009206500504
1,20260916_lyc_focus_01,focus,438.0,4.0,2.0,128.0,focus,focus,0.9922150298273085
1,20260916_lyc_focus_01,focus,440.0,4.0,2.0,128.0,focus,focus,0.9994513099046854
1,20260916_lyc_focus_01,focus,442.0,4.0,2.0,128.0,focus,focus,0.9999919477717263
1,20260916_lyc_focus_01,focus,444.0,4.0,2.0,128.0,focus,focus,0.9999864978816106
1,20260916_lyc_focus_01,focus,446.0,4.0,2.0,128.0,focus,focus,0.999947454890548
1,20260916_lyc_focus_01,focus,448.0,4.0,2.0,128.0,focus,focus,0.9994726205160966
1,20260916_lyc_focus_01,focus,450.0,4.0,2.0,128.0,focus,focus,0.999907708377503
1,20260916_lyc_focus_01,focus,452.0,4.0,2.0,128.0,focus,focus,0.9997118900032888
1,20260916_lyc_focus_01,focus,454.0,4.0,2.0,128.0,focus,focus,0.911544882235495
1,20260916_lyc_focus_01,focus,456.0,4.0,2.0,128.0,focus,focus,0.9772898528099266
1,20260916_lyc_focus_01,focus,458.0,4.0,2.0,128.0,focus,focus,0.5750744117359211
1,20260916_lyc_focus_01,focus,460.0,4.0,2.0,128.0,focus,focus,0.8337402983727676
1,20260916_lyc_focus_01,focus,462.0,4.0,2.0,128.0,focus,focus,0.693482223006783
1,20260916_lyc_focus_01,focus,464.0,4.0,2.0,128.0,focus,focus,0.9788261295715882
1,20260916_lyc_focus_01,focus,466.0,4.0,2.0,128.0,focus,focus,0.9918008524806995
1,20260916_lyc_focus_01,focus,468.0,4.0,2.0,128.0,focus,focus,0.9825334023579697
1,20260916_lyc_focus_01,focus,470.0,4.0,2.0,128.0,focus,focus,0.9971641493751496
1,20260916_lyc_focus_01,focus,472.0,4.0,2.0,128.0,focus,focus,0.9980647213041484
1,20260916_lyc_focus_01,focus,474.0,4.0,2.0,128.0,focus,focus,0.9966330939713537
1,20260916_lyc_focus_01,focus,476.0,4.0,2.0,128.0,focus,focus,0.9992218710037725
1,20260916_lyc_focus_01,focus,478.0,4.0,2.0,128.0,focus,focus,0.997312890760196
1,20260916_lyc_focus_01,focus,480.0,4.0,2.0,128.0,focus,focus,0.9998168424588414
1,20260916_lyc_focus_01,focus,482.0,4.0,2.0,128.0,focus,focus,0.9998903373399592
1,20260916_lyc_focus_01,focus,484.0,4.0,2.0,128.0,focus,focus,0.9994955713761211
1,20260916_lyc_focus_01,focus,486.0,4.0,2.0,128.0,focus,focus,0.9882850281232369
1,20260916_lyc_focus_01,focus,488.0,4.0,2.0,128.0,focus,focus,0.971790787756664
1,20260916_lyc_focus_01,focus,490.0,4.0,2.0,128.0,focus,focus,0.9974825679034608
1,20260916_lyc_focus_01,focus,492.0,4.0,2.0,128.0,focus,focus,0.9980302611645029
1,20260916_lyc_focus_01,focus,494.0,4.0,2.0,128.0,focus,focus,0.9999169479764842
1,20260916_lyc_focus_01,focus,496.0,4.0,2.0,128.0,focus,focus,0.9972398530259782
1,20260916_lyc_focus_01,focus,498.0,4.0,2.0,128.0,focus,focus,0.997544331234497
1,20260916_lyc_focus_01,focus,500.0,4.0,2.0,128.0,focus,focus,0.9999679217433155
1,20260916_lyc_focus_01,focus,502.0,4.0,2.0,128.0,focus,focus,0.9998820331560657
1,20260916_lyc_focus_01,focus,504.0,4.0,2.0,128.0,focus,focus,0.9841347475764652
1,20260916_lyc_focus_01,focus,506.0,4.0,2.0,128.0,focus,focus,0.9997920356576308
1,20260916_lyc_focus_01,focus,508.0,4.0,2.0,128.0,focus,focus,0.99962271076255
1,20260916_lyc_focus_01,focus,510.0,4.0,2.0,128.0,focus,focus,0.9989122533437487
1,20260916_lyc_focus_01,focus,512.0,4.0,2.0,128.0,focus,focus,0.9998116007498468
1,20260916_lyc_focus_01,focus,514.0,4.0,2.0,128.0,focus,focus,0.9982145769985534
1,20260916_lyc_focus_01,focus,516.0,4.0,2.0,128.0,focus,focus,0.9996049476980489
1,20260916_lyc_focus_01,focus,518.0,4.0,2.0,128.0,focus,focus,0.999238810610611
1,20260916_lyc_focus_01,focus,520.0,4.0,2.0,128.0,focus,focus,0.9998286378505653
1,20260916_lyc_focus_01,focus,522.0,4.0,2.0,128.0,focus,focus,0.9962306853042802
1,20260916_lyc_focus_01,focus,524.0,4.0,2.0,128.0,focus,focus,0.9953365937997463
1,20260916_lyc_focus_01,focus,526.0,4.0,2.0,128.0,focus,focus,0.7062002262989526
1,20260916_lyc_focus_01,focus,528.0,4.0,2.0,128.0,focus,focus,0.8045275804703416
1,20260916_lyc_focus_01,focus,530.0,4.0,2.0,128.0,focus,focus,0.9999590479886349
1,20260916_lyc_focus_01,focus,532.0,4.0,2.0,128.0,focus,focus,0.9999522945413517
1,20260916_lyc_focus_01,focus,534.0,4.0,2.0,128.0,focus,focus,0.999988517274911
1,20260916_lyc_focus_01,focus,536.0,4.0,2.0,128.0,focus,focus,0.9968530377464693
1,20260916_lyc_focus_01,focus,538.0,4.0,2.0,128.0,focus,focus,0.9992664480601757
1,20260916_lyc_focus_01,focus,540.0,4.0,2.0,128.0,focus,focus,0.9999079019220878
1,20260916_lyc_focus_01,focus,542.0,4.0,2.0,128.0,focus,focus,0.9999918710401536
1,20260916_lyc_focus_01,focus,544.0,4.0,2.0,128.0,focus,focus,0.9995186831849006
1,20260916_lyc_focus_01,focus,546.0,4.0,2.0,128.0,focus,focus,0.9999578543364745
1,20260916_lyc_focus_01,focus,548.0,4.0,2.0,128.0,focus,focus,0.9903842069789274
1,20260916_lyc_focus_01,focus,550.0,4.0,2.0,128.0,focus,focus,0.9996954431723223
1,20260916_lyc_focus_01,focus,552.0,4.0,2.0,128.0,focus,focus,0.9996207379920486
1,20260916_lyc_focus_01,focus,554.0,4.0,2.0,128.0,focus,focus,0.9999880342247255
1,20260916_lyc_focus_01,focus,556.0,4.0,2.0,128.0,focus,focus,0.9998779098120933
1,20260916_lyc_focus_01,focus,558.0,4.0,2.0,128.0,focus,focus,0.9993063435989559
1,20260916_lyc_focus_01,focus,560.0,4.0,2.0,128.0,focus,focus,0.9911824175787562
1,20260916_lyc_focus_01,focus,562.0,4.0,2.0,128.0,focus,focus,0.9988868676059502
1,20260916_lyc_focus_01,focus,564.0,4.0,2.0,128.0,focus,focus,0.9955201701348504
1,20260916_lyc_focus_01,focus,566.0,4.0,2.0,128.0,focus,focus,0.9998838021243519
1,20260916_lyc_focus_01,focus,568.0,4.0,2.0,128.0,focus,focus,0.9996379608317242
1,20260916_lyc_focus_01,focus,570.0,4.0,2.0,128.0,focus,focus,0.9992090329859861
1,20260916_lyc_focus_01,focus,572.0,4.0,2.0,128.0,focus,focus,0.9993105299548782
1,20260916_lyc_focus_01,focus,574.0,4.0,2.0,128.0,focus,focus,0.9999187362159051
1,20260916_lyc_focus_01,focus,576.0,4.0,2.0,128.0,focus,focus,0.9992088805393167
1,20260916_lyc_focus_01,focus,578.0,4.0,2.0,128.0,focus,focus,0.9875961477371459
1,20260916_lyc_focus_01,focus,580.0,4.0,2.0,128.0,focus,focus,0.9955563553315613
1,20260916_lyc_focus_01,focus,582.0,4.0,2.0,128.0,focus,focus,0.9981490383202802
1,20260916_lyc_focus_01,focus,584.0,4.0,2.0,128.0,focus,focus,0.9986986057341043
1,20260916_lyc_focus_01,focus,586.0,4.0,2.0,128.0,focus,focus,0.9998075062384546
1,20260916_lyc_focus_01,focus,588.0,4.0,2.0,128.0,focus,focus,0.9999070709161585
1,20260916_lyc_focus_01,focus,590.0,4.0,2.0,128.0,focus,focus,0.9996408270267275
1,20260916_lyc_focus_01,focus,592.0,4.0,2.0,128.0,focus,focus,0.9915954093892115
1,20260916_lyc_focus_01,focus,594.0,4.0,2.0,128.0,focus,focus,0.998045962636293
1,20260916_lyc_focus_01,focus,596.0,4.0,2.0,128.0,focus,focus,0.9930508356867502
1,20260916_lyc_focus_01,focus,598.0,4.0,2.0,128.0,focus,focus,0.9992429961300717
1,20260916_lyc_focus_01,focus,600.0,4.0,2.0,128.0,focus,focus,0.9986603614694178
1,20260916_lyc_focus_01,focus,602.0,4.0,2.0,128.0,focus,focus,0.9993291731275595
1,20260916_lyc_focus_01,focus,604.0,4.0,2.0,128.0,focus,focus,0.9989061746104587
1,20260916_lyc_focus_01,focus,606.0,4.0,2.0,128.0,focus,focus,0.9987378996755149
1,20260916_lyc_focus_01,focus,608.0,4.0,2.0,128.0,focus,focus,0.9999875826077154
1,20260916_lyc_focus_01,focus,610.0,4.0,2.0,128.0,focus,focus,0.9999489334296134
1,20260916_lyc_focus_01,focus,612.0,4.0,2.0,128.0,focus,focus,0.9990650181276087
1,20260916_lyc_focus_01,focus,614.0,4.0,2.0,128.0,focus,focus,0.9999723155079683
1,20260916_lyc_focus_01,focus,616.0,4.0,2.0,128.0,focus,focus,0.9998388938437562
2,20260916_lyc_focus_02,focus,0.0,4.0,2.0,128.0,focus,focus,0.9963518143438341
2,20260916_lyc_focus_02,focus,2.0,4.0,2.0,128.0,focus,focus,0.9955585431659391
2,20260916_lyc_focus_02,focus,4.0,4.0,2.0,128.0,focus,focus,0.9999928670018726
2,20260916_lyc_focus_02,focus,6.0,4.0,2.0,128.0,focus,focus,0.9999801171780891
2,20260916_lyc_focus_02,focus,8.0,4.0,2.0,128.0,focus,unfocus,0.4697069678588012
2,20260916_lyc_focus_02,focus,10.0,4.0,2.0,128.0,focus,focus,0.6069190778574401
2,20260916_lyc_focus_02,focus,12.0,4.0,2.0,128.0,focus,focus,0.9996614644669282
2,20260916_lyc_focus_02,focus,14.0,4.0,2.0,128.0,focus,focus,0.9993024384733383
2,20260916_lyc_focus_02,focus,16.0,4.0,2.0,128.0,focus,focus,0.9998882175421914
2,20260916_lyc_focus_02,focus,18.0,4.0,2.0,128.0,focus,focus,0.9977331223316491
2,20260916_lyc_focus_02,focus,20.0,4.0,2.0,128.0,focus,focus,0.9981965538240354
2,20260916_lyc_focus_02,focus,22.0,4.0,2.0,128.0,focus,focus,0.9999804784447219
2,20260916_lyc_focus_02,focus,24.0,4.0,2.0,128.0,focus,focus,0.9959345285916611
2,20260916_lyc_focus_02,focus,26.0,4.0,2.0,128.0,focus,focus,0.9986227567274437
2,20260916_lyc_focus_02,focus,28.0,4.0,2.0,128.0,focus,focus,0.9999818954147981
2,20260916_lyc_focus_02,focus,30.0,4.0,2.0,128.0,focus,focus,0.9996900188663937
2,20260916_lyc_focus_02,focus,32.0,4.0,2.0,128.0,focus,focus,0.9999527873352466
2,20260916_lyc_focus_02,focus,34.0,4.0,2.0,128.0,focus,focus,0.9999889093404988
2,20260916_lyc_focus_02,focus,36.0,4.0,2.0,128.0,focus,focus,0.9999133522875542
2,20260916_lyc_focus_02,focus,38.0,4.0,2.0,128.0,focus,focus,0.999762396874806
2,20260916_lyc_focus_02,focus,40.0,4.0,2.0,128.0,focus,focus,0.9997020980926744
2,20260916_lyc_focus_02,focus,42.0,4.0,2.0,128.0,focus,focus,0.9995189773715722
2,20260916_lyc_focus_02,focus,44.0,4.0,2.0,128.0,focus,focus,0.9997208598196875
2,20260916_lyc_focus_02,focus,46.0,4.0,2.0,128.0,focus,focus,0.9992675489176491
2,20260916_lyc_focus_02,focus,48.0,4.0,2.0,128.0,focus,focus,0.9991216022705814
2,20260916_lyc_focus_02,focus,50.0,4.0,2.0,128.0,focus,focus,0.9918975981371199
2,20260916_lyc_focus_02,focus,52.0,4.0,2.0,128.0,focus,focus,0.9987589377239197
2,20260916_lyc_focus_02,focus,54.0,4.0,2.0,128.0,focus,focus,0.9990597071117626
2,20260916_lyc_focus_02,focus,56.0,4.0,2.0,128.0,focus,focus,0.997533733785362
2,20260916_lyc_focus_02,focus,58.0,4.0,2.0,128.0,focus,focus,0.9998892346746537
2,20260916_lyc_focus_02,focus,60.0,4.0,2.0,128.0,focus,focus,0.9999934033202482
2,20260916_lyc_focus_02,focus,62.0,4.0,2.0,128.0,focus,focus,0.9999029177066453
2,20260916_lyc_focus_02,focus,64.0,4.0,2.0,128.0,focus,focus,0.999993223100034
2,20260916_lyc_focus_02,focus,66.0,4.0,2.0,128.0,focus,focus,0.9980479968827367
2,20260916_lyc_focus_02,focus,68.0,4.0,2.0,128.0,focus,focus,0.9997718979144551
2,20260916_lyc_focus_02,focus,70.0,4.0,2.0,128.0,focus,focus,0.995566260700313
2,20260916_lyc_focus_02,focus,72.0,4.0,2.0,128.0,focus,focus,0.9996440902652106
2,20260916_lyc_focus_02,focus,74.0,4.0,2.0,128.0,focus,focus,0.9987090302253614
2,20260916_lyc_focus_02,focus,76.0,4.0,2.0,128.0,focus,focus,0.9999506346743424
2,20260916_lyc_focus_02,focus,78.0,4.0,2.0,128.0,focus,focus,0.999910401202878
2,20260916_lyc_focus_02,focus,80.0,4.0,2.0,128.0,focus,focus,0.9998685382153907
2,20260916_lyc_focus_02,focus,82.0,4.0,2.0,128.0,focus,focus,0.999921673532004
2,20260916_lyc_focus_02,focus,84.0,4.0,2.0,128.0,focus,focus,0.999829742447864
2,20260916_lyc_focus_02,focus,86.0,4.0,2.0,128.0,focus,focus,0.9999670086961596
2,20260916_lyc_focus_02,focus,88.0,4.0,2.0,128.0,focus,focus,0.9998325871980763
2,20260916_lyc_focus_02,focus,90.0,4.0,2.0,128.0,focus,focus,0.9999797845539556
2,20260916_lyc_focus_02,focus,92.0,4.0,2.0,128.0,focus,focus,0.9997741257752548
2,20260916_lyc_focus_02,focus,94.0,4.0,2.0,128.0,focus,focus,0.9961994254102788
2,20260916_lyc_focus_02,focus,96.0,4.0,2.0,128.0,focus,focus,0.9993042076040292
2,20260916_lyc_focus_02,focus,98.0,4.0,2.0,128.0,focus,focus,0.9997931441483425
2,20260916_lyc_focus_02,focus,100.0,4.0,2.0,128.0,focus,focus,0.9999943985479822
2,20260916_lyc_focus_02,focus,102.0,4.0,2.0,128.0,focus,focus,0.9998898444618027
2,20260916_lyc_focus_02,focus,104.0,4.0,2.0,128.0,focus,focus,0.9944908116086619
2,20260916_lyc_focus_02,focus,106.0,4.0,2.0,128.0,focus,focus,0.9999787844825789
2,20260916_lyc_focus_02,focus,108.0,4.0,2.0,128.0,focus,focus,0.9989933073603593
2,20260916_lyc_focus_02,focus,110.0,4.0,2.0,128.0,focus,focus,0.991578363432733
2,20260916_lyc_focus_02,focus,112.0,4.0,2.0,128.0,focus,focus,0.9999091785871772
2,20260916_lyc_focus_02,focus,114.0,4.0,2.0,128.0,focus,focus,0.9998326158606612
2,20260916_lyc_focus_02,focus,116.0,4.0,2.0,128.0,focus,focus,0.998786043902736
2,20260916_lyc_focus_02,focus,118.0,4.0,2.0,128.0,focus,focus,0.9797124644803518
2,20260916_lyc_focus_02,focus,120.0,4.0,2.0,128.0,focus,focus,0.9989543857194632
2,20260916_lyc_focus_02,focus,122.0,4.0,2.0,128.0,focus,focus,0.9994397036305946
2,20260916_lyc_focus_02,focus,124.0,4.0,2.0,128.0,focus,focus,0.9998039008647336
2,20260916_lyc_focus_02,focus,126.0,4.0,2.0,128.0,focus,focus,0.9859232042274432
2,20260916_lyc_focus_02,focus,128.0,4.0,2.0,128.0,focus,focus,0.8598965313760227
2,20260916_lyc_focus_02,focus,130.0,4.0,2.0,128.0,focus,focus,0.9891585035310574
2,20260916_lyc_focus_02,focus,132.0,4.0,2.0,128.0,focus,focus,0.9794695313963226
2,20260916_lyc_focus_02,focus,134.0,4.0,2.0,128.0,focus,focus,0.9671953695570962
2,20260916_lyc_focus_02,focus,136.0,4.0,2.0,128.0,focus,focus,0.9913345524922068
2,20260916_lyc_focus_02,focus,138.0,4.0,2.0,128.0,focus,focus,0.8457254300654765
2,20260916_lyc_focus_02,focus,140.0,4.0,2.0,128.0,focus,focus,0.969451651802364
2,20260916_lyc_focus_02,focus,142.0,4.0,2.0,128.0,focus,focus,0.9872234293314898
2,20260916_lyc_focus_02,focus,144.0,4.0,2.0,128.0,focus,focus,0.9912895105343227
2,20260916_lyc_focus_02,focus,146.0,4.0,2.0,128.0,focus,focus,0.9985884030312399
2,20260916_lyc_focus_02,focus,148.0,4.0,2.0,128.0,focus,focus,0.9999849261000687
2,20260916_lyc_focus_02,focus,150.0,4.0,2.0,128.0,focus,focus,0.9998663338675305
2,20260916_lyc_focus_02,focus,152.0,4.0,2.0,128.0,focus,focus,0.9994279741547728
2,20260916_lyc_focus_02,focus,154.0,4.0,2.0,128.0,focus,focus,0.9999039514151227
2,20260916_lyc_focus_02,focus,156.0,4.0,2.0,128.0,focus,focus,0.9998141770692042
2,20260916_lyc_focus_02,focus,158.0,4.0,2.0,128.0,focus,focus,0.8757175109398443
2,20260916_lyc_focus_02,focus,160.0,4.0,2.0,128.0,focus,focus,0.9996273960857882
2,20260916_lyc_focus_02,focus,162.0,4.0,2.0,128.0,focus,focus,0.9998183758559634
2,20260916_lyc_focus_02,focus,164.0,4.0,2.0,128.0,focus,focus,0.9997715673446118
2,20260916_lyc_focus_02,focus,166.0,4.0,2.0,128.0,focus,focus,0.9984263577963939
2,20260916_lyc_focus_02,focus,168.0,4.0,2.0,128.0,focus,focus,0.9995018779230042
2,20260916_lyc_focus_02,focus,170.0,4.0,2.0,128.0,focus,focus,0.9998109518956223
2,20260916_lyc_focus_02,focus,172.0,4.0,2.0,128.0,focus,focus,0.9999528484539142
2,20260916_lyc_focus_02,focus,174.0,4.0,2.0,128.0,focus,focus,0.9999966757027772
2,20260916_lyc_focus_02,focus,176.0,4.0,2.0,128.0,focus,focus,0.999859007633696
2,20260916_lyc_focus_02,focus,178.0,4.0,2.0,128.0,focus,focus,0.9998240773725057
2,20260916_lyc_focus_02,focus,180.0,4.0,2.0,128.0,focus,focus,0.9999858327873309
2,20260916_lyc_focus_02,focus,182.0,4.0,2.0,128.0,focus,focus,0.9999978909378944
2,20260916_lyc_focus_02,focus,184.0,4.0,2.0,128.0,focus,focus,0.9999941468213016
2,20260916_lyc_focus_02,focus,186.0,4.0,2.0,128.0,focus,focus,0.9999378152162931
2,20260916_lyc_focus_02,focus,188.0,4.0,2.0,128.0,focus,focus,0.9999606877332661
2,20260916_lyc_focus_02,focus,190.0,4.0,2.0,128.0,focus,focus,0.9939675959515851
2,20260916_lyc_focus_02,focus,192.0,4.0,2.0,128.0,focus,focus,0.9969139647635148
2,20260916_lyc_focus_02,focus,194.0,4.0,2.0,128.0,focus,focus,0.9973665982933567
2,20260916_lyc_focus_02,focus,196.0,4.0,2.0,128.0,focus,focus,0.9999624058642312
2,20260916_lyc_focus_02,focus,198.0,4.0,2.0,128.0,focus,focus,0.9937808334693286
2,20260916_lyc_focus_02,focus,200.0,4.0,2.0,128.0,focus,focus,0.9876420135772868
2,20260916_lyc_focus_02,focus,202.0,4.0,2.0,128.0,focus,focus,0.9956939363630385
2,20260916_lyc_focus_02,focus,204.0,4.0,2.0,128.0,focus,focus,0.9977717964871835
2,20260916_lyc_focus_02,focus,206.0,4.0,2.0,128.0,focus,focus,0.9959665797664898
2,20260916_lyc_focus_02,focus,208.0,4.0,2.0,128.0,focus,focus,0.9994382851049886
2,20260916_lyc_focus_02,focus,210.0,4.0,2.0,128.0,focus,focus,0.9995558603472363
2,20260916_lyc_focus_02,focus,212.0,4.0,2.0,128.0,focus,focus,0.9999550502716711
2,20260916_lyc_focus_02,focus,214.0,4.0,2.0,128.0,focus,focus,0.9998268719138217
2,20260916_lyc_focus_02,focus,216.0,4.0,2.0,128.0,focus,focus,0.9999835883896601
2,20260916_lyc_focus_02,focus,218.0,4.0,2.0,128.0,focus,focus,0.999962881994659
2,20260916_lyc_focus_02,focus,220.0,4.0,2.0,128.0,focus,focus,0.9956767211841117
2,20260916_lyc_focus_02,focus,222.0,4.0,2.0,128.0,focus,focus,0.9956734556051556
2,20260916_lyc_focus_02,focus,224.0,4.0,2.0,128.0,focus,focus,0.9998023867787768
2,20260916_lyc_focus_02,focus,226.0,4.0,2.0,128.0,focus,focus,0.9999868662045003
2,20260916_lyc_focus_02,focus,228.0,4.0,2.0,128.0,focus,focus,0.9988669401693305
2,20260916_lyc_focus_02,focus,230.0,4.0,2.0,128.0,focus,focus,0.9998902313405794
2,20260916_lyc_focus_02,focus,232.0,4.0,2.0,128.0,focus,focus,0.9999126242801469
2,20260916_lyc_focus_02,focus,234.0,4.0,2.0,128.0,focus,focus,0.9691499131777438
2,20260916_lyc_focus_02,focus,236.0,4.0,2.0,128.0,focus,focus,0.9801172929063033
2,20260916_lyc_focus_02,focus,238.0,4.0,2.0,128.0,focus,focus,0.9711739970777977
2,20260916_lyc_focus_02,focus,240.0,4.0,2.0,128.0,focus,focus,0.9997425744017988
2,20260916_lyc_focus_02,focus,242.0,4.0,2.0,128.0,focus,focus,0.9999451871608197
2,20260916_lyc_focus_02,focus,244.0,4.0,2.0,128.0,focus,focus,0.9998395615194762
2,20260916_lyc_focus_02,focus,246.0,4.0,2.0,128.0,focus,focus,0.9999574953775995
2,20260916_lyc_focus_02,focus,248.0,4.0,2.0,128.0,focus,focus,0.9998631901327243
2,20260916_lyc_focus_02,focus,250.0,4.0,2.0,128.0,focus,focus,0.9994163274395061
2,20260916_lyc_focus_02,focus,252.0,4.0,2.0,128.0,focus,focus,0.9977641177501365
2,20260916_lyc_focus_02,focus,254.0,4.0,2.0,128.0,focus,focus,0.9993476635020363
2,20260916_lyc_focus_02,focus,256.0,4.0,2.0,128.0,focus,focus,0.999556427723352
2,20260916_lyc_focus_02,focus,258.0,4.0,2.0,128.0,focus,focus,0.9994974574454468
2,20260916_lyc_focus_02,focus,260.0,4.0,2.0,128.0,focus,focus,0.9987817958393489
2,20260916_lyc_focus_02,focus,262.0,4.0,2.0,128.0,focus,focus,0.9939972996236252
2,20260916_lyc_focus_02,focus,264.0,4.0,2.0,128.0,focus,focus,0.9965587945640446
2,20260916_lyc_focus_02,focus,266.0,4.0,2.0,128.0,focus,focus,0.9973271085472222
2,20260916_lyc_focus_02,focus,268.0,4.0,2.0,128.0,focus,focus,0.9999817104070472
2,20260916_lyc_focus_02,focus,270.0,4.0,2.0,128.0,focus,focus,0.999987960591416
2,20260916_lyc_focus_02,focus,272.0,4.0,2.0,128.0,focus,focus,0.99998692518736
2,20260916_lyc_focus_02,focus,274.0,4.0,2.0,128.0,focus,focus,0.9986829556755891
2,20260916_lyc_focus_02,focus,276.0,4.0,2.0,128.0,focus,focus,0.9963036471340769
2,20260916_lyc_focus_02,focus,278.0,4.0,2.0,128.0,focus,focus,0.998245830733122
2,20260916_lyc_focus_02,focus,280.0,4.0,2.0,128.0,focus,focus,0.998796261291507
2,20260916_lyc_focus_02,focus,282.0,4.0,2.0,128.0,focus,focus,0.9993129847430227
2,20260916_lyc_focus_02,focus,284.0,4.0,2.0,128.0,focus,focus,0.9993073000635186
2,20260916_lyc_focus_02,focus,286.0,4.0,2.0,128.0,focus,focus,0.99940409390408
2,20260916_lyc_focus_02,focus,288.0,4.0,2.0,128.0,focus,focus,0.9821809223202245
2,20260916_lyc_focus_02,focus,290.0,4.0,2.0,128.0,focus,focus,0.9938447489698202
2,20260916_lyc_focus_02,focus,292.0,4.0,2.0,128.0,focus,focus,0.9999787232800038
2,20260916_lyc_focus_02,focus,294.0,4.0,2.0,128.0,focus,focus,0.9968329089000907
2,20260916_lyc_focus_02,focus,296.0,4.0,2.0,128.0,focus,focus,0.9991358105822011
2,20260916_lyc_focus_02,focus,298.0,4.0,2.0,128.0,focus,focus,0.9997839499290173
2,20260916_lyc_focus_02,focus,300.0,4.0,2.0,128.0,focus,focus,0.9999387377278111
2,20260916_lyc_focus_02,focus,302.0,4.0,2.0,128.0,focus,focus,0.9906515234956932
2,20260916_lyc_focus_02,focus,304.0,4.0,2.0,128.0,focus,focus,0.9654156368475829
2,20260916_lyc_focus_02,focus,306.0,4.0,2.0,128.0,focus,focus,0.99982433140056
2,20260916_lyc_focus_02,focus,308.0,4.0,2.0,128.0,focus,focus,0.9996403122595956
2,20260916_lyc_focus_02,focus,310.0,4.0,2.0,128.0,focus,focus,0.9998491614594657
2,20260916_lyc_focus_02,focus,312.0,4.0,2.0,128.0,focus,focus,0.9996442094087207
2,20260916_lyc_focus_02,focus,314.0,4.0,2.0,128.0,focus,focus,0.9995230949697751
2,20260916_lyc_focus_02,focus,316.0,4.0,2.0,128.0,focus,focus,0.9999447504785018
2,20260916_lyc_focus_02,focus,318.0,4.0,2.0,128.0,focus,focus,0.999967416309593
2,20260916_lyc_focus_02,focus,320.0,4.0,2.0,128.0,focus,focus,0.9999838248852994
2,20260916_lyc_focus_02,focus,322.0,4.0,2.0,128.0,focus,focus,0.9999833851823468
2,20260916_lyc_focus_02,focus,324.0,4.0,2.0,128.0,focus,focus,0.9998525904998994
2,20260916_lyc_focus_02,focus,326.0,4.0,2.0,128.0,focus,focus,0.9999484691205772
2,20260916_lyc_focus_02,focus,328.0,4.0,2.0,128.0,focus,focus,0.9999609287293693
2,20260916_lyc_focus_02,focus,330.0,4.0,2.0,128.0,focus,focus,0.9999787587424029
2,20260916_lyc_focus_02,focus,332.0,4.0,2.0,128.0,focus,focus,0.9999949232797033
2,20260916_lyc_focus_02,focus,334.0,4.0,2.0,128.0,focus,focus,0.9999881620155121
2,20260916_lyc_focus_02,focus,336.0,4.0,2.0,128.0,focus,focus,0.9999319007556634
2,20260916_lyc_focus_02,focus,338.0,4.0,2.0,128.0,focus,focus,0.9999411662482759
2,20260916_lyc_focus_02,focus,340.0,4.0,2.0,128.0,focus,focus,0.9984525833044803
2,20260916_lyc_focus_02,focus,342.0,4.0,2.0,128.0,focus,focus,0.9984453184123236
2,20260916_lyc_focus_02,focus,344.0,4.0,2.0,128.0,focus,focus,0.9997703900597975
2,20260916_lyc_focus_02,focus,346.0,4.0,2.0,128.0,focus,focus,0.999973695890166
2,20260916_lyc_focus_02,focus,348.0,4.0,2.0,128.0,focus,focus,0.9999770850000937
2,20260916_lyc_focus_02,focus,350.0,4.0,2.0,128.0,focus,focus,0.9999084437560383
2,20260916_lyc_focus_02,focus,352.0,4.0,2.0,128.0,focus,focus,0.9993489570805206
2,20260916_lyc_focus_02,focus,354.0,4.0,2.0,128.0,focus,focus,0.9997537860250858
2,20260916_lyc_focus_02,focus,356.0,4.0,2.0,128.0,focus,focus,0.9999395819638182
2,20260916_lyc_focus_02,focus,358.0,4.0,2.0,128.0,focus,focus,0.9982572123604534
2,20260916_lyc_focus_02,focus,360.0,4.0,2.0,128.0,focus,focus,0.9989564387404773
2,20260916_lyc_focus_02,focus,362.0,4.0,2.0,128.0,focus,focus,0.999955635749905
2,20260916_lyc_focus_02,focus,364.0,4.0,2.0,128.0,focus,focus,0.9999328738956327
2,20260916_lyc_focus_02,focus,366.0,4.0,2.0,128.0,focus,focus,0.997796302576652
2,20260916_lyc_focus_02,focus,368.0,4.0,2.0,128.0,focus,focus,0.9999919701176965
2,20260916_lyc_focus_02,focus,370.0,4.0,2.0,128.0,focus,focus,0.9965355810348464
2,20260916_lyc_focus_02,focus,372.0,4.0,2.0,128.0,focus,focus,0.997482544983017
2,20260916_lyc_focus_02,focus,374.0,4.0,2.0,128.0,focus,focus,0.9998324159434022
2,20260916_lyc_focus_02,focus,376.0,4.0,2.0,128.0,focus,focus,0.9999442996159013
2,20260916_lyc_focus_02,focus,378.0,4.0,2.0,128.0,focus,focus,0.9993864154608262
2,20260916_lyc_focus_02,focus,380.0,4.0,2.0,128.0,focus,focus,0.9999868286472825
2,20260916_lyc_focus_02,focus,382.0,4.0,2.0,128.0,focus,focus,0.9999374811054119
2,20260916_lyc_focus_02,focus,384.0,4.0,2.0,128.0,focus,focus,0.9994347615417162
2,20260916_lyc_focus_02,focus,386.0,4.0,2.0,128.0,focus,focus,0.9948768242894971
2,20260916_lyc_focus_02,focus,388.0,4.0,2.0,128.0,focus,focus,0.9978733157661974
2,20260916_lyc_focus_02,focus,390.0,4.0,2.0,128.0,focus,focus,0.9999830807525983
2,20260916_lyc_focus_02,focus,392.0,4.0,2.0,128.0,focus,focus,0.9999876665673864
2,20260916_lyc_focus_02,focus,394.0,4.0,2.0,128.0,focus,focus,0.9982704531095169
2,20260916_lyc_focus_02,focus,396.0,4.0,2.0,128.0,focus,focus,0.9959797608641031
2,20260916_lyc_focus_02,focus,398.0,4.0,2.0,128.0,focus,focus,0.9993686016132662
2,20260916_lyc_focus_02,focus,400.0,4.0,2.0,128.0,focus,focus,0.9999968721632365
2,20260916_lyc_focus_02,focus,402.0,4.0,2.0,128.0,focus,focus,0.9998430207105595
2,20260916_lyc_focus_02,focus,404.0,4.0,2.0,128.0,focus,focus,0.9999048000050027
2,20260916_lyc_focus_02,focus,406.0,4.0,2.0,128.0,focus,focus,0.9999787750204122
2,20260916_lyc_focus_02,focus,408.0,4.0,2.0,128.0,focus,focus,0.9976304877394637
2,20260916_lyc_focus_02,focus,410.0,4.0,2.0,128.0,focus,focus,0.9949445899045943
2,20260916_lyc_focus_02,focus,412.0,4.0,2.0,128.0,focus,focus,0.9959416443585996
2,20260916_lyc_focus_02,focus,414.0,4.0,2.0,128.0,focus,focus,0.999914742170009
2,20260916_lyc_focus_02,focus,416.0,4.0,2.0,128.0,focus,focus,0.9977617137659163
2,20260916_lyc_focus_02,focus,418.0,4.0,2.0,128.0,focus,focus,0.9999736912095786
2,20260916_lyc_focus_02,focus,420.0,4.0,2.0,128.0,focus,focus,0.9997209416317818
2,20260916_lyc_focus_02,focus,422.0,4.0,2.0,128.0,focus,focus,0.9994563007834847
2,20260916_lyc_focus_02,focus,424.0,4.0,2.0,128.0,focus,focus,0.9998990903982833
2,20260916_lyc_focus_02,focus,426.0,4.0,2.0,128.0,focus,focus,0.9999782816525096
2,20260916_lyc_focus_02,focus,428.0,4.0,2.0,128.0,focus,focus,0.999992017907479
2,20260916_lyc_focus_02,focus,430.0,4.0,2.0,128.0,focus,focus,0.9999976045135338
2,20260916_lyc_focus_02,focus,432.0,4.0,2.0,128.0,focus,focus,0.9999850890707357
2,20260916_lyc_focus_02,focus,434.0,4.0,2.0,128.0,focus,focus,0.999970286251924
2,20260916_lyc_focus_02,focus,436.0,4.0,2.0,128.0,focus,focus,0.9999871328773692
2,20260916_lyc_focus_02,focus,438.0,4.0,2.0,128.0,focus,focus,0.9999658068478394
2,20260916_lyc_focus_02,focus,440.0,4.0,2.0,128.0,focus,focus,0.9999123181856835
2,20260916_lyc_focus_02,focus,442.0,4.0,2.0,128.0,focus,focus,0.9995376336888637
2,20260916_lyc_focus_02,focus,444.0,4.0,2.0,128.0,focus,focus,0.9982466069000205
2,20260916_lyc_focus_02,focus,446.0,4.0,2.0,128.0,focus,focus,0.9976137461894597
2,20260916_lyc_focus_02,focus,448.0,4.0,2.0,128.0,focus,focus,0.9999913406488278
2,20260916_lyc_focus_02,focus,450.0,4.0,2.0,128.0,focus,focus,0.9999896878711011
2,20260916_lyc_focus_02,focus,452.0,4.0,2.0,128.0,focus,focus,0.9992779065348056
2,20260916_lyc_focus_02,focus,454.0,4.0,2.0,128.0,focus,focus,0.9999483214735514
2,20260916_lyc_focus_02,focus,456.0,4.0,2.0,128.0,focus,focus,0.9962497422592737
2,20260916_lyc_focus_02,focus,458.0,4.0,2.0,128.0,focus,focus,0.9999934446733632
2,20260916_lyc_focus_02,focus,460.0,4.0,2.0,128.0,focus,focus,0.9996320762692202
2,20260916_lyc_focus_02,focus,462.0,4.0,2.0,128.0,focus,focus,0.9998774734377076
2,20260916_lyc_focus_02,focus,464.0,4.0,2.0,128.0,focus,focus,0.9972603962845551
2,20260916_lyc_focus_02,focus,466.0,4.0,2.0,128.0,focus,focus,0.9988501495948767
2,20260916_lyc_focus_02,focus,468.0,4.0,2.0,128.0,focus,focus,0.9995964204510687
2,20260916_lyc_focus_02,focus,470.0,4.0,2.0,128.0,focus,focus,0.9999461015473043
2,20260916_lyc_focus_02,focus,472.0,4.0,2.0,128.0,focus,focus,0.9999337435293552
2,20260916_lyc_focus_02,focus,474.0,4.0,2.0,128.0,focus,focus,0.9999658690302823
2,20260916_lyc_focus_02,focus,476.0,4.0,2.0,128.0,focus,focus,0.999994643088258
2,20260916_lyc_focus_02,focus,478.0,4.0,2.0,128.0,focus,focus,0.9999665802532118
2,20260916_lyc_focus_02,focus,480.0,4.0,2.0,128.0,focus,focus,0.6035281924330583
2,20260916_lyc_focus_02,focus,482.0,4.0,2.0,128.0,focus,focus,0.9344641495745396
2,20260916_lyc_focus_02,focus,484.0,4.0,2.0,128.0,focus,focus,0.9760772662145997
2,20260916_lyc_focus_02,focus,486.0,4.0,2.0,128.0,focus,focus,0.9991374160829907
2,20260916_lyc_focus_02,focus,488.0,4.0,2.0,128.0,focus,focus,0.9911884913970653
2,20260916_lyc_focus_02,focus,490.0,4.0,2.0,128.0,focus,focus,0.999955761352139
2,20260916_lyc_focus_02,focus,492.0,4.0,2.0,128.0,focus,focus,0.9990217654053969
2,20260916_lyc_focus_02,focus,494.0,4.0,2.0,128.0,focus,focus,0.9998625040041628
2,20260916_lyc_focus_02,focus,496.0,4.0,2.0,128.0,focus,focus,0.9999956004757664
2,20260916_lyc_focus_02,focus,498.0,4.0,2.0,128.0,focus,focus,0.9989876079428415
2,20260916_lyc_focus_02,focus,500.0,4.0,2.0,128.0,focus,focus,0.9995376923233597
2,20260916_lyc_focus_02,focus,502.0,4.0,2.0,128.0,focus,focus,0.9979363429135419
2,20260916_lyc_focus_02,focus,504.0,4.0,2.0,128.0,focus,focus,0.9957700486388315
2,20260916_lyc_focus_02,focus,506.0,4.0,2.0,128.0,focus,focus,0.9999058227879127
2,20260916_lyc_focus_02,focus,508.0,4.0,2.0,128.0,focus,focus,0.7067108136804279
2,20260916_lyc_focus_02,focus,510.0,4.0,2.0,128.0,focus,unfocus,0.39434376050634934
2,20260916_lyc_focus_02,focus,512.0,4.0,2.0,128.0,focus,focus,0.9913687927490228
2,20260916_lyc_focus_02,focus,514.0,4.0,2.0,128.0,focus,focus,0.9955372353358085
2,20260916_lyc_focus_02,focus,516.0,4.0,2.0,128.0,focus,focus,0.9841632887838495
2,20260916_lyc_focus_02,focus,518.0,4.0,2.0,128.0,focus,focus,0.9770087007757887
2,20260916_lyc_focus_02,focus,520.0,4.0,2.0,128.0,focus,focus,0.9916516288373715
2,20260916_lyc_focus_02,focus,522.0,4.0,2.0,128.0,focus,focus,0.9963672949677241
2,20260916_lyc_focus_02,focus,524.0,4.0,2.0,128.0,focus,focus,0.9992858562763122
2,20260916_lyc_focus_02,focus,526.0,4.0,2.0,128.0,focus,focus,0.9370251428702481
2,20260916_lyc_focus_02,focus,528.0,4.0,2.0,128.0,focus,focus,0.9888953969052117
2,20260916_lyc_focus_02,focus,530.0,4.0,2.0,128.0,focus,focus,0.9976512085980566
3,20260916_lyc_focus_03,focus,0.0,4.0,2.0,128.0,focus,focus,0.7979148707769309
3,20260916_lyc_focus_03,focus,2.0,4.0,2.0,128.0,focus,focus,0.9997252079891372
3,20260916_lyc_focus_03,focus,4.0,4.0,2.0,128.0,focus,focus,0.9914777585865222
3,20260916_lyc_focus_03,focus,6.0,4.0,2.0,128.0,focus,focus,0.9987052735378005
3,20260916_lyc_focus_03,focus,8.0,4.0,2.0,128.0,focus,focus,0.9855091384238789
3,20260916_lyc_focus_03,focus,10.0,4.0,2.0,128.0,focus,focus,0.99729388102824
3,20260916_lyc_focus_03,focus,12.0,4.0,2.0,128.0,focus,focus,0.9981807616590952
3,20260916_lyc_focus_03,focus,14.0,4.0,2.0,128.0,focus,focus,0.9713935426453971
3,20260916_lyc_focus_03,focus,16.0,4.0,2.0,128.0,focus,focus,0.9989510727817281
3,20260916_lyc_focus_03,focus,18.0,4.0,2.0,128.0,focus,focus,0.9967777384085348
3,20260916_lyc_focus_03,focus,20.0,4.0,2.0,128.0,focus,focus,0.9998466126853004
3,20260916_lyc_focus_03,focus,22.0,4.0,2.0,128.0,focus,focus,0.997287135357286
3,20260916_lyc_focus_03,focus,24.0,4.0,2.0,128.0,focus,focus,0.9911072438061858
3,20260916_lyc_focus_03,focus,26.0,4.0,2.0,128.0,focus,focus,0.9999846152992686
3,20260916_lyc_focus_03,focus,28.0,4.0,2.0,128.0,focus,focus,0.9999357145688992
3,20260916_lyc_focus_03,focus,30.0,4.0,2.0,128.0,focus,focus,0.9989968032595887
3,20260916_lyc_focus_03,focus,32.0,4.0,2.0,128.0,focus,focus,0.9991116622205807
3,20260916_lyc_focus_03,focus,34.0,4.0,2.0,128.0,focus,focus,0.9997501282289895
3,20260916_lyc_focus_03,focus,36.0,4.0,2.0,128.0,focus,focus,0.9999385310318767
3,20260916_lyc_focus_03,focus,38.0,4.0,2.0,128.0,focus,focus,0.9998935407584222
3,20260916_lyc_focus_03,focus,40.0,4.0,2.0,128.0,focus,focus,0.9996776384532934
3,20260916_lyc_focus_03,focus,42.0,4.0,2.0,128.0,focus,focus,0.9997541152515237
3,20260916_lyc_focus_03,focus,44.0,4.0,2.0,128.0,focus,focus,0.9996850434017012
3,20260916_lyc_focus_03,focus,46.0,4.0,2.0,128.0,focus,focus,0.999791493011061
3,20260916_lyc_focus_03,focus,48.0,4.0,2.0,128.0,focus,focus,0.999925442621152
3,20260916_lyc_focus_03,focus,50.0,4.0,2.0,128.0,focus,focus,0.9997415637969402
3,20260916_lyc_focus_03,focus,52.0,4.0,2.0,128.0,focus,focus,0.9999164743614677
3,20260916_lyc_focus_03,focus,54.0,4.0,2.0,128.0,focus,focus,0.9999689361228274
3,20260916_lyc_focus_03,focus,56.0,4.0,2.0,128.0,focus,focus,0.9998678932840652
3,20260916_lyc_focus_03,focus,58.0,4.0,2.0,128.0,focus,focus,0.9221822715309744
3,20260916_lyc_focus_03,focus,60.0,4.0,2.0,128.0,focus,focus,0.8046906464020039
3,20260916_lyc_focus_03,focus,62.0,4.0,2.0,128.0,focus,focus,0.9999753914862824
3,20260916_lyc_focus_03,focus,64.0,4.0,2.0,128.0,focus,focus,0.9999802808175555
3,20260916_lyc_focus_03,focus,66.0,4.0,2.0,128.0,focus,focus,0.9996399702565931
3,20260916_lyc_focus_03,focus,68.0,4.0,2.0,128.0,focus,focus,0.9991130714149697
3,20260916_lyc_focus_03,focus,70.0,4.0,2.0,128.0,focus,focus,0.9998898713927452
3,20260916_lyc_focus_03,focus,72.0,4.0,2.0,128.0,focus,focus,0.999420147921615
3,20260916_lyc_focus_03,focus,74.0,4.0,2.0,128.0,focus,focus,0.9760754147226406
3,20260916_lyc_focus_03,focus,76.0,4.0,2.0,128.0,focus,focus,0.9162818056208201
3,20260916_lyc_focus_03,focus,78.0,4.0,2.0,128.0,focus,focus,0.9659697354260702
3,20260916_lyc_focus_03,focus,80.0,4.0,2.0,128.0,focus,focus,0.990523278314171
3,20260916_lyc_focus_03,focus,82.0,4.0,2.0,128.0,focus,focus,0.9662217306759863
3,20260916_lyc_focus_03,focus,84.0,4.0,2.0,128.0,focus,focus,0.994273902173677
3,20260916_lyc_focus_03,focus,86.0,4.0,2.0,128.0,focus,focus,0.9983530948783853
3,20260916_lyc_focus_03,focus,88.0,4.0,2.0,128.0,focus,focus,0.9975080154373626
3,20260916_lyc_focus_03,focus,90.0,4.0,2.0,128.0,focus,focus,0.9998169813244382
3,20260916_lyc_focus_03,focus,92.0,4.0,2.0,128.0,focus,focus,0.9987038510841956
3,20260916_lyc_focus_03,focus,94.0,4.0,2.0,128.0,focus,focus,0.9569548357275319
3,20260916_lyc_focus_03,focus,96.0,4.0,2.0,128.0,focus,focus,0.9399432216499853
3,20260916_lyc_focus_03,focus,98.0,4.0,2.0,128.0,focus,focus,0.9984935070155484
3,20260916_lyc_focus_03,focus,100.0,4.0,2.0,128.0,focus,focus,0.9999855271836134
3,20260916_lyc_focus_03,focus,102.0,4.0,2.0,128.0,focus,focus,0.9992936507006238
3,20260916_lyc_focus_03,focus,104.0,4.0,2.0,128.0,focus,focus,0.9999850937021245
3,20260916_lyc_focus_03,focus,106.0,4.0,2.0,128.0,focus,focus,0.999989647760368
3,20260916_lyc_focus_03,focus,108.0,4.0,2.0,128.0,focus,focus,0.9999959050515357
3,20260916_lyc_focus_03,focus,110.0,4.0,2.0,128.0,focus,focus,0.9999103750956805
3,20260916_lyc_focus_03,focus,112.0,4.0,2.0,128.0,focus,focus,0.9995951684102801
3,20260916_lyc_focus_03,focus,114.0,4.0,2.0,128.0,focus,focus,0.999594629679137
3,20260916_lyc_focus_03,focus,116.0,4.0,2.0,128.0,focus,focus,0.985395335343708
3,20260916_lyc_focus_03,focus,118.0,4.0,2.0,128.0,focus,focus,0.9790150849107424
3,20260916_lyc_focus_03,focus,120.0,4.0,2.0,128.0,focus,focus,0.9945123956862445
3,20260916_lyc_focus_03,focus,122.0,4.0,2.0,128.0,focus,focus,0.9986383717230585
3,20260916_lyc_focus_03,focus,124.0,4.0,2.0,128.0,focus,focus,0.9989021535292325
3,20260916_lyc_focus_03,focus,126.0,4.0,2.0,128.0,focus,focus,0.9986214575337723
3,20260916_lyc_focus_03,focus,128.0,4.0,2.0,128.0,focus,focus,0.9857751865966039
3,20260916_lyc_focus_03,focus,130.0,4.0,2.0,128.0,focus,focus,0.9974315849420577
3,20260916_lyc_focus_03,focus,132.0,4.0,2.0,128.0,focus,focus,0.968275251558334
3,20260916_lyc_focus_03,focus,134.0,4.0,2.0,128.0,focus,focus,0.9988957966556368
3,20260916_lyc_focus_03,focus,136.0,4.0,2.0,128.0,focus,focus,0.9993863538316061
3,20260916_lyc_focus_03,focus,138.0,4.0,2.0,128.0,focus,focus,0.9969555987683141
3,20260916_lyc_focus_03,focus,140.0,4.0,2.0,128.0,focus,focus,0.9999485942666394
3,20260916_lyc_focus_03,focus,142.0,4.0,2.0,128.0,focus,focus,0.9996640207064071
3,20260916_lyc_focus_03,focus,144.0,4.0,2.0,128.0,focus,focus,0.9971341295238986
3,20260916_lyc_focus_03,focus,146.0,4.0,2.0,128.0,focus,focus,0.9999393998518517
3,20260916_lyc_focus_03,focus,148.0,4.0,2.0,128.0,focus,focus,0.9999833117344114
3,20260916_lyc_focus_03,focus,150.0,4.0,2.0,128.0,focus,focus,0.9999946211227642
3,20260916_lyc_focus_03,focus,152.0,4.0,2.0,128.0,focus,focus,0.999932028513608
3,20260916_lyc_focus_03,focus,154.0,4.0,2.0,128.0,focus,focus,0.9967498886814387
3,20260916_lyc_focus_03,focus,156.0,4.0,2.0,128.0,focus,focus,0.9994374707912408
3,20260916_lyc_focus_03,focus,158.0,4.0,2.0,128.0,focus,focus,0.9988185824571698
3,20260916_lyc_focus_03,focus,160.0,4.0,2.0,128.0,focus,focus,0.9995500609717689
3,20260916_lyc_focus_03,focus,162.0,4.0,2.0,128.0,focus,focus,0.9992963469368829
3,20260916_lyc_focus_03,focus,164.0,4.0,2.0,128.0,focus,focus,0.9997094372544878
3,20260916_lyc_focus_03,focus,166.0,4.0,2.0,128.0,focus,focus,0.9965621467115028
3,20260916_lyc_focus_03,focus,168.0,4.0,2.0,128.0,focus,focus,0.9969208172048165
3,20260916_lyc_focus_03,focus,170.0,4.0,2.0,128.0,focus,focus,0.9983494753724089
3,20260916_lyc_focus_03,focus,172.0,4.0,2.0,128.0,focus,focus,0.997699929376277
3,20260916_lyc_focus_03,focus,174.0,4.0,2.0,128.0,focus,focus,0.9999593792786104
3,20260916_lyc_focus_03,focus,176.0,4.0,2.0,128.0,focus,focus,0.9998321009590497
3,20260916_lyc_focus_03,focus,178.0,4.0,2.0,128.0,focus,focus,0.9999894951808554
3,20260916_lyc_focus_03,focus,180.0,4.0,2.0,128.0,focus,focus,0.9999961855730473
3,20260916_lyc_focus_03,focus,182.0,4.0,2.0,128.0,focus,focus,0.999975456026367
3,20260916_lyc_focus_03,focus,184.0,4.0,2.0,128.0,focus,focus,0.7427971841034814
3,20260916_lyc_focus_03,focus,186.0,4.0,2.0,128.0,focus,focus,0.8395833244765002
3,20260916_lyc_focus_03,focus,188.0,4.0,2.0,128.0,focus,focus,0.9976931884005362
3,20260916_lyc_focus_03,focus,190.0,4.0,2.0,128.0,focus,focus,0.9994650655892677
3,20260916_lyc_focus_03,focus,192.0,4.0,2.0,128.0,focus,focus,0.9998426892618318
3,20260916_lyc_focus_03,focus,194.0,4.0,2.0,128.0,focus,focus,0.9997003085498517
3,20260916_lyc_focus_03,focus,196.0,4.0,2.0,128.0,focus,focus,0.9998270584363768
3,20260916_lyc_focus_03,focus,198.0,4.0,2.0,128.0,focus,focus,0.9995265125743095
3,20260916_lyc_focus_03,focus,200.0,4.0,2.0,128.0,focus,focus,0.9999769206379248
3,20260916_lyc_focus_03,focus,202.0,4.0,2.0,128.0,focus,focus,0.9998810457842826
3,20260916_lyc_focus_03,focus,204.0,4.0,2.0,128.0,focus,focus,0.9974771170861408
3,20260916_lyc_focus_03,focus,206.0,4.0,2.0,128.0,focus,focus,0.9982469228390469
3,20260916_lyc_focus_03,focus,208.0,4.0,2.0,128.0,focus,focus,0.9994594849755323
3,20260916_lyc_focus_03,focus,210.0,4.0,2.0,128.0,focus,focus,0.9999735461554999
3,20260916_lyc_focus_03,focus,212.0,4.0,2.0,128.0,focus,focus,0.9999977405620571
3,20260916_lyc_focus_03,focus,214.0,4.0,2.0,128.0,focus,focus,0.999700132595447
3,20260916_lyc_focus_03,focus,216.0,4.0,2.0,128.0,focus,focus,0.9999231299253848
3,20260916_lyc_focus_03,focus,218.0,4.0,2.0,128.0,focus,focus,0.99956036030373
3,20260916_lyc_focus_03,focus,220.0,4.0,2.0,128.0,focus,focus,0.9993903408178959
3,20260916_lyc_focus_03,focus,222.0,4.0,2.0,128.0,focus,focus,0.9999266165717324
3,20260916_lyc_focus_03,focus,224.0,4.0,2.0,128.0,focus,focus,0.998881490938401
3,20260916_lyc_focus_03,focus,226.0,4.0,2.0,128.0,focus,focus,0.9994368377788236
3,20260916_lyc_focus_03,focus,228.0,4.0,2.0,128.0,focus,focus,0.999990219716391
3,20260916_lyc_focus_03,focus,230.0,4.0,2.0,128.0,focus,focus,0.999894088729867
3,20260916_lyc_focus_03,focus,232.0,4.0,2.0,128.0,focus,focus,0.9999261803062693
3,20260916_lyc_focus_03,focus,234.0,4.0,2.0,128.0,focus,focus,0.999964414100816
3,20260916_lyc_focus_03,focus,236.0,4.0,2.0,128.0,focus,focus,0.9996103615071575
3,20260916_lyc_focus_03,focus,238.0,4.0,2.0,128.0,focus,focus,0.9999123329729434
3,20260916_lyc_focus_03,focus,240.0,4.0,2.0,128.0,focus,focus,0.9988915652382134
3,20260916_lyc_focus_03,focus,242.0,4.0,2.0,128.0,focus,focus,0.9993955503750963
3,20260916_lyc_focus_03,focus,244.0,4.0,2.0,128.0,focus,focus,0.9999854826608546
3,20260916_lyc_focus_03,focus,246.0,4.0,2.0,128.0,focus,focus,0.9974426406672345
3,20260916_lyc_focus_03,focus,248.0,4.0,2.0,128.0,focus,focus,0.9996903950663052
3,20260916_lyc_focus_03,focus,250.0,4.0,2.0,128.0,focus,focus,0.9999683888196692
3,20260916_lyc_focus_03,focus,252.0,4.0,2.0,128.0,focus,focus,0.9996617084613161
3,20260916_lyc_focus_03,focus,254.0,4.0,2.0,128.0,focus,focus,0.9996946210614448
3,20260916_lyc_focus_03,focus,256.0,4.0,2.0,128.0,focus,focus,0.9997700970284562
3,20260916_lyc_focus_03,focus,258.0,4.0,2.0,128.0,focus,focus,0.9999763603592219
3,20260916_lyc_focus_03,focus,260.0,4.0,2.0,128.0,focus,focus,0.9999976309891748
3,20260916_lyc_focus_03,focus,262.0,4.0,2.0,128.0,focus,focus,0.9997410254836526
3,20260916_lyc_focus_03,focus,264.0,4.0,2.0,128.0,focus,focus,0.9999836452971294
3,20260916_lyc_focus_03,focus,266.0,4.0,2.0,128.0,focus,focus,0.980516645074078
3,20260916_lyc_focus_03,focus,268.0,4.0,2.0,128.0,focus,focus,0.9959266917140325
3,20260916_lyc_focus_03,focus,270.0,4.0,2.0,128.0,focus,focus,0.9996970037168095
3,20260916_lyc_focus_03,focus,272.0,4.0,2.0,128.0,focus,focus,0.9998278094410225
3,20260916_lyc_focus_03,focus,274.0,4.0,2.0,128.0,focus,focus,0.9998577660559994
3,20260916_lyc_focus_03,focus,276.0,4.0,2.0,128.0,focus,focus,0.9999211172276784
3,20260916_lyc_focus_03,focus,278.0,4.0,2.0,128.0,focus,focus,0.9999781315881431
3,20260916_lyc_focus_03,focus,280.0,4.0,2.0,128.0,focus,focus,0.9999946889795827
3,20260916_lyc_focus_03,focus,282.0,4.0,2.0,128.0,focus,focus,0.9835464275211154
4,20260916_lyc_unfocus_01,unfocus,0.0,4.0,2.0,128.0,unfocus,unfocus,0.0031876981150255807
4,20260916_lyc_unfocus_01,unfocus,2.0,4.0,2.0,128.0,unfocus,unfocus,1.7459196884950586e-08
4,20260916_lyc_unfocus_01,unfocus,4.0,4.0,2.0,128.0,unfocus,unfocus,0.002887300210243649
4,20260916_lyc_unfocus_01,unfocus,6.0,4.0,2.0,128.0,unfocus,unfocus,1.1614239303522094e-06
4,20260916_lyc_unfocus_01,unfocus,8.0,4.0,2.0,128.0,unfocus,unfocus,9.689217528341634e-06
4,20260916_lyc_unfocus_01,unfocus,10.0,4.0,2.0,128.0,unfocus,unfocus,5.3430734660352185e-09
4,20260916_lyc_unfocus_01,unfocus,12.0,4.0,2.0,128.0,unfocus,unfocus,1.4293330609786518e-07
4,20260916_lyc_unfocus_01,unfocus,14.0,4.0,2.0,128.0,unfocus,unfocus,3.2474930822043085e-09
4,20260916_lyc_unfocus_01,unfocus,16.0,4.0,2.0,128.0,unfocus,unfocus,3.390328303452002e-08
4,20260916_lyc_unfocus_01,unfocus,18.0,4.0,2.0,128.0,unfocus,unfocus,9.674637547739597e-06
4,20260916_lyc_unfocus_01,unfocus,20.0,4.0,2.0,128.0,unfocus,unfocus,0.0028567578697998286
4,20260916_lyc_unfocus_01,unfocus,22.0,4.0,2.0,128.0,unfocus,unfocus,0.005590362311392261
4,20260916_lyc_unfocus_01,unfocus,24.0,4.0,2.0,128.0,unfocus,unfocus,0.00832422835916732
4,20260916_lyc_unfocus_01,unfocus,26.0,4.0,2.0,128.0,unfocus,unfocus,0.008546037533889682
4,20260916_lyc_unfocus_01,unfocus,28.0,4.0,2.0,128.0,unfocus,unfocus,0.02037610920942064
4,20260916_lyc_unfocus_01,unfocus,30.0,4.0,2.0,128.0,unfocus,unfocus,1.3358690380617473e-05
4,20260916_lyc_unfocus_01,unfocus,32.0,4.0,2.0,128.0,unfocus,unfocus,0.014556405218585663
4,20260916_lyc_unfocus_01,unfocus,34.0,4.0,2.0,128.0,unfocus,unfocus,1.6477134927135178e-07
4,20260916_lyc_unfocus_01,unfocus,36.0,4.0,2.0,128.0,unfocus,unfocus,2.3516535747621886e-07
4,20260916_lyc_unfocus_01,unfocus,38.0,4.0,2.0,128.0,unfocus,unfocus,3.946368617496087e-07
4,20260916_lyc_unfocus_01,unfocus,40.0,4.0,2.0,128.0,unfocus,unfocus,0.004306565459508796
4,20260916_lyc_unfocus_01,unfocus,42.0,4.0,2.0,128.0,unfocus,unfocus,8.926760182943988e-06
4,20260916_lyc_unfocus_01,unfocus,44.0,4.0,2.0,128.0,unfocus,unfocus,8.820669595936868e-06
4,20260916_lyc_unfocus_01,unfocus,46.0,4.0,2.0,128.0,unfocus,unfocus,0.02328124886509609
4,20260916_lyc_unfocus_01,unfocus,48.0,4.0,2.0,128.0,unfocus,unfocus,1.3975149544610468e-08
4,20260916_lyc_unfocus_01,unfocus,50.0,4.0,2.0,128.0,unfocus,unfocus,0.004514617325797954
4,20260916_lyc_unfocus_01,unfocus,52.0,4.0,2.0,128.0,unfocus,unfocus,0.05499990682999469
4,20260916_lyc_unfocus_01,unfocus,54.0,4.0,2.0,128.0,unfocus,unfocus,0.08785451061933183
4,20260916_lyc_unfocus_01,unfocus,56.0,4.0,2.0,128.0,unfocus,unfocus,0.10088166472512074
4,20260916_lyc_unfocus_01,unfocus,58.0,4.0,2.0,128.0,unfocus,unfocus,0.023905949843622463
4,20260916_lyc_unfocus_01,unfocus,60.0,4.0,2.0,128.0,unfocus,unfocus,1.4369161248454592e-05
4,20260916_lyc_unfocus_01,unfocus,62.0,4.0,2.0,128.0,unfocus,unfocus,8.729054644994972e-07
4,20260916_lyc_unfocus_01,unfocus,64.0,4.0,2.0,128.0,unfocus,unfocus,0.0027206583995357586
4,20260916_lyc_unfocus_01,unfocus,66.0,4.0,2.0,128.0,unfocus,unfocus,0.005895114000548101
4,20260916_lyc_unfocus_01,unfocus,68.0,4.0,2.0,128.0,unfocus,unfocus,0.02587724194161094
4,20260916_lyc_unfocus_01,unfocus,70.0,4.0,2.0,128.0,unfocus,unfocus,0.1842407343283418
4,20260916_lyc_unfocus_01,unfocus,72.0,4.0,2.0,128.0,unfocus,unfocus,0.027017906117363908
4,20260916_lyc_unfocus_01,unfocus,74.0,4.0,2.0,128.0,unfocus,unfocus,0.05759673509256332
4,20260916_lyc_unfocus_01,unfocus,76.0,4.0,2.0,128.0,unfocus,unfocus,0.09503201448192905
4,20260916_lyc_unfocus_01,unfocus,78.0,4.0,2.0,128.0,unfocus,unfocus,0.05701208926834561
4,20260916_lyc_unfocus_01,unfocus,80.0,4.0,2.0,128.0,unfocus,unfocus,0.012087105531857654
4,20260916_lyc_unfocus_01,unfocus,82.0,4.0,2.0,128.0,unfocus,unfocus,4.2866613809328613e-07
4,20260916_lyc_unfocus_01,unfocus,84.0,4.0,2.0,128.0,unfocus,unfocus,2.5211057685429105e-06
4,20260916_lyc_unfocus_01,unfocus,86.0,4.0,2.0,128.0,unfocus,unfocus,2.65248627231555e-07
4,20260916_lyc_unfocus_01,unfocus,88.0,4.0,2.0,128.0,unfocus,unfocus,1.2249051412464383e-06
4,20260916_lyc_unfocus_01,unfocus,90.0,4.0,2.0,128.0,unfocus,unfocus,0.005494954163663295
4,20260916_lyc_unfocus_01,unfocus,92.0,4.0,2.0,128.0,unfocus,unfocus,6.279508955134222e-08
4,20260916_lyc_unfocus_01,unfocus,94.0,4.0,2.0,128.0,unfocus,unfocus,5.669387373876202e-08
4,20260916_lyc_unfocus_01,unfocus,96.0,4.0,2.0,128.0,unfocus,unfocus,2.893296371157328e-07
4,20260916_lyc_unfocus_01,unfocus,98.0,4.0,2.0,128.0,unfocus,unfocus,2.1267246092939373e-07
4,20260916_lyc_unfocus_01,unfocus,100.0,4.0,2.0,128.0,unfocus,unfocus,3.243923581429645e-06
4,20260916_lyc_unfocus_01,unfocus,102.0,4.0,2.0,128.0,unfocus,unfocus,6.078131811213239e-07
4,20260916_lyc_unfocus_01,unfocus,104.0,4.0,2.0,128.0,unfocus,unfocus,2.527350067395665e-06
4,20260916_lyc_unfocus_01,unfocus,106.0,4.0,2.0,128.0,unfocus,unfocus,0.0033188813026302617
4,20260916_lyc_unfocus_01,unfocus,108.0,4.0,2.0,128.0,unfocus,unfocus,1.239844236895486e-05
4,20260916_lyc_unfocus_01,unfocus,110.0,4.0,2.0,128.0,unfocus,unfocus,7.335188985860011e-06
4,20260916_lyc_unfocus_01,unfocus,112.0,4.0,2.0,128.0,unfocus,unfocus,3.506906410267332e-07
4,20260916_lyc_unfocus_01,unfocus,114.0,4.0,2.0,128.0,unfocus,unfocus,7.088041076640109e-07
4,20260916_lyc_unfocus_01,unfocus,116.0,4.0,2.0,128.0,unfocus,unfocus,7.843823936827983e-07
4,20260916_lyc_unfocus_01,unfocus,118.0,4.0,2.0,128.0,unfocus,unfocus,1.2465186751977743e-08
4,20260916_lyc_unfocus_01,unfocus,120.0,4.0,2.0,128.0,unfocus,unfocus,9.675720681555681e-07
4,20260916_lyc_unfocus_01,unfocus,122.0,4.0,2.0,128.0,unfocus,unfocus,3.821668173290167e-07
4,20260916_lyc_unfocus_01,unfocus,124.0,4.0,2.0,128.0,unfocus,unfocus,5.64485368175108e-06
4,20260916_lyc_unfocus_01,unfocus,126.0,4.0,2.0,128.0,unfocus,unfocus,1.3112189843887543e-06
4,20260916_lyc_unfocus_01,unfocus,128.0,4.0,2.0,128.0,unfocus,unfocus,4.028591225662748e-07
4,20260916_lyc_unfocus_01,unfocus,130.0,4.0,2.0,128.0,unfocus,unfocus,0.004383011107893743
4,20260916_lyc_unfocus_01,unfocus,132.0,4.0,2.0,128.0,unfocus,unfocus,1.3735283757439735e-05
4,20260916_lyc_unfocus_01,unfocus,134.0,4.0,2.0,128.0,unfocus,unfocus,0.04648305199641319
4,20260916_lyc_unfocus_01,unfocus,136.0,4.0,2.0,128.0,unfocus,unfocus,0.024496382457037558
4,20260916_lyc_unfocus_01,unfocus,138.0,4.0,2.0,128.0,unfocus,unfocus,0.00905055095612978
4,20260916_lyc_unfocus_01,unfocus,140.0,4.0,2.0,128.0,unfocus,unfocus,0.007428077298884635
4,20260916_lyc_unfocus_01,unfocus,142.0,4.0,2.0,128.0,unfocus,unfocus,0.0059142069093848235
4,20260916_lyc_unfocus_01,unfocus,144.0,4.0,2.0,128.0,unfocus,unfocus,1.7634382771774872e-06
4,20260916_lyc_unfocus_01,unfocus,146.0,4.0,2.0,128.0,unfocus,unfocus,6.381942510051382e-09
4,20260916_lyc_unfocus_01,unfocus,148.0,4.0,2.0,128.0,unfocus,unfocus,7.498042476312657e-08
4,20260916_lyc_unfocus_01,unfocus,150.0,4.0,2.0,128.0,unfocus,unfocus,2.933967258004072e-08
4,20260916_lyc_unfocus_01,unfocus,152.0,4.0,2.0,128.0,unfocus,unfocus,5.068298270426246e-07
4,20260916_lyc_unfocus_01,unfocus,154.0,4.0,2.0,128.0,unfocus,unfocus,8.858915398464604e-06
4,20260916_lyc_unfocus_01,unfocus,156.0,4.0,2.0,128.0,unfocus,unfocus,7.224458071125447e-06
4,20260916_lyc_unfocus_01,unfocus,158.0,4.0,2.0,128.0,unfocus,unfocus,3.9774516501947855e-08
4,20260916_lyc_unfocus_01,unfocus,160.0,4.0,2.0,128.0,unfocus,unfocus,3.98465454931037e-06
4,20260916_lyc_unfocus_01,unfocus,162.0,4.0,2.0,128.0,unfocus,unfocus,0.008336350687957609
4,20260916_lyc_unfocus_01,unfocus,164.0,4.0,2.0,128.0,unfocus,unfocus,0.006805329782961569
4,20260916_lyc_unfocus_01,unfocus,166.0,4.0,2.0,128.0,unfocus,unfocus,0.006213353650316624
4,20260916_lyc_unfocus_01,unfocus,168.0,4.0,2.0,128.0,unfocus,unfocus,1.5942087964295574e-05
4,20260916_lyc_unfocus_01,unfocus,170.0,4.0,2.0,128.0,unfocus,unfocus,2.3546421229625377e-06
4,20260916_lyc_unfocus_01,unfocus,172.0,4.0,2.0,128.0,unfocus,unfocus,0.0031071230234049193
4,20260916_lyc_unfocus_01,unfocus,174.0,4.0,2.0,128.0,unfocus,unfocus,0.002567878192447286
4,20260916_lyc_unfocus_01,unfocus,176.0,4.0,2.0,128.0,unfocus,unfocus,0.0032867645108042684
4,20260916_lyc_unfocus_01,unfocus,178.0,4.0,2.0,128.0,unfocus,unfocus,0.07796919766236522
4,20260916_lyc_unfocus_01,unfocus,180.0,4.0,2.0,128.0,unfocus,unfocus,3.0935164831997786e-07
4,20260916_lyc_unfocus_01,unfocus,182.0,4.0,2.0,128.0,unfocus,unfocus,5.878353921314633e-06
4,20260916_lyc_unfocus_01,unfocus,184.0,4.0,2.0,128.0,unfocus,unfocus,7.204393811581127e-07
4,20260916_lyc_unfocus_01,unfocus,186.0,4.0,2.0,128.0,unfocus,unfocus,6.13458044566665e-07
4,20260916_lyc_unfocus_01,unfocus,188.0,4.0,2.0,128.0,unfocus,unfocus,8.936416508371484e-08
4,20260916_lyc_unfocus_01,unfocus,190.0,4.0,2.0,128.0,unfocus,unfocus,9.676375656308758e-09
4,20260916_lyc_unfocus_01,unfocus,192.0,4.0,2.0,128.0,unfocus,unfocus,4.81255506732373e-07
4,20260916_lyc_unfocus_01,unfocus,194.0,4.0,2.0,128.0,unfocus,unfocus,1.933058420149756e-07
4,20260916_lyc_unfocus_01,unfocus,196.0,4.0,2.0,128.0,unfocus,unfocus,1.0276197037021642e-06
4,20260916_lyc_unfocus_01,unfocus,198.0,4.0,2.0,128.0,unfocus,unfocus,0.153770453975471
4,20260916_lyc_unfocus_01,unfocus,200.0,4.0,2.0,128.0,unfocus,unfocus,0.07883843396082624
4,20260916_lyc_unfocus_01,unfocus,202.0,4.0,2.0,128.0,unfocus,unfocus,0.008915142951056982
4,20260916_lyc_unfocus_01,unfocus,204.0,4.0,2.0,128.0,unfocus,unfocus,1.6765814391503524e-05
4,20260916_lyc_unfocus_01,unfocus,206.0,4.0,2.0,128.0,unfocus,unfocus,7.162124267966425e-06
4,20260916_lyc_unfocus_01,unfocus,208.0,4.0,2.0,128.0,unfocus,unfocus,1.0330234903647703e-06
4,20260916_lyc_unfocus_01,unfocus,210.0,4.0,2.0,128.0,unfocus,unfocus,0.01284469540000753
4,20260916_lyc_unfocus_01,unfocus,212.0,4.0,2.0,128.0,unfocus,unfocus,0.04045432000210311
4,20260916_lyc_unfocus_01,unfocus,214.0,4.0,2.0,128.0,unfocus,focus,0.5847147456907741
4,20260916_lyc_unfocus_01,unfocus,216.0,4.0,2.0,128.0,unfocus,focus,0.7542312676065541
4,20260916_lyc_unfocus_01,unfocus,218.0,4.0,2.0,128.0,unfocus,unfocus,0.2655904348163879
4,20260916_lyc_unfocus_01,unfocus,220.0,4.0,2.0,128.0,unfocus,unfocus,0.025726959652950153
4,20260916_lyc_unfocus_01,unfocus,222.0,4.0,2.0,128.0,unfocus,unfocus,8.002859297440306e-07
4,20260916_lyc_unfocus_01,unfocus,224.0,4.0,2.0,128.0,unfocus,unfocus,4.835930626903471e-07
4,20260916_lyc_unfocus_01,unfocus,226.0,4.0,2.0,128.0,unfocus,unfocus,2.2770904230833503e-09
4,20260916_lyc_unfocus_01,unfocus,228.0,4.0,2.0,128.0,unfocus,unfocus,5.085099599958567e-07
4,20260916_lyc_unfocus_01,unfocus,230.0,4.0,2.0,128.0,unfocus,unfocus,0.007318011826167225
4,20260916_lyc_unfocus_01,unfocus,232.0,4.0,2.0,128.0,unfocus,unfocus,9.534417863152856e-09
4,20260916_lyc_unfocus_01,unfocus,234.0,4.0,2.0,128.0,unfocus,unfocus,2.8846774324850864e-08
4,20260916_lyc_unfocus_01,unfocus,236.0,4.0,2.0,128.0,unfocus,unfocus,9.091349785138354e-08
4,20260916_lyc_unfocus_01,unfocus,238.0,4.0,2.0,128.0,unfocus,unfocus,1.447636700353108e-05
4,20260916_lyc_unfocus_01,unfocus,240.0,4.0,2.0,128.0,unfocus,unfocus,1.1397760870822726e-08
4,20260916_lyc_unfocus_01,unfocus,242.0,4.0,2.0,128.0,unfocus,unfocus,1.5216722047810088e-10
4,20260916_lyc_unfocus_01,unfocus,244.0,4.0,2.0,128.0,unfocus,focus,0.4862338749834989
4,20260916_lyc_unfocus_01,unfocus,246.0,4.0,2.0,128.0,unfocus,focus,0.732347781196839
4,20260916_lyc_unfocus_01,unfocus,248.0,4.0,2.0,128.0,unfocus,unfocus,0.10421853363228699
4,20260916_lyc_unfocus_01,unfocus,250.0,4.0,2.0,128.0,unfocus,unfocus,0.00851515744499597
4,20260916_lyc_unfocus_01,unfocus,252.0,4.0,2.0,128.0,unfocus,unfocus,0.009667217102002367
4,20260916_lyc_unfocus_01,unfocus,254.0,4.0,2.0,128.0,unfocus,unfocus,1.349111224018997e-06
4,20260916_lyc_unfocus_01,unfocus,256.0,4.0,2.0,128.0,unfocus,unfocus,0.00441729743163932
4,20260916_lyc_unfocus_01,unfocus,258.0,4.0,2.0,128.0,unfocus,unfocus,0.14238239888306498
4,20260916_lyc_unfocus_01,unfocus,260.0,4.0,2.0,128.0,unfocus,unfocus,0.06526704674027647
4,20260916_lyc_unfocus_01,unfocus,262.0,4.0,2.0,128.0,unfocus,unfocus,4.674815985325901e-07
4,20260916_lyc_unfocus_01,unfocus,264.0,4.0,2.0,128.0,unfocus,unfocus,1.475395967018597e-05
4,20260916_lyc_unfocus_01,unfocus,266.0,4.0,2.0,128.0,unfocus,unfocus,0.0037807317372596364
4,20260916_lyc_unfocus_01,unfocus,268.0,4.0,2.0,128.0,unfocus,unfocus,0.027056398278210395
4,20260916_lyc_unfocus_01,unfocus,270.0,4.0,2.0,128.0,unfocus,unfocus,2.0815998730558846e-07
4,20260916_lyc_unfocus_01,unfocus,272.0,4.0,2.0,128.0,unfocus,unfocus,3.1391460934630843e-06
4,20260916_lyc_unfocus_01,unfocus,274.0,4.0,2.0,128.0,unfocus,unfocus,1.079362715754487e-06
4,20260916_lyc_unfocus_01,unfocus,276.0,4.0,2.0,128.0,unfocus,unfocus,1.8581983221368942e-07
4,20260916_lyc_unfocus_01,unfocus,278.0,4.0,2.0,128.0,unfocus,unfocus,6.959480227966735e-08
4,20260916_lyc_unfocus_01,unfocus,280.0,4.0,2.0,128.0,unfocus,unfocus,1.5644713609916028e-07
4,20260916_lyc_unfocus_01,unfocus,282.0,4.0,2.0,128.0,unfocus,unfocus,7.79902320980604e-07
4,20260916_lyc_unfocus_01,unfocus,284.0,4.0,2.0,128.0,unfocus,unfocus,0.004121060312645861
4,20260916_lyc_unfocus_01,unfocus,286.0,4.0,2.0,128.0,unfocus,unfocus,1.3192700456092219e-05
4,20260916_lyc_unfocus_01,unfocus,288.0,4.0,2.0,128.0,unfocus,unfocus,4.152814005222607e-07
4,20260916_lyc_unfocus_01,unfocus,290.0,4.0,2.0,128.0,unfocus,unfocus,1.1006462253326025e-06
4,20260916_lyc_unfocus_01,unfocus,292.0,4.0,2.0,128.0,unfocus,unfocus,0.003949175494501517
4,20260916_lyc_unfocus_01,unfocus,294.0,4.0,2.0,128.0,unfocus,unfocus,9.071677807641835e-08
4,20260916_lyc_unfocus_01,unfocus,296.0,4.0,2.0,128.0,unfocus,unfocus,1.1375857561695305e-08
4,20260916_lyc_unfocus_01,unfocus,298.0,4.0,2.0,128.0,unfocus,unfocus,9.984192845694974e-08
4,20260916_lyc_unfocus_01,unfocus,300.0,4.0,2.0,128.0,unfocus,unfocus,1.907075358053674e-05
4,20260916_lyc_unfocus_01,unfocus,302.0,4.0,2.0,128.0,unfocus,unfocus,0.009052747099295324
4,20260916_lyc_unfocus_01,unfocus,304.0,4.0,2.0,128.0,unfocus,unfocus,2.2232478093282947e-07
4,20260916_lyc_unfocus_01,unfocus,306.0,4.0,2.0,128.0,unfocus,unfocus,0.003236903992393571
4,20260916_lyc_unfocus_01,unfocus,308.0,4.0,2.0,128.0,unfocus,unfocus,1.6042943865175e-05
4,20260916_lyc_unfocus_01,unfocus,310.0,4.0,2.0,128.0,unfocus,unfocus,1.4984953173756123e-06
4,20260916_lyc_unfocus_01,unfocus,312.0,4.0,2.0,128.0,unfocus,unfocus,4.9888330799178255e-09
4,20260916_lyc_unfocus_01,unfocus,314.0,4.0,2.0,128.0,unfocus,unfocus,4.344455501735671e-08
4,20260916_lyc_unfocus_01,unfocus,316.0,4.0,2.0,128.0,unfocus,unfocus,1.2843936967176462e-05
4,20260916_lyc_unfocus_01,unfocus,318.0,4.0,2.0,128.0,unfocus,unfocus,2.849915475845845e-06
4,20260916_lyc_unfocus_01,unfocus,320.0,4.0,2.0,128.0,unfocus,unfocus,1.898407005454566e-06
4,20260916_lyc_unfocus_01,unfocus,322.0,4.0,2.0,128.0,unfocus,unfocus,7.560581061658666e-07
4,20260916_lyc_unfocus_01,unfocus,324.0,4.0,2.0,128.0,unfocus,unfocus,1.6549450501734198e-05
4,20260916_lyc_unfocus_01,unfocus,326.0,4.0,2.0,128.0,unfocus,unfocus,7.295989716000571e-07
4,20260916_lyc_unfocus_01,unfocus,328.0,4.0,2.0,128.0,unfocus,unfocus,2.4700830186907594e-07
4,20260916_lyc_unfocus_01,unfocus,330.0,4.0,2.0,128.0,unfocus,unfocus,8.376215045477005e-08
4,20260916_lyc_unfocus_01,unfocus,332.0,4.0,2.0,128.0,unfocus,unfocus,0.007571541776882053
4,20260916_lyc_unfocus_01,unfocus,334.0,4.0,2.0,128.0,unfocus,unfocus,1.0829266911539987e-05
4,20260916_lyc_unfocus_01,unfocus,336.0,4.0,2.0,128.0,unfocus,unfocus,7.98054623146562e-06
4,20260916_lyc_unfocus_01,unfocus,338.0,4.0,2.0,128.0,unfocus,unfocus,0.002625296970636072
4,20260916_lyc_unfocus_01,unfocus,340.0,4.0,2.0,128.0,unfocus,unfocus,1.0778555024138095e-06
4,20260916_lyc_unfocus_01,unfocus,342.0,4.0,2.0,128.0,unfocus,unfocus,1.7035519799230262e-05
4,20260916_lyc_unfocus_01,unfocus,344.0,4.0,2.0,128.0,unfocus,unfocus,6.907764289769995e-06
4,20260916_lyc_unfocus_01,unfocus,346.0,4.0,2.0,128.0,unfocus,unfocus,6.901879087223393e-07
4,20260916_lyc_unfocus_01,unfocus,348.0,4.0,2.0,128.0,unfocus,unfocus,1.6218770613502873e-05
4,20260916_lyc_unfocus_01,unfocus,350.0,4.0,2.0,128.0,unfocus,unfocus,7.919478235292078e-07
4,20260916_lyc_unfocus_01,unfocus,352.0,4.0,2.0,128.0,unfocus,unfocus,2.8619194866429137e-08
4,20260916_lyc_unfocus_01,unfocus,354.0,4.0,2.0,128.0,unfocus,unfocus,1.154931259627875e-08
4,20260916_lyc_unfocus_01,unfocus,356.0,4.0,2.0,128.0,unfocus,unfocus,5.053905008888518e-07
4,20260916_lyc_unfocus_01,unfocus,358.0,4.0,2.0,128.0,unfocus,unfocus,2.4603000070926295e-06
4,20260916_lyc_unfocus_01,unfocus,360.0,4.0,2.0,128.0,unfocus,unfocus,0.012440469672790784
4,20260916_lyc_unfocus_01,unfocus,362.0,4.0,2.0,128.0,unfocus,unfocus,0.030966488516830207
4,20260916_lyc_unfocus_01,unfocus,364.0,4.0,2.0,128.0,unfocus,unfocus,4.353486694671562e-06
4,20260916_lyc_unfocus_01,unfocus,366.0,4.0,2.0,128.0,unfocus,unfocus,0.0036199471170070487
4,20260916_lyc_unfocus_01,unfocus,368.0,4.0,2.0,128.0,unfocus,unfocus,1.0166247246460811e-07
4,20260916_lyc_unfocus_01,unfocus,370.0,4.0,2.0,128.0,unfocus,unfocus,4.355643476214123e-07
4,20260916_lyc_unfocus_01,unfocus,372.0,4.0,2.0,128.0,unfocus,focus,0.6498765004259065
4,20260916_lyc_unfocus_01,unfocus,374.0,4.0,2.0,128.0,unfocus,unfocus,0.3264355953848899
4,20260916_lyc_unfocus_01,unfocus,376.0,4.0,2.0,128.0,unfocus,unfocus,6.818003790641853e-07
4,20260916_lyc_unfocus_01,unfocus,378.0,4.0,2.0,128.0,unfocus,unfocus,1.8677983251745954e-05
4,20260916_lyc_unfocus_01,unfocus,380.0,4.0,2.0,128.0,unfocus,unfocus,0.06849868318908867
4,20260916_lyc_unfocus_01,unfocus,382.0,4.0,2.0,128.0,unfocus,unfocus,8.527026766445458e-06
4,20260916_lyc_unfocus_01,unfocus,384.0,4.0,2.0,128.0,unfocus,unfocus,3.6861269221408465e-06
4,20260916_lyc_unfocus_01,unfocus,386.0,4.0,2.0,128.0,unfocus,unfocus,1.6672386250160633e-06
4,20260916_lyc_unfocus_01,unfocus,388.0,4.0,2.0,128.0,unfocus,unfocus,9.639263516052485e-08
4,20260916_lyc_unfocus_01,unfocus,390.0,4.0,2.0,128.0,unfocus,unfocus,4.378078138253134e-08
4,20260916_lyc_unfocus_01,unfocus,392.0,4.0,2.0,128.0,unfocus,unfocus,2.9915804274882947e-06
4,20260916_lyc_unfocus_01,unfocus,394.0,4.0,2.0,128.0,unfocus,unfocus,3.231870741375157e-09
4,20260916_lyc_unfocus_01,unfocus,396.0,4.0,2.0,128.0,unfocus,unfocus,2.8103892419779436e-07
4,20260916_lyc_unfocus_01,unfocus,398.0,4.0,2.0,128.0,unfocus,unfocus,4.756175945928141e-10
4,20260916_lyc_unfocus_01,unfocus,400.0,4.0,2.0,128.0,unfocus,unfocus,2.3494281620798962e-08
4,20260916_lyc_unfocus_01,unfocus,402.0,4.0,2.0,128.0,unfocus,unfocus,0.004101924658158622
4,20260916_lyc_unfocus_01,unfocus,404.0,4.0,2.0,128.0,unfocus,unfocus,2.5670084716000036e-07
4,20260916_lyc_unfocus_01,unfocus,406.0,4.0,2.0,128.0,unfocus,unfocus,0.0027211706213794164
4,20260916_lyc_unfocus_01,unfocus,408.0,4.0,2.0,128.0,unfocus,unfocus,5.513878987646777e-07
4,20260916_lyc_unfocus_01,unfocus,410.0,4.0,2.0,128.0,unfocus,unfocus,4.705683677102467e-09
4,20260916_lyc_unfocus_01,unfocus,412.0,4.0,2.0,128.0,unfocus,unfocus,4.3784973741026683e-07
4,20260916_lyc_unfocus_01,unfocus,414.0,4.0,2.0,128.0,unfocus,unfocus,6.944076591643973e-08
4,20260916_lyc_unfocus_01,unfocus,416.0,4.0,2.0,128.0,unfocus,unfocus,3.997641893985393e-08
4,20260916_lyc_unfocus_01,unfocus,418.0,4.0,2.0,128.0,unfocus,unfocus,1.0613863268718656e-08
4,20260916_lyc_unfocus_01,unfocus,420.0,4.0,2.0,128.0,unfocus,unfocus,1.515820064903437e-08
4,20260916_lyc_unfocus_01,unfocus,422.0,4.0,2.0,128.0,unfocus,unfocus,3.0223900836655736e-07
4,20260916_lyc_unfocus_01,unfocus,424.0,4.0,2.0,128.0,unfocus,unfocus,1.3637342975688308e-05
4,20260916_lyc_unfocus_01,unfocus,426.0,4.0,2.0,128.0,unfocus,unfocus,1.8565993103280347e-06
4,20260916_lyc_unfocus_01,unfocus,428.0,4.0,2.0,128.0,unfocus,unfocus,1.023401778906419e-07
4,20260916_lyc_unfocus_01,unfocus,430.0,4.0,2.0,128.0,unfocus,unfocus,4.386815201371346e-08
4,20260916_lyc_unfocus_01,unfocus,432.0,4.0,2.0,128.0,unfocus,unfocus,1.922993852130065e-06
4,20260916_lyc_unfocus_01,unfocus,434.0,4.0,2.0,128.0,unfocus,unfocus,7.13735979761497e-07
4,20260916_lyc_unfocus_01,unfocus,436.0,4.0,2.0,128.0,unfocus,unfocus,3.540395432974699e-07
4,20260916_lyc_unfocus_01,unfocus,438.0,4.0,2.0,128.0,unfocus,unfocus,1.1746469957067677e-06
4,20260916_lyc_unfocus_01,unfocus,440.0,4.0,2.0,128.0,unfocus,unfocus,1.317481597933043e-07
4,20260916_lyc_unfocus_01,unfocus,442.0,4.0,2.0,128.0,unfocus,unfocus,1.0972408554814968e-08
4,20260916_lyc_unfocus_01,unfocus,444.0,4.0,2.0,128.0,unfocus,unfocus,5.080192939201914e-07
4,20260916_lyc_unfocus_01,unfocus,446.0,4.0,2.0,128.0,unfocus,unfocus,6.934371914991312e-06
4,20260916_lyc_unfocus_01,unfocus,448.0,4.0,2.0,128.0,unfocus,unfocus,5.52533509222577e-07
4,20260916_lyc_unfocus_01,unfocus,450.0,4.0,2.0,128.0,unfocus,unfocus,0.007003704311684963
4,20260916_lyc_unfocus_01,unfocus,452.0,4.0,2.0,128.0,unfocus,unfocus,0.44931552042740913
4,20260916_lyc_unfocus_01,unfocus,454.0,4.0,2.0,128.0,unfocus,focus,0.5154954152369761
4,20260916_lyc_unfocus_01,unfocus,456.0,4.0,2.0,128.0,unfocus,unfocus,0.04920091388417139
4,20260916_lyc_unfocus_01,unfocus,458.0,4.0,2.0,128.0,unfocus,unfocus,1.214038393085468e-06
4,20260916_lyc_unfocus_01,unfocus,460.0,4.0,2.0,128.0,unfocus,unfocus,0.004636756598156989
4,20260916_lyc_unfocus_01,unfocus,462.0,4.0,2.0,128.0,unfocus,unfocus,8.768305871724437e-08
4,20260916_lyc_unfocus_01,unfocus,464.0,4.0,2.0,128.0,unfocus,unfocus,0.013646953528424852
4,20260916_lyc_unfocus_01,unfocus,466.0,4.0,2.0,128.0,unfocus,unfocus,1.0784539793125509e-05
4,20260916_lyc_unfocus_01,unfocus,468.0,4.0,2.0,128.0,unfocus,unfocus,3.728605399032453e-08
4,20260916_lyc_unfocus_01,unfocus,470.0,4.0,2.0,128.0,unfocus,unfocus,9.893876805594237e-06
4,20260916_lyc_unfocus_01,unfocus,472.0,4.0,2.0,128.0,unfocus,unfocus,0.003029123138224768
4,20260916_lyc_unfocus_01,unfocus,474.0,4.0,2.0,128.0,unfocus,unfocus,4.5219456964680344e-06
4,20260916_lyc_unfocus_01,unfocus,476.0,4.0,2.0,128.0,unfocus,unfocus,1.3158355310042284e-07
4,20260916_lyc_unfocus_01,unfocus,478.0,4.0,2.0,128.0,unfocus,unfocus,7.233325561209287e-11
4,20260916_lyc_unfocus_01,unfocus,480.0,4.0,2.0,128.0,unfocus,unfocus,7.325686704145073e-08
4,20260916_lyc_unfocus_01,unfocus,482.0,4.0,2.0,128.0,unfocus,unfocus,1.6594300730641858e-07
4,20260916_lyc_unfocus_01,unfocus,484.0,4.0,2.0,128.0,unfocus,unfocus,4.1799702676327295e-07
4,20260916_lyc_unfocus_01,unfocus,486.0,4.0,2.0,128.0,unfocus,unfocus,1.7320489641448394e-07
4,20260916_lyc_unfocus_01,unfocus,488.0,4.0,2.0,128.0,unfocus,unfocus,9.264067870283974e-07
4,20260916_lyc_unfocus_01,unfocus,490.0,4.0,2.0,128.0,unfocus,unfocus,7.276550187954687e-06
4,20260916_lyc_unfocus_01,unfocus,492.0,4.0,2.0,128.0,unfocus,unfocus,6.979756956608765e-06
4,20260916_lyc_unfocus_01,unfocus,494.0,4.0,2.0,128.0,unfocus,unfocus,0.0038602164457567233
4,20260916_lyc_unfocus_01,unfocus,496.0,4.0,2.0,128.0,unfocus,unfocus,2.2896481187111946e-06
4,20260916_lyc_unfocus_01,unfocus,498.0,4.0,2.0,128.0,unfocus,unfocus,0.00396192403119585
4,20260916_lyc_unfocus_01,unfocus,500.0,4.0,2.0,128.0,unfocus,unfocus,3.3550948545750782e-09
4,20260916_lyc_unfocus_01,unfocus,502.0,4.0,2.0,128.0,unfocus,unfocus,1.30355704693574e-11
4,20260916_lyc_unfocus_01,unfocus,504.0,4.0,2.0,128.0,unfocus,unfocus,2.0378156742035197e-06
4,20260916_lyc_unfocus_01,unfocus,506.0,4.0,2.0,128.0,unfocus,unfocus,3.502373701642057e-06
4,20260916_lyc_unfocus_01,unfocus,508.0,4.0,2.0,128.0,unfocus,unfocus,2.1311052637553413e-09
4,20260916_lyc_unfocus_01,unfocus,510.0,4.0,2.0,128.0,unfocus,unfocus,1.1693891428339376e-06
4,20260916_lyc_unfocus_01,unfocus,512.0,4.0,2.0,128.0,unfocus,unfocus,7.443084262421881e-07
4,20260916_lyc_unfocus_01,unfocus,514.0,4.0,2.0,128.0,unfocus,unfocus,1.78537118472636e-07
4,20260916_lyc_unfocus_01,unfocus,516.0,4.0,2.0,128.0,unfocus,unfocus,1.4452863375461207e-06
4,20260916_lyc_unfocus_01,unfocus,518.0,4.0,2.0,128.0,unfocus,unfocus,2.784716462743425e-07
4,20260916_lyc_unfocus_01,unfocus,520.0,4.0,2.0,128.0,unfocus,unfocus,3.558955214998391e-08
4,20260916_lyc_unfocus_01,unfocus,522.0,4.0,2.0,128.0,unfocus,unfocus,1.1042152800218094e-07
4,20260916_lyc_unfocus_01,unfocus,524.0,4.0,2.0,128.0,unfocus,unfocus,9.71696187888374e-09
4,20260916_lyc_unfocus_01,unfocus,526.0,4.0,2.0,128.0,unfocus,unfocus,6.400489854020583e-08
4,20260916_lyc_unfocus_01,unfocus,528.0,4.0,2.0,128.0,unfocus,unfocus,3.4095393883876785e-07
4,20260916_lyc_unfocus_01,unfocus,530.0,4.0,2.0,128.0,unfocus,unfocus,9.849665389992793e-08
4,20260916_lyc_unfocus_01,unfocus,532.0,4.0,2.0,128.0,unfocus,unfocus,9.968206118150857e-09
4,20260916_lyc_unfocus_01,unfocus,534.0,4.0,2.0,128.0,unfocus,unfocus,6.896154734566887e-07
4,20260916_lyc_unfocus_01,unfocus,536.0,4.0,2.0,128.0,unfocus,unfocus,5.507680705322168e-06
4,20260916_lyc_unfocus_01,unfocus,538.0,4.0,2.0,128.0,unfocus,unfocus,3.194367311501783e-06
4,20260916_lyc_unfocus_01,unfocus,540.0,4.0,2.0,128.0,unfocus,unfocus,6.824211996406187e-08
4,20260916_lyc_unfocus_01,unfocus,542.0,4.0,2.0,128.0,unfocus,unfocus,1.1220269983718691e-07
4,20260916_lyc_unfocus_01,unfocus,544.0,4.0,2.0,128.0,unfocus,unfocus,1.071907479615518e-06
4,20260916_lyc_unfocus_01,unfocus,546.0,4.0,2.0,128.0,unfocus,unfocus,4.189535146759409e-06
4,20260916_lyc_unfocus_01,unfocus,548.0,4.0,2.0,128.0,unfocus,unfocus,0.012099588326743368
4,20260916_lyc_unfocus_01,unfocus,550.0,4.0,2.0,128.0,unfocus,unfocus,1.5252587945018949e-09
4,20260916_lyc_unfocus_01,unfocus,552.0,4.0,2.0,128.0,unfocus,unfocus,2.533602731823221e-10
4,20260916_lyc_unfocus_01,unfocus,554.0,4.0,2.0,128.0,unfocus,unfocus,1.4782663543853462e-07
4,20260916_lyc_unfocus_01,unfocus,556.0,4.0,2.0,128.0,unfocus,unfocus,1.5129874476518998e-08
4,20260916_lyc_unfocus_01,unfocus,558.0,4.0,2.0,128.0,unfocus,unfocus,1.216888768127252e-08
4,20260916_lyc_unfocus_01,unfocus,560.0,4.0,2.0,128.0,unfocus,unfocus,8.871117791609912e-09
4,20260916_lyc_unfocus_01,unfocus,562.0,4.0,2.0,128.0,unfocus,unfocus,5.09283917960537e-10
4,20260916_lyc_unfocus_01,unfocus,564.0,4.0,2.0,128.0,unfocus,unfocus,2.0801045635051273e-09
4,20260916_lyc_unfocus_01,unfocus,566.0,4.0,2.0,128.0,unfocus,unfocus,1.4009075183249137e-08
4,20260916_lyc_unfocus_01,unfocus,568.0,4.0,2.0,128.0,unfocus,unfocus,6.519016188043392e-10
4,20260916_lyc_unfocus_01,unfocus,570.0,4.0,2.0,128.0,unfocus,unfocus,3.018989243518559e-08
4,20260916_lyc_unfocus_01,unfocus,572.0,4.0,2.0,128.0,unfocus,unfocus,1.3219052141677779e-08
4,20260916_lyc_unfocus_01,unfocus,574.0,4.0,2.0,128.0,unfocus,unfocus,7.563230354991516e-11
4,20260916_lyc_unfocus_01,unfocus,576.0,4.0,2.0,128.0,unfocus,unfocus,1.5762094125558072e-08
4,20260916_lyc_unfocus_01,unfocus,578.0,4.0,2.0,128.0,unfocus,unfocus,5.7657186251986e-09
4,20260916_lyc_unfocus_01,unfocus,580.0,4.0,2.0,128.0,unfocus,unfocus,1.499323001985904e-06
4,20260916_lyc_unfocus_01,unfocus,582.0,4.0,2.0,128.0,unfocus,unfocus,2.905220472824316e-06
4,20260916_lyc_unfocus_01,unfocus,584.0,4.0,2.0,128.0,unfocus,unfocus,1.4625884740936175e-07
4,20260916_lyc_unfocus_01,unfocus,586.0,4.0,2.0,128.0,unfocus,unfocus,0.005335077410876345
4,20260916_lyc_unfocus_01,unfocus,588.0,4.0,2.0,128.0,unfocus,unfocus,2.6383460612081467e-07
4,20260916_lyc_unfocus_01,unfocus,590.0,4.0,2.0,128.0,unfocus,unfocus,7.0192896371268036e-09
4,20260916_lyc_unfocus_01,unfocus,592.0,4.0,2.0,128.0,unfocus,unfocus,1.5242322822683693e-07
4,20260916_lyc_unfocus_01,unfocus,594.0,4.0,2.0,128.0,unfocus,unfocus,3.1117764072258493e-08
4,20260916_lyc_unfocus_01,unfocus,596.0,4.0,2.0,128.0,unfocus,unfocus,2.885398942394219e-08
4,20260916_lyc_unfocus_01,unfocus,598.0,4.0,2.0,128.0,unfocus,unfocus,1.9471289777036247e-06
4,20260916_lyc_unfocus_01,unfocus,600.0,4.0,2.0,128.0,unfocus,unfocus,3.0257775158872506e-07
4,20260916_lyc_unfocus_01,unfocus,602.0,4.0,2.0,128.0,unfocus,unfocus,9.289005398678651e-08
4,20260916_lyc_unfocus_01,unfocus,604.0,4.0,2.0,128.0,unfocus,unfocus,2.2643639936684706e-08
4,20260916_lyc_unfocus_01,unfocus,606.0,4.0,2.0,128.0,unfocus,unfocus,0.008559042354496834
4,20260916_lyc_unfocus_01,unfocus,608.0,4.0,2.0,128.0,unfocus,unfocus,8.974235065087796e-07
4,20260916_lyc_unfocus_01,unfocus,610.0,4.0,2.0,128.0,unfocus,unfocus,1.0162563616668314e-07
4,20260916_lyc_unfocus_01,unfocus,612.0,4.0,2.0,128.0,unfocus,unfocus,2.995849665238852e-07
4,20260916_lyc_unfocus_01,unfocus,614.0,4.0,2.0,128.0,unfocus,unfocus,1.0353768524706533e-07
4,20260916_lyc_unfocus_01,unfocus,616.0,4.0,2.0,128.0,unfocus,unfocus,7.965047444208502e-08
4,20260916_lyc_unfocus_01,unfocus,618.0,4.0,2.0,128.0,unfocus,unfocus,5.605704747346256e-11
4,20260916_lyc_unfocus_01,unfocus,620.0,4.0,2.0,128.0,unfocus,unfocus,1.0543418795890993e-09
4,20260916_lyc_unfocus_01,unfocus,622.0,4.0,2.0,128.0,unfocus,unfocus,1.5487075182963415e-06
4,20260916_lyc_unfocus_01,unfocus,624.0,4.0,2.0,128.0,unfocus,unfocus,1.956375153691539e-07
4,20260916_lyc_unfocus_01,unfocus,626.0,4.0,2.0,128.0,unfocus,unfocus,1.935802207833122e-07
4,20260916_lyc_unfocus_01,unfocus,628.0,4.0,2.0,128.0,unfocus,unfocus,0.0065710174030458365
4,20260916_lyc_unfocus_01,unfocus,630.0,4.0,2.0,128.0,unfocus,unfocus,1.17986212570456e-10
5,20260916_lyc_unfocus_02,unfocus,0.0,4.0,2.0,128.0,unfocus,unfocus,6.777652601429246e-08
5,20260916_lyc_unfocus_02,unfocus,2.0,4.0,2.0,128.0,unfocus,unfocus,1.06350969317706e-06
5,20260916_lyc_unfocus_02,unfocus,4.0,4.0,2.0,128.0,unfocus,unfocus,5.415191287327808e-07
5,20260916_lyc_unfocus_02,unfocus,6.0,4.0,2.0,128.0,unfocus,unfocus,1.995491406121235e-06
5,20260916_lyc_unfocus_02,unfocus,8.0,4.0,2.0,128.0,unfocus,unfocus,4.355170946590425e-06
5,20260916_lyc_unfocus_02,unfocus,10.0,4.0,2.0,128.0,unfocus,unfocus,1.6897294816193737e-05
5,20260916_lyc_unfocus_02,unfocus,12.0,4.0,2.0,128.0,unfocus,unfocus,8.858420855370757e-07
5,20260916_lyc_unfocus_02,unfocus,14.0,4.0,2.0,128.0,unfocus,unfocus,1.9577344259590805e-09
5,20260916_lyc_unfocus_02,unfocus,16.0,4.0,2.0,128.0,unfocus,unfocus,3.1530426093825974e-08
5,20260916_lyc_unfocus_02,unfocus,18.0,4.0,2.0,128.0,unfocus,unfocus,1.1558776301536987e-07
5,20260916_lyc_unfocus_02,unfocus,20.0,4.0,2.0,128.0,unfocus,unfocus,2.6212942960048872e-06
5,20260916_lyc_unfocus_02,unfocus,22.0,4.0,2.0,128.0,unfocus,unfocus,1.6531008805619433e-07
5,20260916_lyc_unfocus_02,unfocus,24.0,4.0,2.0,128.0,unfocus,unfocus,3.510893936162412e-08
5,20260916_lyc_unfocus_02,unfocus,26.0,4.0,2.0,128.0,unfocus,unfocus,2.7445528488938263e-08
5,20260916_lyc_unfocus_02,unfocus,28.0,4.0,2.0,128.0,unfocus,unfocus,0.005901258719871573
5,20260916_lyc_unfocus_02,unfocus,30.0,4.0,2.0,128.0,unfocus,unfocus,1.4608090054041615e-08
5,20260916_lyc_unfocus_02,unfocus,32.0,4.0,2.0,128.0,unfocus,unfocus,6.392043216227007e-12
5,20260916_lyc_unfocus_02,unfocus,34.0,4.0,2.0,128.0,unfocus,unfocus,7.635714774914408e-09
5,20260916_lyc_unfocus_02,unfocus,36.0,4.0,2.0,128.0,unfocus,unfocus,2.742740408769578e-06
5,20260916_lyc_unfocus_02,unfocus,38.0,4.0,2.0,128.0,unfocus,unfocus,2.955212218950286e-07
5,20260916_lyc_unfocus_02,unfocus,40.0,4.0,2.0,128.0,unfocus,unfocus,1.4230273529590289e-08
5,20260916_lyc_unfocus_02,unfocus,42.0,4.0,2.0,128.0,unfocus,unfocus,8.827242085322607e-07
5,20260916_lyc_unfocus_02,unfocus,44.0,4.0,2.0,128.0,unfocus,unfocus,9.22432307580536e-08
5,20260916_lyc_unfocus_02,unfocus,46.0,4.0,2.0,128.0,unfocus,unfocus,5.430680279570174e-10
5,20260916_lyc_unfocus_02,unfocus,48.0,4.0,2.0,128.0,unfocus,unfocus,8.796836829897684e-11
5,20260916_lyc_unfocus_02,unfocus,50.0,4.0,2.0,128.0,unfocus,unfocus,8.973398361440088e-10
5,20260916_lyc_unfocus_02,unfocus,52.0,4.0,2.0,128.0,unfocus,unfocus,2.1330245118216048e-10
5,20260916_lyc_unfocus_02,unfocus,54.0,4.0,2.0,128.0,unfocus,unfocus,1.868565973725028e-10
5,20260916_lyc_unfocus_02,unfocus,56.0,4.0,2.0,128.0,unfocus,unfocus,7.99058440822985e-11
5,20260916_lyc_unfocus_02,unfocus,58.0,4.0,2.0,128.0,unfocus,unfocus,3.0429883588485106e-07
5,20260916_lyc_unfocus_02,unfocus,60.0,4.0,2.0,128.0,unfocus,unfocus,4.742041684625934e-07
5,20260916_lyc_unfocus_02,unfocus,62.0,4.0,2.0,128.0,unfocus,unfocus,1.1045442987656615e-07
5,20260916_lyc_unfocus_02,unfocus,64.0,4.0,2.0,128.0,unfocus,unfocus,0.0028654357683324996
5,20260916_lyc_unfocus_02,unfocus,66.0,4.0,2.0,128.0,unfocus,unfocus,4.246341679319875e-07
5,20260916_lyc_unfocus_02,unfocus,68.0,4.0,2.0,128.0,unfocus,unfocus,1.4182461506273596e-09
5,20260916_lyc_unfocus_02,unfocus,70.0,4.0,2.0,128.0,unfocus,unfocus,8.636739050224141e-11
5,20260916_lyc_unfocus_02,unfocus,72.0,4.0,2.0,128.0,unfocus,unfocus,0.0068248492260551226
5,20260916_lyc_unfocus_02,unfocus,74.0,4.0,2.0,128.0,unfocus,unfocus,0.007486218206064632
5,20260916_lyc_unfocus_02,unfocus,76.0,4.0,2.0,128.0,unfocus,unfocus,4.340735859854122e-07
5,20260916_lyc_unfocus_02,unfocus,78.0,4.0,2.0,128.0,unfocus,unfocus,1.6843194183885986e-06
5,20260916_lyc_unfocus_02,unfocus,80.0,4.0,2.0,128.0,unfocus,unfocus,2.836471029730572e-10
5,20260916_lyc_unfocus_02,unfocus,82.0,4.0,2.0,128.0,unfocus,unfocus,1.1885893385582985e-08
5,20260916_lyc_unfocus_02,unfocus,84.0,4.0,2.0,128.0,unfocus,unfocus,2.8235320708939317e-06
5,20260916_lyc_unfocus_02,unfocus,86.0,4.0,2.0,128.0,unfocus,unfocus,3.821432673262888e-06
5,20260916_lyc_unfocus_02,unfocus,88.0,4.0,2.0,128.0,unfocus,unfocus,3.9252758627352634e-09
5,20260916_lyc_unfocus_02,unfocus,90.0,4.0,2.0,128.0,unfocus,unfocus,5.692475257561536e-07
5,20260916_lyc_unfocus_02,unfocus,92.0,4.0,2.0,128.0,unfocus,unfocus,1.7335782915007987e-10
5,20260916_lyc_unfocus_02,unfocus,94.0,4.0,2.0,128.0,unfocus,unfocus,6.474415465771721e-11
5,20260916_lyc_unfocus_02,unfocus,96.0,4.0,2.0,128.0,unfocus,unfocus,1.273530368396051e-10
5,20260916_lyc_unfocus_02,unfocus,98.0,4.0,2.0,128.0,unfocus,unfocus,7.065835138353258e-10
5,20260916_lyc_unfocus_02,unfocus,100.0,4.0,2.0,128.0,unfocus,unfocus,9.6857654430907e-09
5,20260916_lyc_unfocus_02,unfocus,102.0,4.0,2.0,128.0,unfocus,unfocus,0.0040701666620455495
5,20260916_lyc_unfocus_02,unfocus,104.0,4.0,2.0,128.0,unfocus,unfocus,0.0026356241995403387
5,20260916_lyc_unfocus_02,unfocus,106.0,4.0,2.0,128.0,unfocus,unfocus,6.175011074436855e-08
5,20260916_lyc_unfocus_02,unfocus,108.0,4.0,2.0,128.0,unfocus,unfocus,3.996705406617684e-08
5,20260916_lyc_unfocus_02,unfocus,110.0,4.0,2.0,128.0,unfocus,unfocus,1.4372338125500411e-07
5,20260916_lyc_unfocus_02,unfocus,112.0,4.0,2.0,128.0,unfocus,unfocus,0.00586858371251404
5,20260916_lyc_unfocus_02,unfocus,114.0,4.0,2.0,128.0,unfocus,unfocus,0.015082018444961254
5,20260916_lyc_unfocus_02,unfocus,116.0,4.0,2.0,128.0,unfocus,unfocus,0.053140747501339076
5,20260916_lyc_unfocus_02,unfocus,118.0,4.0,2.0,128.0,unfocus,unfocus,0.006272972639405086
5,20260916_lyc_unfocus_02,unfocus,120.0,4.0,2.0,128.0,unfocus,unfocus,1.2238109748790556e-08
5,20260916_lyc_unfocus_02,unfocus,122.0,4.0,2.0,128.0,unfocus,unfocus,4.382190054075247e-06
5,20260916_lyc_unfocus_02,unfocus,124.0,4.0,2.0,128.0,unfocus,unfocus,9.48418611979575e-07
5,20260916_lyc_unfocus_02,unfocus,126.0,4.0,2.0,128.0,unfocus,unfocus,7.520305037011705e-06
5,20260916_lyc_unfocus_02,unfocus,128.0,4.0,2.0,128.0,unfocus,unfocus,2.907178456705702e-07
5,20260916_lyc_unfocus_02,unfocus,130.0,4.0,2.0,128.0,unfocus,unfocus,6.866900668629677e-07
5,20260916_lyc_unfocus_02,unfocus,132.0,4.0,2.0,128.0,unfocus,unfocus,2.411150481759482e-06
5,20260916_lyc_unfocus_02,unfocus,134.0,4.0,2.0,128.0,unfocus,unfocus,3.684742311370735e-08
5,20260916_lyc_unfocus_02,unfocus,136.0,4.0,2.0,128.0,unfocus,unfocus,2.1848493897327545e-07
5,20260916_lyc_unfocus_02,unfocus,138.0,4.0,2.0,128.0,unfocus,unfocus,0.005528536743919888
5,20260916_lyc_unfocus_02,unfocus,140.0,4.0,2.0,128.0,unfocus,unfocus,1.7343069064036996e-06
5,20260916_lyc_unfocus_02,unfocus,142.0,4.0,2.0,128.0,unfocus,unfocus,2.9572003990868135e-09
5,20260916_lyc_unfocus_02,unfocus,144.0,4.0,2.0,128.0,unfocus,unfocus,3.909207908634413e-08
5,20260916_lyc_unfocus_02,unfocus,146.0,4.0,2.0,128.0,unfocus,unfocus,7.142406124433874e-06
5,20260916_lyc_unfocus_02,unfocus,148.0,4.0,2.0,128.0,unfocus,unfocus,1.0733472445803226e-06
5,20260916_lyc_unfocus_02,unfocus,150.0,4.0,2.0,128.0,unfocus,unfocus,0.004000637814118638
5,20260916_lyc_unfocus_02,unfocus,152.0,4.0,2.0,128.0,unfocus,unfocus,3.6960771719179305e-07
5,20260916_lyc_unfocus_02,unfocus,154.0,4.0,2.0,128.0,unfocus,unfocus,2.0195428934084162e-08
5,20260916_lyc_unfocus_02,unfocus,156.0,4.0,2.0,128.0,unfocus,unfocus,1.9829786124100198e-08
5,20260916_lyc_unfocus_02,unfocus,158.0,4.0,2.0,128.0,unfocus,unfocus,1.7810510239110287e-07
5,20260916_lyc_unfocus_02,unfocus,160.0,4.0,2.0,128.0,unfocus,unfocus,3.439529771460523e-09
5,20260916_lyc_unfocus_02,unfocus,162.0,4.0,2.0,128.0,unfocus,unfocus,1.7108007736899555e-08
5,20260916_lyc_unfocus_02,unfocus,164.0,4.0,2.0,128.0,unfocus,unfocus,1.0803587923101126e-08
5,20260916_lyc_unfocus_02,unfocus,166.0,4.0,2.0,128.0,unfocus,unfocus,5.937657492952449e-08
5,20260916_lyc_unfocus_02,unfocus,168.0,4.0,2.0,128.0,unfocus,unfocus,9.426169738910934e-09
5,20260916_lyc_unfocus_02,unfocus,170.0,4.0,2.0,128.0,unfocus,unfocus,9.370690846428117e-08
5,20260916_lyc_unfocus_02,unfocus,172.0,4.0,2.0,128.0,unfocus,unfocus,1.9143279259587138e-07
5,20260916_lyc_unfocus_02,unfocus,174.0,4.0,2.0,128.0,unfocus,unfocus,4.0069795424836354e-08
5,20260916_lyc_unfocus_02,unfocus,176.0,4.0,2.0,128.0,unfocus,unfocus,1.867984001300781e-09
5,20260916_lyc_unfocus_02,unfocus,178.0,4.0,2.0,128.0,unfocus,unfocus,4.01193447500887e-08
5,20260916_lyc_unfocus_02,unfocus,180.0,4.0,2.0,128.0,unfocus,unfocus,2.2331623976708663e-09
5,20260916_lyc_unfocus_02,unfocus,182.0,4.0,2.0,128.0,unfocus,unfocus,5.74364721401252e-09
5,20260916_lyc_unfocus_02,unfocus,184.0,4.0,2.0,128.0,unfocus,unfocus,2.5334966720101587e-08
5,20260916_lyc_unfocus_02,unfocus,186.0,4.0,2.0,128.0,unfocus,unfocus,5.602814902961143e-08
5,20260916_lyc_unfocus_02,unfocus,188.0,4.0,2.0,128.0,unfocus,unfocus,0.0033402031211843238
5,20260916_lyc_unfocus_02,unfocus,190.0,4.0,2.0,128.0,unfocus,unfocus,3.0566964892057496e-06
5,20260916_lyc_unfocus_02,unfocus,192.0,4.0,2.0,128.0,unfocus,unfocus,3.322763582213233e-08
5,20260916_lyc_unfocus_02,unfocus,194.0,4.0,2.0,128.0,unfocus,unfocus,1.7362850026828981e-09
5,20260916_lyc_unfocus_02,unfocus,196.0,4.0,2.0,128.0,unfocus,unfocus,1.8197804700061578e-11
5,20260916_lyc_unfocus_02,unfocus,198.0,4.0,2.0,128.0,unfocus,unfocus,6.292980732036004e-07
5,20260916_lyc_unfocus_02,unfocus,200.0,4.0,2.0,128.0,unfocus,unfocus,0.007907329553937248
5,20260916_lyc_unfocus_02,unfocus,202.0,4.0,2.0,128.0,unfocus,unfocus,0.004644393809373731
5,20260916_lyc_unfocus_02,unfocus,204.0,4.0,2.0,128.0,unfocus,unfocus,8.159913228863715e-06
5,20260916_lyc_unfocus_02,unfocus,206.0,4.0,2.0,128.0,unfocus,unfocus,2.8045530836054078e-08
5,20260916_lyc_unfocus_02,unfocus,208.0,4.0,2.0,128.0,unfocus,unfocus,1.996890018860608e-06
5,20260916_lyc_unfocus_02,unfocus,210.0,4.0,2.0,128.0,unfocus,unfocus,6.566950887004549e-07
5,20260916_lyc_unfocus_02,unfocus,212.0,4.0,2.0,128.0,unfocus,unfocus,2.0456943542092315e-07
5,20260916_lyc_unfocus_02,unfocus,214.0,4.0,2.0,128.0,unfocus,unfocus,4.6366832888140945e-07
5,20260916_lyc_unfocus_02,unfocus,216.0,4.0,2.0,128.0,unfocus,unfocus,1.6167872490179797e-06
5,20260916_lyc_unfocus_02,unfocus,218.0,4.0,2.0,128.0,unfocus,unfocus,2.9295515364003737e-06
5,20260916_lyc_unfocus_02,unfocus,220.0,4.0,2.0,128.0,unfocus,unfocus,3.9183435560124284e-07
5,20260916_lyc_unfocus_02,unfocus,222.0,4.0,2.0,128.0,unfocus,unfocus,1.2380775155830282e-08
5,20260916_lyc_unfocus_02,unfocus,224.0,4.0,2.0,128.0,unfocus,unfocus,2.623086427941658e-07
5,20260916_lyc_unfocus_02,unfocus,226.0,4.0,2.0,128.0,unfocus,unfocus,2.847602714028594e-07
5,20260916_lyc_unfocus_02,unfocus,228.0,4.0,2.0,128.0,unfocus,unfocus,2.3318054841329866e-06
5,20260916_lyc_unfocus_02,unfocus,230.0,4.0,2.0,128.0,unfocus,unfocus,2.629206130781375e-07
5,20260916_lyc_unfocus_02,unfocus,232.0,4.0,2.0,128.0,unfocus,unfocus,2.815928639297732e-08
5,20260916_lyc_unfocus_02,unfocus,234.0,4.0,2.0,128.0,unfocus,unfocus,5.8477509025179135e-08
5,20260916_lyc_unfocus_02,unfocus,236.0,4.0,2.0,128.0,unfocus,unfocus,6.70755462324765e-09
5,20260916_lyc_unfocus_02,unfocus,238.0,4.0,2.0,128.0,unfocus,unfocus,1.0050681803274147e-09
5,20260916_lyc_unfocus_02,unfocus,240.0,4.0,2.0,128.0,unfocus,unfocus,3.76906990680136e-10
5,20260916_lyc_unfocus_02,unfocus,242.0,4.0,2.0,128.0,unfocus,unfocus,4.661888598258679e-08
5,20260916_lyc_unfocus_02,unfocus,244.0,4.0,2.0,128.0,unfocus,unfocus,5.9480731002220654e-08
5,20260916_lyc_unfocus_02,unfocus,246.0,4.0,2.0,128.0,unfocus,unfocus,6.606851659073461e-06
5,20260916_lyc_unfocus_02,unfocus,248.0,4.0,2.0,128.0,unfocus,unfocus,5.2486094547436295e-06
5,20260916_lyc_unfocus_02,unfocus,250.0,4.0,2.0,128.0,unfocus,unfocus,1.6925407151779918e-06
5,20260916_lyc_unfocus_02,unfocus,252.0,4.0,2.0,128.0,unfocus,unfocus,1.9510993225802095e-07
5,20260916_lyc_unfocus_02,unfocus,254.0,4.0,2.0,128.0,unfocus,unfocus,2.435772530297308e-08
5,20260916_lyc_unfocus_02,unfocus,256.0,4.0,2.0,128.0,unfocus,unfocus,1.3295468379104168e-08
5,20260916_lyc_unfocus_02,unfocus,258.0,4.0,2.0,128.0,unfocus,unfocus,3.461666747456938e-11
5,20260916_lyc_unfocus_02,unfocus,260.0,4.0,2.0,128.0,unfocus,unfocus,1.2391209549293056e-07
5,20260916_lyc_unfocus_02,unfocus,262.0,4.0,2.0,128.0,unfocus,unfocus,9.624610248058644e-07
5,20260916_lyc_unfocus_02,unfocus,264.0,4.0,2.0,128.0,unfocus,unfocus,3.803355046757233e-09
5,20260916_lyc_unfocus_02,unfocus,266.0,4.0,2.0,128.0,unfocus,unfocus,8.106565955984542e-09
5,20260916_lyc_unfocus_02,unfocus,268.0,4.0,2.0,128.0,unfocus,unfocus,9.478308975352625e-09
5,20260916_lyc_unfocus_02,unfocus,270.0,4.0,2.0,128.0,unfocus,unfocus,1.9513171623541937e-09
5,20260916_lyc_unfocus_02,unfocus,272.0,4.0,2.0,128.0,unfocus,unfocus,1.8452626471653425e-08
5,20260916_lyc_unfocus_02,unfocus,274.0,4.0,2.0,128.0,unfocus,unfocus,5.184410588254138e-08
5,20260916_lyc_unfocus_02,unfocus,276.0,4.0,2.0,128.0,unfocus,unfocus,1.713601273328793e-07
5,20260916_lyc_unfocus_02,unfocus,278.0,4.0,2.0,128.0,unfocus,unfocus,1.8866916057981272e-07
5,20260916_lyc_unfocus_02,unfocus,280.0,4.0,2.0,128.0,unfocus,unfocus,6.890680598833609e-08
5,20260916_lyc_unfocus_02,unfocus,282.0,4.0,2.0,128.0,unfocus,unfocus,0.005418294190772451
5,20260916_lyc_unfocus_02,unfocus,284.0,4.0,2.0,128.0,unfocus,unfocus,5.857774395631189e-07
5,20260916_lyc_unfocus_02,unfocus,286.0,4.0,2.0,128.0,unfocus,unfocus,1.4756651100915147e-08
5,20260916_lyc_unfocus_02,unfocus,288.0,4.0,2.0,128.0,unfocus,unfocus,1.1666544710866931e-07
5,20260916_lyc_unfocus_02,unfocus,290.0,4.0,2.0,128.0,unfocus,unfocus,1.4126407951776462e-05
5,20260916_lyc_unfocus_02,unfocus,292.0,4.0,2.0,128.0,unfocus,unfocus,8.3446160629036e-11
5,20260916_lyc_unfocus_02,unfocus,294.0,4.0,2.0,128.0,unfocus,unfocus,1.6669082452319007e-08
5,20260916_lyc_unfocus_02,unfocus,296.0,4.0,2.0,128.0,unfocus,unfocus,6.047750666073828e-07
5,20260916_lyc_unfocus_02,unfocus,298.0,4.0,2.0,128.0,unfocus,unfocus,3.5412693243654664e-07
5,20260916_lyc_unfocus_02,unfocus,300.0,4.0,2.0,128.0,unfocus,unfocus,4.370827664026425e-07
5,20260916_lyc_unfocus_02,unfocus,302.0,4.0,2.0,128.0,unfocus,unfocus,6.745441400511846e-09
5,20260916_lyc_unfocus_02,unfocus,304.0,4.0,2.0,128.0,unfocus,unfocus,5.110997988061683e-09
5,20260916_lyc_unfocus_02,unfocus,306.0,4.0,2.0,128.0,unfocus,unfocus,2.5610166139481155e-07
5,20260916_lyc_unfocus_02,unfocus,308.0,4.0,2.0,128.0,unfocus,unfocus,3.157105397274773e-07
5,20260916_lyc_unfocus_02,unfocus,310.0,4.0,2.0,128.0,unfocus,unfocus,1.528255681075397e-08
5,20260916_lyc_unfocus_02,unfocus,312.0,4.0,2.0,128.0,unfocus,unfocus,3.8706389593981595e-07
5,20260916_lyc_unfocus_02,unfocus,314.0,4.0,2.0,128.0,unfocus,unfocus,2.1637564900598893e-06
5,20260916_lyc_unfocus_02,unfocus,316.0,4.0,2.0,128.0,unfocus,unfocus,8.936503187449628e-06
5,20260916_lyc_unfocus_02,unfocus,318.0,4.0,2.0,128.0,unfocus,unfocus,4.047418295946302e-06
5,20260916_lyc_unfocus_02,unfocus,320.0,4.0,2.0,128.0,unfocus,unfocus,6.5144948539960105e-09
5,20260916_lyc_unfocus_02,unfocus,322.0,4.0,2.0,128.0,unfocus,unfocus,1.3993458067813115e-09
5,20260916_lyc_unfocus_02,unfocus,324.0,4.0,2.0,128.0,unfocus,unfocus,3.6949071173084204e-07
5,20260916_lyc_unfocus_02,unfocus,326.0,4.0,2.0,128.0,unfocus,unfocus,7.539254820887754e-07
5,20260916_lyc_unfocus_02,unfocus,328.0,4.0,2.0,128.0,unfocus,unfocus,0.002675945028398721
5,20260916_lyc_unfocus_02,unfocus,330.0,4.0,2.0,128.0,unfocus,unfocus,3.0452985948880497e-06
5,20260916_lyc_unfocus_02,unfocus,332.0,4.0,2.0,128.0,unfocus,unfocus,3.325608285539457e-07
5,20260916_lyc_unfocus_02,unfocus,334.0,4.0,2.0,128.0,unfocus,unfocus,6.478674014971045e-07
5,20260916_lyc_unfocus_02,unfocus,336.0,4.0,2.0,128.0,unfocus,unfocus,3.1756650662550634e-07
5,20260916_lyc_unfocus_02,unfocus,338.0,4.0,2.0,128.0,unfocus,unfocus,2.194633909727212e-06
5,20260916_lyc_unfocus_02,unfocus,340.0,4.0,2.0,128.0,unfocus,unfocus,5.986086111915339e-08
5,20260916_lyc_unfocus_02,unfocus,342.0,4.0,2.0,128.0,unfocus,unfocus,1.4939219373174051e-06
5,20260916_lyc_unfocus_02,unfocus,344.0,4.0,2.0,128.0,unfocus,unfocus,2.5393318800188975e-07
5,20260916_lyc_unfocus_02,unfocus,346.0,4.0,2.0,128.0,unfocus,unfocus,3.2731838354630756e-06
5,20260916_lyc_unfocus_02,unfocus,348.0,4.0,2.0,128.0,unfocus,unfocus,2.7693181038098545e-07
5,20260916_lyc_unfocus_02,unfocus,350.0,4.0,2.0,128.0,unfocus,unfocus,1.6778946787401122e-05
5,20260916_lyc_unfocus_02,unfocus,352.0,4.0,2.0,128.0,unfocus,unfocus,0.006177541279849806
5,20260916_lyc_unfocus_02,unfocus,354.0,4.0,2.0,128.0,unfocus,unfocus,1.596893608585705e-07
5,20260916_lyc_unfocus_02,unfocus,356.0,4.0,2.0,128.0,unfocus,unfocus,1.6211102644713281e-07
5,20260916_lyc_unfocus_02,unfocus,358.0,4.0,2.0,128.0,unfocus,unfocus,0.007544324780727883
5,20260916_lyc_unfocus_02,unfocus,360.0,4.0,2.0,128.0,unfocus,unfocus,0.007672385382814848
5,20260916_lyc_unfocus_02,unfocus,362.0,4.0,2.0,128.0,unfocus,unfocus,0.003054562884103219
5,20260916_lyc_unfocus_02,unfocus,364.0,4.0,2.0,128.0,unfocus,unfocus,8.376159628616477e-08
5,20260916_lyc_unfocus_02,unfocus,366.0,4.0,2.0,128.0,unfocus,unfocus,1.159779025640743e-06
5,20260916_lyc_unfocus_02,unfocus,368.0,4.0,2.0,128.0,unfocus,unfocus,4.232910793785645e-06
5,20260916_lyc_unfocus_02,unfocus,370.0,4.0,2.0,128.0,unfocus,unfocus,2.553868480518498e-07
5,20260916_lyc_unfocus_02,unfocus,372.0,4.0,2.0,128.0,unfocus,unfocus,0.11713207317236136
5,20260916_lyc_unfocus_02,unfocus,374.0,4.0,2.0,128.0,unfocus,unfocus,0.01640570994234361
5,20260916_lyc_unfocus_02,unfocus,376.0,4.0,2.0,128.0,unfocus,unfocus,0.019075227693624776
5,20260916_lyc_unfocus_02,unfocus,378.0,4.0,2.0,128.0,unfocus,unfocus,4.6702455472105036e-07
5,20260916_lyc_unfocus_02,unfocus,380.0,4.0,2.0,128.0,unfocus,unfocus,9.340645776441478e-10
5,20260916_lyc_unfocus_02,unfocus,382.0,4.0,2.0,128.0,unfocus,unfocus,5.45351957652705e-06
5,20260916_lyc_unfocus_02,unfocus,384.0,4.0,2.0,128.0,unfocus,unfocus,1.047247945022799e-05
5,20260916_lyc_unfocus_02,unfocus,386.0,4.0,2.0,128.0,unfocus,unfocus,0.004400646974807711
5,20260916_lyc_unfocus_02,unfocus,388.0,4.0,2.0,128.0,unfocus,unfocus,2.2447411014173026e-08
5,20260916_lyc_unfocus_02,unfocus,390.0,4.0,2.0,128.0,unfocus,unfocus,3.940630200888856e-10
5,20260916_lyc_unfocus_02,unfocus,392.0,4.0,2.0,128.0,unfocus,unfocus,8.053672717045422e-06
5,20260916_lyc_unfocus_02,unfocus,394.0,4.0,2.0,128.0,unfocus,unfocus,7.59565237596478e-09
5,20260916_lyc_unfocus_02,unfocus,396.0,4.0,2.0,128.0,unfocus,unfocus,2.615965966318428e-07
5,20260916_lyc_unfocus_02,unfocus,398.0,4.0,2.0,128.0,unfocus,unfocus,1.9866241692619234e-07
5,20260916_lyc_unfocus_02,unfocus,400.0,4.0,2.0,128.0,unfocus,unfocus,1.3400508693044658e-06
5,20260916_lyc_unfocus_02,unfocus,402.0,4.0,2.0,128.0,unfocus,unfocus,3.6540222601512876e-06
5,20260916_lyc_unfocus_02,unfocus,404.0,4.0,2.0,128.0,unfocus,unfocus,2.4678878003957388e-06
5,20260916_lyc_unfocus_02,unfocus,406.0,4.0,2.0,128.0,unfocus,unfocus,3.264954452939734e-08
5,20260916_lyc_unfocus_02,unfocus,408.0,4.0,2.0,128.0,unfocus,unfocus,1.4721662257266833e-05
5,20260916_lyc_unfocus_02,unfocus,410.0,4.0,2.0,128.0,unfocus,unfocus,6.746520716815286e-07
5,20260916_lyc_unfocus_02,unfocus,412.0,4.0,2.0,128.0,unfocus,unfocus,9.031988471892891e-08
5,20260916_lyc_unfocus_02,unfocus,414.0,4.0,2.0,128.0,unfocus,unfocus,0.003911170737054398
5,20260916_lyc_unfocus_02,unfocus,416.0,4.0,2.0,128.0,unfocus,unfocus,5.22829685997942e-07
5,20260916_lyc_unfocus_02,unfocus,418.0,4.0,2.0,128.0,unfocus,unfocus,7.507535631025856e-08
5,20260916_lyc_unfocus_02,unfocus,420.0,4.0,2.0,128.0,unfocus,unfocus,5.713266556171082e-08
5,20260916_lyc_unfocus_02,unfocus,422.0,4.0,2.0,128.0,unfocus,unfocus,0.003774203756398912
5,20260916_lyc_unfocus_02,unfocus,424.0,4.0,2.0,128.0,unfocus,unfocus,1.1662411108077433e-08
5,20260916_lyc_unfocus_02,unfocus,426.0,4.0,2.0,128.0,unfocus,unfocus,7.275501366501298e-10
5,20260916_lyc_unfocus_02,unfocus,428.0,4.0,2.0,128.0,unfocus,unfocus,0.020260700501178446
5,20260916_lyc_unfocus_02,unfocus,430.0,4.0,2.0,128.0,unfocus,unfocus,0.005939368735703728
5,20260916_lyc_unfocus_02,unfocus,432.0,4.0,2.0,128.0,unfocus,unfocus,1.125141539901943e-05
5,20260916_lyc_unfocus_02,unfocus,434.0,4.0,2.0,128.0,unfocus,unfocus,3.130608392690695e-08
5,20260916_lyc_unfocus_02,unfocus,436.0,4.0,2.0,128.0,unfocus,unfocus,3.7490874788572316e-08
5,20260916_lyc_unfocus_02,unfocus,438.0,4.0,2.0,128.0,unfocus,unfocus,4.3352247760655973e-07
5,20260916_lyc_unfocus_02,unfocus,440.0,4.0,2.0,128.0,unfocus,unfocus,3.941467964022061e-07
5,20260916_lyc_unfocus_02,unfocus,442.0,4.0,2.0,128.0,unfocus,unfocus,1.4527021784434564e-05
5,20260916_lyc_unfocus_02,unfocus,444.0,4.0,2.0,128.0,unfocus,unfocus,9.861188552337607e-06
5,20260916_lyc_unfocus_02,unfocus,446.0,4.0,2.0,128.0,unfocus,unfocus,1.3737814271024834e-07
5,20260916_lyc_unfocus_02,unfocus,448.0,4.0,2.0,128.0,unfocus,unfocus,1.8706415137113885e-07
5,20260916_lyc_unfocus_02,unfocus,450.0,4.0,2.0,128.0,unfocus,unfocus,0.0031965557111294876
5,20260916_lyc_unfocus_02,unfocus,452.0,4.0,2.0,128.0,unfocus,unfocus,2.8483884014088583e-11
5,20260916_lyc_unfocus_02,unfocus,454.0,4.0,2.0,128.0,unfocus,unfocus,2.1928618395707616e-08
5,20260916_lyc_unfocus_02,unfocus,456.0,4.0,2.0,128.0,unfocus,unfocus,4.250092964349367e-08
5,20260916_lyc_unfocus_02,unfocus,458.0,4.0,2.0,128.0,unfocus,unfocus,4.231619141117564e-07
5,20260916_lyc_unfocus_02,unfocus,460.0,4.0,2.0,128.0,unfocus,unfocus,3.602191030385515e-06
5,20260916_lyc_unfocus_02,unfocus,462.0,4.0,2.0,128.0,unfocus,unfocus,9.296923315000324e-07
5,20260916_lyc_unfocus_02,unfocus,464.0,4.0,2.0,128.0,unfocus,unfocus,8.950542220907038e-08
5,20260916_lyc_unfocus_02,unfocus,466.0,4.0,2.0,128.0,unfocus,unfocus,0.004745978620143598
5,20260916_lyc_unfocus_02,unfocus,468.0,4.0,2.0,128.0,unfocus,unfocus,6.224042656477606e-06
5,20260916_lyc_unfocus_02,unfocus,470.0,4.0,2.0,128.0,unfocus,unfocus,0.0038846737343633977
5,20260916_lyc_unfocus_02,unfocus,472.0,4.0,2.0,128.0,unfocus,unfocus,3.953507192068982e-06
5,20260916_lyc_unfocus_02,unfocus,474.0,4.0,2.0,128.0,unfocus,unfocus,4.063321186294011e-08
5,20260916_lyc_unfocus_02,unfocus,476.0,4.0,2.0,128.0,unfocus,unfocus,6.02593585967043e-06
5,20260916_lyc_unfocus_02,unfocus,478.0,4.0,2.0,128.0,unfocus,unfocus,0.003356715428095698
5,20260916_lyc_unfocus_02,unfocus,480.0,4.0,2.0,128.0,unfocus,unfocus,0.005120544860791584
5,20260916_lyc_unfocus_02,unfocus,482.0,4.0,2.0,128.0,unfocus,unfocus,3.1773626569344886e-06
5,20260916_lyc_unfocus_02,unfocus,484.0,4.0,2.0,128.0,unfocus,unfocus,2.5347310932372858e-06
5,20260916_lyc_unfocus_02,unfocus,486.0,4.0,2.0,128.0,unfocus,unfocus,7.2305227002466045e-09
5,20260916_lyc_unfocus_02,unfocus,488.0,4.0,2.0,128.0,unfocus,unfocus,1.2690674997546384e-07
5,20260916_lyc_unfocus_02,unfocus,490.0,4.0,2.0,128.0,unfocus,unfocus,8.687417301487348e-09
5,20260916_lyc_unfocus_02,unfocus,492.0,4.0,2.0,128.0,unfocus,unfocus,5.5587155265927605e-09
5,20260916_lyc_unfocus_02,unfocus,494.0,4.0,2.0,128.0,unfocus,unfocus,9.068649172479123e-08
5,20260916_lyc_unfocus_02,unfocus,496.0,4.0,2.0,128.0,unfocus,unfocus,1.4913228939034056e-05
5,20260916_lyc_unfocus_02,unfocus,498.0,4.0,2.0,128.0,unfocus,unfocus,1.0608768398583288e-06
5,20260916_lyc_unfocus_02,unfocus,500.0,4.0,2.0,128.0,unfocus,unfocus,0.006451013590376078
5,20260916_lyc_unfocus_02,unfocus,502.0,4.0,2.0,128.0,unfocus,unfocus,1.4970557675181088e-05
5,20260916_lyc_unfocus_02,unfocus,504.0,4.0,2.0,128.0,unfocus,unfocus,8.394948719693753e-07
5,20260916_lyc_unfocus_02,unfocus,506.0,4.0,2.0,128.0,unfocus,unfocus,8.02081564125034e-07
5,20260916_lyc_unfocus_02,unfocus,508.0,4.0,2.0,128.0,unfocus,unfocus,3.9743747266451024e-07
5,20260916_lyc_unfocus_02,unfocus,510.0,4.0,2.0,128.0,unfocus,unfocus,2.461428098808454e-06
5,20260916_lyc_unfocus_02,unfocus,512.0,4.0,2.0,128.0,unfocus,unfocus,2.949503470635753e-07
5,20260916_lyc_unfocus_02,unfocus,514.0,4.0,2.0,128.0,unfocus,unfocus,1.113211331939283e-06
5,20260916_lyc_unfocus_02,unfocus,516.0,4.0,2.0,128.0,unfocus,unfocus,9.87221809625787e-09
5,20260916_lyc_unfocus_02,unfocus,518.0,4.0,2.0,128.0,unfocus,unfocus,6.485767557357824e-08
5,20260916_lyc_unfocus_02,unfocus,520.0,4.0,2.0,128.0,unfocus,unfocus,1.820594470149113e-07
5,20260916_lyc_unfocus_02,unfocus,522.0,4.0,2.0,128.0,unfocus,unfocus,2.6435444305022977e-08
5,20260916_lyc_unfocus_02,unfocus,524.0,4.0,2.0,128.0,unfocus,unfocus,0.05670792143814934
5,20260916_lyc_unfocus_02,unfocus,526.0,4.0,2.0,128.0,unfocus,unfocus,5.613196223116296e-06
5,20260916_lyc_unfocus_02,unfocus,528.0,4.0,2.0,128.0,unfocus,unfocus,3.472574057172621e-06
5,20260916_lyc_unfocus_02,unfocus,530.0,4.0,2.0,128.0,unfocus,unfocus,0.004509137376298664
5,20260916_lyc_unfocus_02,unfocus,532.0,4.0,2.0,128.0,unfocus,unfocus,5.8452828050838314e-08
5,20260916_lyc_unfocus_02,unfocus,534.0,4.0,2.0,128.0,unfocus,unfocus,1.9803275876423035e-08
5,20260916_lyc_unfocus_02,unfocus,536.0,4.0,2.0,128.0,unfocus,unfocus,1.0664650620831654e-07
5,20260916_lyc_unfocus_02,unfocus,538.0,4.0,2.0,128.0,unfocus,unfocus,1.0135673472138768e-09
5,20260916_lyc_unfocus_02,unfocus,540.0,4.0,2.0,128.0,unfocus,unfocus,0.00633570139988186
5,20260916_lyc_unfocus_02,unfocus,542.0,4.0,2.0,128.0,unfocus,unfocus,6.452978089883793e-10
5,20260916_lyc_unfocus_02,unfocus,544.0,4.0,2.0,128.0,unfocus,unfocus,5.116815957591896e-09
5,20260916_lyc_unfocus_02,unfocus,546.0,4.0,2.0,128.0,unfocus,unfocus,1.1483123889571672e-05
5,20260916_lyc_unfocus_02,unfocus,548.0,4.0,2.0,128.0,unfocus,unfocus,1.7825696422412244e-05
5,20260916_lyc_unfocus_02,unfocus,550.0,4.0,2.0,128.0,unfocus,unfocus,1.4805736855955338e-08
5,20260916_lyc_unfocus_02,unfocus,552.0,4.0,2.0,128.0,unfocus,unfocus,5.669593110429932e-06
5,20260916_lyc_unfocus_02,unfocus,554.0,4.0,2.0,128.0,unfocus,unfocus,0.00706379490435226
5,20260916_lyc_unfocus_02,unfocus,556.0,4.0,2.0,128.0,unfocus,unfocus,0.010633887631509631
5,20260916_lyc_unfocus_02,unfocus,558.0,4.0,2.0,128.0,unfocus,unfocus,2.753328323615643e-07
5,20260916_lyc_unfocus_02,unfocus,560.0,4.0,2.0,128.0,unfocus,unfocus,2.184000402397705e-07
5,20260916_lyc_unfocus_02,unfocus,562.0,4.0,2.0,128.0,unfocus,unfocus,0.004638094670107926
5,20260916_lyc_unfocus_02,unfocus,564.0,4.0,2.0,128.0,unfocus,unfocus,0.012903263452945568
5,20260916_lyc_unfocus_02,unfocus,566.0,4.0,2.0,128.0,unfocus,unfocus,0.006623680650998607
5,20260916_lyc_unfocus_02,unfocus,568.0,4.0,2.0,128.0,unfocus,unfocus,1.6725719323364876e-07
6,20260916_lyc_unfocus_03,unfocus,0.0,4.0,2.0,128.0,unfocus,unfocus,6.276148952543524e-07
6,20260916_lyc_unfocus_03,unfocus,2.0,4.0,2.0,128.0,unfocus,unfocus,0.04200233118642857
6,20260916_lyc_unfocus_03,unfocus,4.0,4.0,2.0,128.0,unfocus,unfocus,1.7531107799493764e-06
6,20260916_lyc_unfocus_03,unfocus,6.0,4.0,2.0,128.0,unfocus,focus,0.8451495267065656
6,20260916_lyc_unfocus_03,unfocus,8.0,4.0,2.0,128.0,unfocus,focus,0.7611990234159979
6,20260916_lyc_unfocus_03,unfocus,10.0,4.0,2.0,128.0,unfocus,unfocus,0.013092793850341171
6,20260916_lyc_unfocus_03,unfocus,12.0,4.0,2.0,128.0,unfocus,unfocus,0.18026847062720203
6,20260916_lyc_unfocus_03,unfocus,14.0,4.0,2.0,128.0,unfocus,unfocus,0.18925338310643874
6,20260916_lyc_unfocus_03,unfocus,16.0,4.0,2.0,128.0,unfocus,unfocus,0.015143791378722394
6,20260916_lyc_unfocus_03,unfocus,18.0,4.0,2.0,128.0,unfocus,unfocus,0.01134161153473962
6,20260916_lyc_unfocus_03,unfocus,20.0,4.0,2.0,128.0,unfocus,unfocus,0.013437589109550806
6,20260916_lyc_unfocus_03,unfocus,22.0,4.0,2.0,128.0,unfocus,unfocus,0.011703677709608094
6,20260916_lyc_unfocus_03,unfocus,24.0,4.0,2.0,128.0,unfocus,unfocus,0.012039594373622014
6,20260916_lyc_unfocus_03,unfocus,26.0,4.0,2.0,128.0,unfocus,unfocus,0.0785348655304161
6,20260916_lyc_unfocus_03,unfocus,28.0,4.0,2.0,128.0,unfocus,unfocus,0.06960333854246609
6,20260916_lyc_unfocus_03,unfocus,30.0,4.0,2.0,128.0,unfocus,unfocus,1.6476544332191407e-06
6,20260916_lyc_unfocus_03,unfocus,32.0,4.0,2.0,128.0,unfocus,unfocus,0.010181369499998018
6,20260916_lyc_unfocus_03,unfocus,34.0,4.0,2.0,128.0,unfocus,unfocus,0.15501899887404105
6,20260916_lyc_unfocus_03,unfocus,36.0,4.0,2.0,128.0,unfocus,unfocus,0.006133343291617607
6,20260916_lyc_unfocus_03,unfocus,38.0,4.0,2.0,128.0,unfocus,unfocus,3.2647786774379547e-06
6,20260916_lyc_unfocus_03,unfocus,40.0,4.0,2.0,128.0,unfocus,unfocus,1.875233112116186e-07
6,20260916_lyc_unfocus_03,unfocus,42.0,4.0,2.0,128.0,unfocus,unfocus,0.009183539119374359
6,20260916_lyc_unfocus_03,unfocus,44.0,4.0,2.0,128.0,unfocus,unfocus,0.44906844892212494
6,20260916_lyc_unfocus_03,unfocus,46.0,4.0,2.0,128.0,unfocus,unfocus,0.5
6,20260916_lyc_unfocus_03,unfocus,48.0,4.0,2.0,128.0,unfocus,focus,0.768400703087971
6,20260916_lyc_unfocus_03,unfocus,50.0,4.0,2.0,128.0,unfocus,unfocus,0.4315298542050532
6,20260916_lyc_unfocus_03,unfocus,52.0,4.0,2.0,128.0,unfocus,unfocus,0.041222637196681344
6,20260916_lyc_unfocus_03,unfocus,54.0,4.0,2.0,128.0,unfocus,unfocus,0.21170879958311878
6,20260916_lyc_unfocus_03,unfocus,56.0,4.0,2.0,128.0,unfocus,unfocus,0.06451864998696294
6,20260916_lyc_unfocus_03,unfocus,58.0,4.0,2.0,128.0,unfocus,unfocus,0.46659328013978446
6,20260916_lyc_unfocus_03,unfocus,60.0,4.0,2.0,128.0,unfocus,unfocus,0.21502213319707375
6,20260916_lyc_unfocus_03,unfocus,62.0,4.0,2.0,128.0,unfocus,unfocus,0.4328175060306111
6,20260916_lyc_unfocus_03,unfocus,64.0,4.0,2.0,128.0,unfocus,unfocus,0.09651888199801105
6,20260916_lyc_unfocus_03,unfocus,66.0,4.0,2.0,128.0,unfocus,unfocus,0.018917554588864228
6,20260916_lyc_unfocus_03,unfocus,68.0,4.0,2.0,128.0,unfocus,unfocus,0.026012709742059194
6,20260916_lyc_unfocus_03,unfocus,70.0,4.0,2.0,128.0,unfocus,unfocus,0.02988423373400399
6,20260916_lyc_unfocus_03,unfocus,72.0,4.0,2.0,128.0,unfocus,unfocus,0.027039718245066468
6,20260916_lyc_unfocus_03,unfocus,74.0,4.0,2.0,128.0,unfocus,unfocus,0.4691725582942838
6,20260916_lyc_unfocus_03,unfocus,76.0,4.0,2.0,128.0,unfocus,unfocus,0.015598074320667775
6,20260916_lyc_unfocus_03,unfocus,78.0,4.0,2.0,128.0,unfocus,unfocus,1.5301231247747355e-05
6,20260916_lyc_unfocus_03,unfocus,80.0,4.0,2.0,128.0,unfocus,unfocus,0.0026870605998909297
6,20260916_lyc_unfocus_03,unfocus,82.0,4.0,2.0,128.0,unfocus,unfocus,0.48901127352745277
6,20260916_lyc_unfocus_03,unfocus,84.0,4.0,2.0,128.0,unfocus,unfocus,0.36104146374068435
6,20260916_lyc_unfocus_03,unfocus,86.0,4.0,2.0,128.0,unfocus,unfocus,0.0630372279072164
6,20260916_lyc_unfocus_03,unfocus,88.0,4.0,2.0,128.0,unfocus,focus,0.6397478944434601
6,20260916_lyc_unfocus_03,unfocus,90.0,4.0,2.0,128.0,unfocus,focus,0.5529588984582058
6,20260916_lyc_unfocus_03,unfocus,92.0,4.0,2.0,128.0,unfocus,unfocus,0.31854655070639876
6,20260916_lyc_unfocus_03,unfocus,94.0,4.0,2.0,128.0,unfocus,unfocus,0.013082793897451433
6,20260916_lyc_unfocus_03,unfocus,96.0,4.0,2.0,128.0,unfocus,unfocus,0.01778889540147815
6,20260916_lyc_unfocus_03,unfocus,98.0,4.0,2.0,128.0,unfocus,unfocus,0.10840219430281406
6,20260916_lyc_unfocus_03,unfocus,100.0,4.0,2.0,128.0,unfocus,unfocus,3.0494481300722658e-06
6,20260916_lyc_unfocus_03,unfocus,102.0,4.0,2.0,128.0,unfocus,unfocus,0.18375845572232116
6,20260916_lyc_unfocus_03,unfocus,104.0,4.0,2.0,128.0,unfocus,unfocus,0.05202742655162165
6,20260916_lyc_unfocus_03,unfocus,106.0,4.0,2.0,128.0,unfocus,unfocus,0.005732915898236348
6,20260916_lyc_unfocus_03,unfocus,108.0,4.0,2.0,128.0,unfocus,unfocus,0.015199300591737318
6,20260916_lyc_unfocus_03,unfocus,110.0,4.0,2.0,128.0,unfocus,unfocus,0.1823711385047246
6,20260916_lyc_unfocus_03,unfocus,112.0,4.0,2.0,128.0,unfocus,focus,0.7123940897144693
6,20260916_lyc_unfocus_03,unfocus,114.0,4.0,2.0,128.0,unfocus,focus,0.7785913414942386
6,20260916_lyc_unfocus_03,unfocus,116.0,4.0,2.0,128.0,unfocus,unfocus,0.37499109424085575
6,20260916_lyc_unfocus_03,unfocus,118.0,4.0,2.0,128.0,unfocus,unfocus,0.003910066654857739
6,20260916_lyc_unfocus_03,unfocus,120.0,4.0,2.0,128.0,unfocus,unfocus,1.7732667420369932e-06
6,20260916_lyc_unfocus_03,unfocus,122.0,4.0,2.0,128.0,unfocus,unfocus,0.0039061655639589785
6,20260916_lyc_unfocus_03,unfocus,124.0,4.0,2.0,128.0,unfocus,unfocus,0.0064669515157466245
6,20260916_lyc_unfocus_03,unfocus,126.0,4.0,2.0,128.0,unfocus,unfocus,0.02730361592992014
6,20260916_lyc_unfocus_03,unfocus,128.0,4.0,2.0,128.0,unfocus,unfocus,4.691960622898956e-08
6,20260916_lyc_unfocus_03,unfocus,130.0,4.0,2.0,128.0,unfocus,unfocus,3.937093019715832e-07
6,20260916_lyc_unfocus_03,unfocus,132.0,4.0,2.0,128.0,unfocus,unfocus,0.003832467076054075
6,20260916_lyc_unfocus_03,unfocus,134.0,4.0,2.0,128.0,unfocus,unfocus,3.6148718784800243e-06
6,20260916_lyc_unfocus_03,unfocus,136.0,4.0,2.0,128.0,unfocus,unfocus,0.04418265460887748
6,20260916_lyc_unfocus_03,unfocus,138.0,4.0,2.0,128.0,unfocus,unfocus,0.4938469371311965
6,20260916_lyc_unfocus_03,unfocus,140.0,4.0,2.0,128.0,unfocus,unfocus,0.005168859346615191
6,20260916_lyc_unfocus_03,unfocus,142.0,4.0,2.0,128.0,unfocus,unfocus,5.451535433281594e-06
6,20260916_lyc_unfocus_03,unfocus,144.0,4.0,2.0,128.0,unfocus,unfocus,0.02095976387984615
6,20260916_lyc_unfocus_03,unfocus,146.0,4.0,2.0,128.0,unfocus,unfocus,0.26519173471956003
6,20260916_lyc_unfocus_03,unfocus,148.0,4.0,2.0,128.0,unfocus,unfocus,0.04305180940698999
6,20260916_lyc_unfocus_03,unfocus,150.0,4.0,2.0,128.0,unfocus,unfocus,0.15837764395495704
6,20260916_lyc_unfocus_03,unfocus,152.0,4.0,2.0,128.0,unfocus,unfocus,0.42528788804263523
6,20260916_lyc_unfocus_03,unfocus,154.0,4.0,2.0,128.0,unfocus,unfocus,0.14457579764094075
6,20260916_lyc_unfocus_03,unfocus,156.0,4.0,2.0,128.0,unfocus,unfocus,0.4275391106099313
6,20260916_lyc_unfocus_03,unfocus,158.0,4.0,2.0,128.0,unfocus,unfocus,0.05847581167082403
6,20260916_lyc_unfocus_03,unfocus,160.0,4.0,2.0,128.0,unfocus,unfocus,0.0321726956403446
6,20260916_lyc_unfocus_03,unfocus,162.0,4.0,2.0,128.0,unfocus,unfocus,0.07137933440459002
6,20260916_lyc_unfocus_03,unfocus,164.0,4.0,2.0,128.0,unfocus,unfocus,0.09052715875248776
6,20260916_lyc_unfocus_03,unfocus,166.0,4.0,2.0,128.0,unfocus,unfocus,0.111103136593885
6,20260916_lyc_unfocus_03,unfocus,168.0,4.0,2.0,128.0,unfocus,unfocus,0.34895579401136545
6,20260916_lyc_unfocus_03,unfocus,170.0,4.0,2.0,128.0,unfocus,unfocus,0.009465342497432973
6,20260916_lyc_unfocus_03,unfocus,172.0,4.0,2.0,128.0,unfocus,unfocus,0.005881318991308563
6,20260916_lyc_unfocus_03,unfocus,174.0,4.0,2.0,128.0,unfocus,unfocus,0.011281170134657662
6,20260916_lyc_unfocus_03,unfocus,176.0,4.0,2.0,128.0,unfocus,unfocus,0.022904726518078882
6,20260916_lyc_unfocus_03,unfocus,178.0,4.0,2.0,128.0,unfocus,focus,0.690059865484811
6,20260916_lyc_unfocus_03,unfocus,180.0,4.0,2.0,128.0,unfocus,unfocus,0.19435245442427784
6,20260916_lyc_unfocus_03,unfocus,182.0,4.0,2.0,128.0,unfocus,unfocus,0.030547638913053603
6,20260916_lyc_unfocus_03,unfocus,184.0,4.0,2.0,128.0,unfocus,unfocus,0.00456265756299276
6,20260916_lyc_unfocus_03,unfocus,186.0,4.0,2.0,128.0,unfocus,unfocus,0.0038684868720673614
6,20260916_lyc_unfocus_03,unfocus,188.0,4.0,2.0,128.0,unfocus,unfocus,0.0026992498976307617
6,20260916_lyc_unfocus_03,unfocus,190.0,4.0,2.0,128.0,unfocus,unfocus,4.902414211568434e-07
6,20260916_lyc_unfocus_03,unfocus,192.0,4.0,2.0,128.0,unfocus,unfocus,0.0026476322486176777
6,20260916_lyc_unfocus_03,unfocus,194.0,4.0,2.0,128.0,unfocus,unfocus,1.2207889076063822e-07
6,20260916_lyc_unfocus_03,unfocus,196.0,4.0,2.0,128.0,unfocus,unfocus,1.3807041840221208e-06
6,20260916_lyc_unfocus_03,unfocus,198.0,4.0,2.0,128.0,unfocus,unfocus,0.04127484185523465
6,20260916_lyc_unfocus_03,unfocus,200.0,4.0,2.0,128.0,unfocus,unfocus,0.010434401221533626
6,20260916_lyc_unfocus_03,unfocus,202.0,4.0,2.0,128.0,unfocus,unfocus,0.01475776683442634
6,20260916_lyc_unfocus_03,unfocus,204.0,4.0,2.0,128.0,unfocus,unfocus,0.016371971649291432
6,20260916_lyc_unfocus_03,unfocus,206.0,4.0,2.0,128.0,unfocus,unfocus,7.712660588111354e-06
6,20260916_lyc_unfocus_03,unfocus,208.0,4.0,2.0,128.0,unfocus,unfocus,0.0050575119030613494
6,20260916_lyc_unfocus_03,unfocus,210.0,4.0,2.0,128.0,unfocus,unfocus,1.710539792092891e-08
6,20260916_lyc_unfocus_03,unfocus,212.0,4.0,2.0,128.0,unfocus,unfocus,0.003536009323476305
6,20260916_lyc_unfocus_03,unfocus,214.0,4.0,2.0,128.0,unfocus,unfocus,5.0716172189546504e-06
6,20260916_lyc_unfocus_03,unfocus,216.0,4.0,2.0,128.0,unfocus,unfocus,0.03726721362714875
6,20260916_lyc_unfocus_03,unfocus,218.0,4.0,2.0,128.0,unfocus,unfocus,0.008123170079985233
6,20260916_lyc_unfocus_03,unfocus,220.0,4.0,2.0,128.0,unfocus,unfocus,0.25996462078765026
6,20260916_lyc_unfocus_03,unfocus,222.0,4.0,2.0,128.0,unfocus,unfocus,0.14703430633432715
6,20260916_lyc_unfocus_03,unfocus,224.0,4.0,2.0,128.0,unfocus,unfocus,0.003915432866658859
6,20260916_lyc_unfocus_03,unfocus,226.0,4.0,2.0,128.0,unfocus,unfocus,0.09343843709791877
6,20260916_lyc_unfocus_03,unfocus,228.0,4.0,2.0,128.0,unfocus,unfocus,0.15750905125181328
6,20260916_lyc_unfocus_03,unfocus,230.0,4.0,2.0,128.0,unfocus,unfocus,0.047298553639105616
6,20260916_lyc_unfocus_03,unfocus,232.0,4.0,2.0,128.0,unfocus,focus,0.8767723003109057
6,20260916_lyc_unfocus_03,unfocus,234.0,4.0,2.0,128.0,unfocus,focus,0.5897810433776285
6,20260916_lyc_unfocus_03,unfocus,236.0,4.0,2.0,128.0,unfocus,unfocus,0.012738197860493097
6,20260916_lyc_unfocus_03,unfocus,238.0,4.0,2.0,128.0,unfocus,unfocus,0.23522152238372676
6,20260916_lyc_unfocus_03,unfocus,240.0,4.0,2.0,128.0,unfocus,unfocus,0.02098961224009102
6,20260916_lyc_unfocus_03,unfocus,242.0,4.0,2.0,128.0,unfocus,unfocus,0.05725749402861921
6,20260916_lyc_unfocus_03,unfocus,244.0,4.0,2.0,128.0,unfocus,unfocus,1.1494802845455061e-05
6,20260916_lyc_unfocus_03,unfocus,246.0,4.0,2.0,128.0,unfocus,unfocus,1.0058724863833161e-07
6,20260916_lyc_unfocus_03,unfocus,248.0,4.0,2.0,128.0,unfocus,unfocus,7.309832871942677e-06
6,20260916_lyc_unfocus_03,unfocus,250.0,4.0,2.0,128.0,unfocus,unfocus,1.870077709233186e-05
6,20260916_lyc_unfocus_03,unfocus,252.0,4.0,2.0,128.0,unfocus,unfocus,0.015670160995843334
6,20260916_lyc_unfocus_03,unfocus,254.0,4.0,2.0,128.0,unfocus,unfocus,0.024628222071859218
6,20260916_lyc_unfocus_03,unfocus,256.0,4.0,2.0,128.0,unfocus,unfocus,0.011373819443464713
6,20260916_lyc_unfocus_03,unfocus,258.0,4.0,2.0,128.0,unfocus,unfocus,1.5488037471308592e-06
6,20260916_lyc_unfocus_03,unfocus,260.0,4.0,2.0,128.0,unfocus,unfocus,0.11967173317937756
6,20260916_lyc_unfocus_03,unfocus,262.0,4.0,2.0,128.0,unfocus,unfocus,0.2444666349220989
6,20260916_lyc_unfocus_03,unfocus,264.0,4.0,2.0,128.0,unfocus,unfocus,0.1195931019134386
6,20260916_lyc_unfocus_03,unfocus,266.0,4.0,2.0,128.0,unfocus,unfocus,0.20178603181247107
6,20260916_lyc_unfocus_03,unfocus,268.0,4.0,2.0,128.0,unfocus,unfocus,0.018512089139438356
6,20260916_lyc_unfocus_03,unfocus,270.0,4.0,2.0,128.0,unfocus,unfocus,0.10729686704322987
6,20260916_lyc_unfocus_03,unfocus,272.0,4.0,2.0,128.0,unfocus,unfocus,0.17698215148335125
6,20260916_lyc_unfocus_03,unfocus,274.0,4.0,2.0,128.0,unfocus,unfocus,0.010012956380935302
6,20260916_lyc_unfocus_03,unfocus,276.0,4.0,2.0,128.0,unfocus,unfocus,0.019307774999064088
6,20260916_lyc_unfocus_03,unfocus,278.0,4.0,2.0,128.0,unfocus,unfocus,0.006759387774286443
6,20260916_lyc_unfocus_03,unfocus,280.0,4.0,2.0,128.0,unfocus,unfocus,0.0035353679217872314
6,20260916_lyc_unfocus_03,unfocus,282.0,4.0,2.0,128.0,unfocus,unfocus,0.00514979864827842
6,20260916_lyc_unfocus_03,unfocus,284.0,4.0,2.0,128.0,unfocus,unfocus,0.012305580745160777
6,20260916_lyc_unfocus_03,unfocus,286.0,4.0,2.0,128.0,unfocus,unfocus,0.02610154088420385
6,20260916_lyc_unfocus_03,unfocus,288.0,4.0,2.0,128.0,unfocus,unfocus,1.8007482093034235e-06
6,20260916_lyc_unfocus_03,unfocus,290.0,4.0,2.0,128.0,unfocus,unfocus,4.6718176048678294e-08
6,20260916_lyc_unfocus_03,unfocus,292.0,4.0,2.0,128.0,unfocus,unfocus,7.47915598330285e-07
6,20260916_lyc_unfocus_03,unfocus,294.0,4.0,2.0,128.0,unfocus,unfocus,9.691126500919076e-07
6,20260916_lyc_unfocus_03,unfocus,296.0,4.0,2.0,128.0,unfocus,unfocus,0.003405586633089151
6,20260916_lyc_unfocus_03,unfocus,298.0,4.0,2.0,128.0,unfocus,unfocus,0.022811985908874614
6,20260916_lyc_unfocus_03,unfocus,300.0,4.0,2.0,128.0,unfocus,unfocus,0.01632114681691881
6,20260916_lyc_unfocus_03,unfocus,302.0,4.0,2.0,128.0,unfocus,unfocus,0.0038236024357800246
6,20260916_lyc_unfocus_03,unfocus,304.0,4.0,2.0,128.0,unfocus,unfocus,4.822737704957858e-07
6,20260916_lyc_unfocus_03,unfocus,306.0,4.0,2.0,128.0,unfocus,unfocus,0.15397718359099882
6,20260916_lyc_unfocus_03,unfocus,308.0,4.0,2.0,128.0,unfocus,unfocus,0.011358204169376454
6,20260916_lyc_unfocus_03,unfocus,310.0,4.0,2.0,128.0,unfocus,unfocus,0.03707416194044239
6,20260916_lyc_unfocus_03,unfocus,312.0,4.0,2.0,128.0,unfocus,unfocus,0.021699261669074522
6,20260916_lyc_unfocus_03,unfocus,314.0,4.0,2.0,128.0,unfocus,unfocus,0.009322603087324242
6,20260916_lyc_unfocus_03,unfocus,316.0,4.0,2.0,128.0,unfocus,unfocus,0.04823794290057973
6,20260916_lyc_unfocus_03,unfocus,318.0,4.0,2.0,128.0,unfocus,unfocus,0.015501941768815104
6,20260916_lyc_unfocus_03,unfocus,320.0,4.0,2.0,128.0,unfocus,unfocus,2.4267215433589983e-06
6,20260916_lyc_unfocus_03,unfocus,322.0,4.0,2.0,128.0,unfocus,unfocus,0.0061388392397489205
6,20260916_lyc_unfocus_03,unfocus,324.0,4.0,2.0,128.0,unfocus,unfocus,0.17871783932609836
6,20260916_lyc_unfocus_03,unfocus,326.0,4.0,2.0,128.0,unfocus,unfocus,0.006230604554620614
6,20260916_lyc_unfocus_03,unfocus,328.0,4.0,2.0,128.0,unfocus,unfocus,0.014304680102961976
6,20260916_lyc_unfocus_03,unfocus,330.0,4.0,2.0,128.0,unfocus,unfocus,0.004928996076054929
6,20260916_lyc_unfocus_03,unfocus,332.0,4.0,2.0,128.0,unfocus,unfocus,1.5738549305519212e-06
6,20260916_lyc_unfocus_03,unfocus,334.0,4.0,2.0,128.0,unfocus,unfocus,2.639367388833501e-08
6,20260916_lyc_unfocus_03,unfocus,336.0,4.0,2.0,128.0,unfocus,unfocus,0.003412036769183652
6,20260916_lyc_unfocus_03,unfocus,338.0,4.0,2.0,128.0,unfocus,unfocus,0.12586950552403975
6,20260916_lyc_unfocus_03,unfocus,340.0,4.0,2.0,128.0,unfocus,unfocus,0.09698449424110371
6,20260916_lyc_unfocus_03,unfocus,342.0,4.0,2.0,128.0,unfocus,unfocus,0.04669271666832869
6,20260916_lyc_unfocus_03,unfocus,344.0,4.0,2.0,128.0,unfocus,unfocus,0.008490998855460641
6,20260916_lyc_unfocus_03,unfocus,346.0,4.0,2.0,128.0,unfocus,unfocus,5.653751690256327e-06
6,20260916_lyc_unfocus_03,unfocus,348.0,4.0,2.0,128.0,unfocus,unfocus,5.121398241086069e-06
6,20260916_lyc_unfocus_03,unfocus,350.0,4.0,2.0,128.0,unfocus,unfocus,0.049594559350053635
6,20260916_lyc_unfocus_03,unfocus,352.0,4.0,2.0,128.0,unfocus,unfocus,0.06582368916609592
6,20260916_lyc_unfocus_03,unfocus,354.0,4.0,2.0,128.0,unfocus,unfocus,0.0048119775601641705
6,20260916_lyc_unfocus_03,unfocus,356.0,4.0,2.0,128.0,unfocus,unfocus,0.04240248107147111
6,20260916_lyc_unfocus_03,unfocus,358.0,4.0,2.0,128.0,unfocus,unfocus,0.018769673124641867
6,20260916_lyc_unfocus_03,unfocus,360.0,4.0,2.0,128.0,unfocus,unfocus,0.4758389971146315
6,20260916_lyc_unfocus_03,unfocus,362.0,4.0,2.0,128.0,unfocus,focus,0.7204556009778332
6,20260916_lyc_unfocus_03,unfocus,364.0,4.0,2.0,128.0,unfocus,unfocus,0.2747113629353009
6,20260916_lyc_unfocus_03,unfocus,366.0,4.0,2.0,128.0,unfocus,unfocus,0.4930804954269268
6,20260916_lyc_unfocus_03,unfocus,368.0,4.0,2.0,128.0,unfocus,focus,0.7955256006106183
6,20260916_lyc_unfocus_03,unfocus,370.0,4.0,2.0,128.0,unfocus,unfocus,0.2313429139292404
6,20260916_lyc_unfocus_03,unfocus,372.0,4.0,2.0,128.0,unfocus,unfocus,0.040411005632547264
6,20260916_lyc_unfocus_03,unfocus,374.0,4.0,2.0,128.0,unfocus,unfocus,6.884057964124905e-07
6,20260916_lyc_unfocus_03,unfocus,376.0,4.0,2.0,128.0,unfocus,unfocus,3.5524041607243796e-09
6,20260916_lyc_unfocus_03,unfocus,378.0,4.0,2.0,128.0,unfocus,unfocus,0.00254080400085946
6,20260916_lyc_unfocus_03,unfocus,380.0,4.0,2.0,128.0,unfocus,unfocus,0.26470165268097867
6,20260916_lyc_unfocus_03,unfocus,382.0,4.0,2.0,128.0,unfocus,unfocus,0.10311863704646618
6,20260916_lyc_unfocus_03,unfocus,384.0,4.0,2.0,128.0,unfocus,unfocus,2.1243407886376475e-06
6,20260916_lyc_unfocus_03,unfocus,386.0,4.0,2.0,128.0,unfocus,unfocus,0.003237036935564377
6,20260916_lyc_unfocus_03,unfocus,388.0,4.0,2.0,128.0,unfocus,unfocus,0.07459486797763704
6,20260916_lyc_unfocus_03,unfocus,390.0,4.0,2.0,128.0,unfocus,unfocus,0.4547827287307646
6,20260916_lyc_unfocus_03,unfocus,392.0,4.0,2.0,128.0,unfocus,unfocus,0.04823626895391003
6,20260916_lyc_unfocus_03,unfocus,394.0,4.0,2.0,128.0,unfocus,unfocus,0.04645517930788662
6,20260916_lyc_unfocus_03,unfocus,396.0,4.0,2.0,128.0,unfocus,unfocus,0.010689848730664715
6,20260916_lyc_unfocus_03,unfocus,398.0,4.0,2.0,128.0,unfocus,unfocus,3.050528846482213e-06
6,20260916_lyc_unfocus_03,unfocus,400.0,4.0,2.0,128.0,unfocus,unfocus,0.005021871824340806
6,20260916_lyc_unfocus_03,unfocus,402.0,4.0,2.0,128.0,unfocus,unfocus,0.09487065069892466
6,20260916_lyc_unfocus_03,unfocus,404.0,4.0,2.0,128.0,unfocus,unfocus,0.20063702074003867
6,20260916_lyc_unfocus_03,unfocus,406.0,4.0,2.0,128.0,unfocus,unfocus,0.13309400309285305
6,20260916_lyc_unfocus_03,unfocus,408.0,4.0,2.0,128.0,unfocus,focus,0.8791928149062714
6,20260916_lyc_unfocus_03,unfocus,410.0,4.0,2.0,128.0,unfocus,unfocus,0.20445012310414318
6,20260916_lyc_unfocus_03,unfocus,412.0,4.0,2.0,128.0,unfocus,unfocus,0.10845414833026357
6,20260916_lyc_unfocus_03,unfocus,414.0,4.0,2.0,128.0,unfocus,unfocus,0.29698861283564176
6,20260916_lyc_unfocus_03,unfocus,416.0,4.0,2.0,128.0,unfocus,unfocus,0.08844354239748334
6,20260916_lyc_unfocus_03,unfocus,418.0,4.0,2.0,128.0,unfocus,focus,0.7969092845642913
6,20260916_lyc_unfocus_03,unfocus,420.0,4.0,2.0,128.0,unfocus,unfocus,0.29919806610923916
6,20260916_lyc_unfocus_03,unfocus,422.0,4.0,2.0,128.0,unfocus,unfocus,0.04200872784700933
6,20260916_lyc_unfocus_03,unfocus,424.0,4.0,2.0,128.0,unfocus,unfocus,0.22414004378060057
6,20260916_lyc_unfocus_03,unfocus,426.0,4.0,2.0,128.0,unfocus,unfocus,0.016803001432454494
6,20260916_lyc_unfocus_03,unfocus,428.0,4.0,2.0,128.0,unfocus,unfocus,5.138937607907006e-07
6,20260916_lyc_unfocus_03,unfocus,430.0,4.0,2.0,128.0,unfocus,unfocus,0.012374865473193108
6,20260916_lyc_unfocus_03,unfocus,432.0,4.0,2.0,128.0,unfocus,unfocus,0.04591534049854792
6,20260916_lyc_unfocus_03,unfocus,434.0,4.0,2.0,128.0,unfocus,unfocus,0.043083010801449155
6,20260916_lyc_unfocus_03,unfocus,436.0,4.0,2.0,128.0,unfocus,unfocus,0.11494934580502046
6,20260916_lyc_unfocus_03,unfocus,438.0,4.0,2.0,128.0,unfocus,unfocus,0.005659430024977721
6,20260916_lyc_unfocus_03,unfocus,440.0,4.0,2.0,128.0,unfocus,unfocus,0.005959301850005489
6,20260916_lyc_unfocus_03,unfocus,442.0,4.0,2.0,128.0,unfocus,unfocus,0.0033519557805628927
6,20260916_lyc_unfocus_03,unfocus,444.0,4.0,2.0,128.0,unfocus,unfocus,0.008511814150166077
6,20260916_lyc_unfocus_03,unfocus,446.0,4.0,2.0,128.0,unfocus,focus,0.6254487131943333
6,20260916_lyc_unfocus_03,unfocus,448.0,4.0,2.0,128.0,unfocus,unfocus,0.019126419493061934
6,20260916_lyc_unfocus_03,unfocus,450.0,4.0,2.0,128.0,unfocus,unfocus,0.002923790286546437
6,20260916_lyc_unfocus_03,unfocus,452.0,4.0,2.0,128.0,unfocus,unfocus,0.019264877552940103
6,20260916_lyc_unfocus_03,unfocus,454.0,4.0,2.0,128.0,unfocus,unfocus,0.11824863955852008
6,20260916_lyc_unfocus_03,unfocus,456.0,4.0,2.0,128.0,unfocus,focus,0.5679154819542891
6,20260916_lyc_unfocus_03,unfocus,458.0,4.0,2.0,128.0,unfocus,unfocus,0.06529898532327932
6,20260916_lyc_unfocus_03,unfocus,460.0,4.0,2.0,128.0,unfocus,focus,0.8957060417894468
6,20260916_lyc_unfocus_03,unfocus,462.0,4.0,2.0,128.0,unfocus,unfocus,0.00409264060735434
6,20260916_lyc_unfocus_03,unfocus,464.0,4.0,2.0,128.0,unfocus,unfocus,0.004708550391386609
6,20260916_lyc_unfocus_03,unfocus,466.0,4.0,2.0,128.0,unfocus,unfocus,0.0747060870176007
6,20260916_lyc_unfocus_03,unfocus,468.0,4.0,2.0,128.0,unfocus,unfocus,0.22732996026845453
6,20260916_lyc_unfocus_03,unfocus,470.0,4.0,2.0,128.0,unfocus,unfocus,0.317433768322143
6,20260916_lyc_unfocus_03,unfocus,472.0,4.0,2.0,128.0,unfocus,unfocus,0.40716593762189845
6,20260916_lyc_unfocus_03,unfocus,474.0,4.0,2.0,128.0,unfocus,unfocus,0.46431671641559863
6,20260916_lyc_unfocus_03,unfocus,476.0,4.0,2.0,128.0,unfocus,unfocus,0.04165003513263736
6,20260916_lyc_unfocus_03,unfocus,478.0,4.0,2.0,128.0,unfocus,unfocus,0.008400668407997577
6,20260916_lyc_unfocus_03,unfocus,480.0,4.0,2.0,128.0,unfocus,unfocus,0.10193483037118894
6,20260916_lyc_unfocus_03,unfocus,482.0,4.0,2.0,128.0,unfocus,unfocus,0.1862319965048888
6,20260916_lyc_unfocus_03,unfocus,484.0,4.0,2.0,128.0,unfocus,unfocus,0.43932851580261334
6,20260916_lyc_unfocus_03,unfocus,486.0,4.0,2.0,128.0,unfocus,unfocus,0.14505368652589695
6,20260916_lyc_unfocus_03,unfocus,488.0,4.0,2.0,128.0,unfocus,unfocus,0.011262436377079833
6,20260916_lyc_unfocus_03,unfocus,490.0,4.0,2.0,128.0,unfocus,unfocus,0.004773065605453445
6,20260916_lyc_unfocus_03,unfocus,492.0,4.0,2.0,128.0,unfocus,unfocus,0.021092605911541926
6,20260916_lyc_unfocus_03,unfocus,494.0,4.0,2.0,128.0,unfocus,unfocus,0.04494046092531681
6,20260916_lyc_unfocus_03,unfocus,496.0,4.0,2.0,128.0,unfocus,unfocus,0.43707812361282616
6,20260916_lyc_unfocus_03,unfocus,498.0,4.0,2.0,128.0,unfocus,unfocus,0.15404104844173153
6,20260916_lyc_unfocus_03,unfocus,500.0,4.0,2.0,128.0,unfocus,unfocus,0.39445782613369385
6,20260916_lyc_unfocus_03,unfocus,502.0,4.0,2.0,128.0,unfocus,unfocus,0.09515516222910313
6,20260916_lyc_unfocus_03,unfocus,504.0,4.0,2.0,128.0,unfocus,unfocus,9.535271205919314e-06
6,20260916_lyc_unfocus_03,unfocus,506.0,4.0,2.0,128.0,unfocus,unfocus,0.0438098678324049
6,20260916_lyc_unfocus_03,unfocus,508.0,4.0,2.0,128.0,unfocus,unfocus,0.3621228761740698
6,20260916_lyc_unfocus_03,unfocus,510.0,4.0,2.0,128.0,unfocus,focus,0.6711324662033454
6,20260916_lyc_unfocus_03,unfocus,512.0,4.0,2.0,128.0,unfocus,unfocus,0.15722095612087403
6,20260916_lyc_unfocus_03,unfocus,514.0,4.0,2.0,128.0,unfocus,unfocus,0.18765257542353148
6,20260916_lyc_unfocus_03,unfocus,516.0,4.0,2.0,128.0,unfocus,unfocus,0.003965761220375254
6,20260916_lyc_unfocus_03,unfocus,518.0,4.0,2.0,128.0,unfocus,unfocus,0.009921764612657683
6,20260916_lyc_unfocus_03,unfocus,520.0,4.0,2.0,128.0,unfocus,unfocus,0.002814667828298065
6,20260916_lyc_unfocus_03,unfocus,522.0,4.0,2.0,128.0,unfocus,unfocus,1.559684207437048e-05
6,20260916_lyc_unfocus_03,unfocus,524.0,4.0,2.0,128.0,unfocus,unfocus,0.005515312485220891
6,20260916_lyc_unfocus_03,unfocus,526.0,4.0,2.0,128.0,unfocus,unfocus,0.029949736187777003
6,20260916_lyc_unfocus_03,unfocus,528.0,4.0,2.0,128.0,unfocus,unfocus,0.07230804961917499
6,20260916_lyc_unfocus_03,unfocus,530.0,4.0,2.0,128.0,unfocus,unfocus,0.017690347971638383
6,20260916_lyc_unfocus_03,unfocus,532.0,4.0,2.0,128.0,unfocus,unfocus,0.010207276052338465
6,20260916_lyc_unfocus_03,unfocus,534.0,4.0,2.0,128.0,unfocus,unfocus,0.016032735861683862
6,20260916_lyc_unfocus_03,unfocus,536.0,4.0,2.0,128.0,unfocus,unfocus,0.0043361525633908195
6,20260916_lyc_unfocus_03,unfocus,538.0,4.0,2.0,128.0,unfocus,unfocus,0.005194148364829451
6,20260916_lyc_unfocus_03,unfocus,540.0,4.0,2.0,128.0,unfocus,unfocus,0.006253295609455635
6,20260916_lyc_unfocus_03,unfocus,542.0,4.0,2.0,128.0,unfocus,unfocus,0.042943228785967166
6,20260916_lyc_unfocus_03,unfocus,544.0,4.0,2.0,128.0,unfocus,unfocus,0.014479180532225595
6,20260916_lyc_unfocus_03,unfocus,546.0,4.0,2.0,128.0,unfocus,unfocus,0.02388776343755687
6,20260916_lyc_unfocus_03,unfocus,548.0,4.0,2.0,128.0,unfocus,unfocus,0.03081537989216561
6,20260916_lyc_unfocus_03,unfocus,550.0,4.0,2.0,128.0,unfocus,unfocus,0.03922947854859363
6,20260916_lyc_unfocus_03,unfocus,552.0,4.0,2.0,128.0,unfocus,unfocus,0.055573126106793866
6,20260916_lyc_unfocus_03,unfocus,554.0,4.0,2.0,128.0,unfocus,unfocus,0.022288985409422937
6,20260916_lyc_unfocus_03,unfocus,556.0,4.0,2.0,128.0,unfocus,unfocus,0.01488028103320238
6,20260916_lyc_unfocus_03,unfocus,558.0,4.0,2.0,128.0,unfocus,unfocus,0.01211235851842962
6,20260916_lyc_unfocus_03,unfocus,560.0,4.0,2.0,128.0,unfocus,unfocus,0.0028632608898156915
6,20260916_lyc_unfocus_03,unfocus,562.0,4.0,2.0,128.0,unfocus,unfocus,1.1204286654298158e-05
6,20260916_lyc_unfocus_03,unfocus,564.0,4.0,2.0,128.0,unfocus,unfocus,0.019579783226587547
6,20260916_lyc_unfocus_03,unfocus,566.0,4.0,2.0,128.0,unfocus,unfocus,0.02715240659548056
6,20260916_lyc_unfocus_03,unfocus,568.0,4.0,2.0,128.0,unfocus,unfocus,0.034146650013297156
6,20260916_lyc_unfocus_03,unfocus,570.0,4.0,2.0,128.0,unfocus,unfocus,0.036578975229570584
6,20260916_lyc_unfocus_03,unfocus,572.0,4.0,2.0,128.0,unfocus,unfocus,0.017916751063520375
6,20260916_lyc_unfocus_03,unfocus,574.0,4.0,2.0,128.0,unfocus,unfocus,0.04996386052053383
6,20260916_lyc_unfocus_03,unfocus,576.0,4.0,2.0,128.0,unfocus,unfocus,0.11957361584113672
6,20260916_lyc_unfocus_03,unfocus,578.0,4.0,2.0,128.0,unfocus,unfocus,0.07786613061470296
6,20260916_lyc_unfocus_03,unfocus,580.0,4.0,2.0,128.0,unfocus,unfocus,0.021552719148617918
6,20260916_lyc_unfocus_03,unfocus,582.0,4.0,2.0,128.0,unfocus,unfocus,0.025882560091915387
6,20260916_lyc_unfocus_03,unfocus,584.0,4.0,2.0,128.0,unfocus,unfocus,0.055691163583888634
6,20260916_lyc_unfocus_03,unfocus,586.0,4.0,2.0,128.0,unfocus,unfocus,0.0290331663264158
6,20260916_lyc_unfocus_03,unfocus,588.0,4.0,2.0,128.0,unfocus,unfocus,0.04505147121469657
6,20260916_lyc_unfocus_03,unfocus,590.0,4.0,2.0,128.0,unfocus,unfocus,0.04108633693811023
6,20260916_lyc_unfocus_03,unfocus,592.0,4.0,2.0,128.0,unfocus,unfocus,0.08028283774992022
6,20260916_lyc_unfocus_03,unfocus,594.0,4.0,2.0,128.0,unfocus,unfocus,0.0256840959288332
6,20260916_lyc_unfocus_03,unfocus,596.0,4.0,2.0,128.0,unfocus,unfocus,0.022178921611380405
6,20260916_lyc_unfocus_03,unfocus,598.0,4.0,2.0,128.0,unfocus,unfocus,0.05316574591233089
6,20260916_lyc_unfocus_03,unfocus,600.0,4.0,2.0,128.0,unfocus,unfocus,0.06783994673711446
6,20260916_lyc_unfocus_03,unfocus,602.0,4.0,2.0,128.0,unfocus,unfocus,0.056795994366762366
6,20260916_lyc_unfocus_03,unfocus,604.0,4.0,2.0,128.0,unfocus,unfocus,0.0050700596824374364
6,20260916_lyc_unfocus_03,unfocus,606.0,4.0,2.0,128.0,unfocus,unfocus,2.0196700840195667e-06
6,20260916_lyc_unfocus_03,unfocus,608.0,4.0,2.0,128.0,unfocus,unfocus,0.01781438069086755
6,20260916_lyc_unfocus_03,unfocus,610.0,4.0,2.0,128.0,unfocus,unfocus,0.03045621124893659
6,20260916_lyc_unfocus_03,unfocus,612.0,4.0,2.0,128.0,unfocus,unfocus,0.024272160809874425
6,20260916_lyc_unfocus_03,unfocus,614.0,4.0,2.0,128.0,unfocus,unfocus,0.05990021539757849
6,20260916_lyc_unfocus_03,unfocus,616.0,4.0,2.0,128.0,unfocus,unfocus,0.02475017570725078
6,20260916_lyc_unfocus_03,unfocus,618.0,4.0,2.0,128.0,unfocus,unfocus,0.006372131418456193
6,20260916_lyc_unfocus_03,unfocus,620.0,4.0,2.0,128.0,unfocus,unfocus,0.0245612948867454
6,20260916_lyc_unfocus_03,unfocus,622.0,4.0,2.0,128.0,unfocus,unfocus,0.004591354069942932
6,20260916_lyc_unfocus_03,unfocus,624.0,4.0,2.0,128.0,unfocus,unfocus,0.008133190458401659
6,20260916_lyc_unfocus_03,unfocus,626.0,4.0,2.0,128.0,unfocus,unfocus,0.01214730305571959
6,20260916_lyc_unfocus_03,unfocus,628.0,4.0,2.0,128.0,unfocus,unfocus,0.010589836470349095
6,20260916_lyc_unfocus_03,unfocus,630.0,4.0,2.0,128.0,unfocus,unfocus,0.004669320703148813
6,20260916_lyc_unfocus_03,unfocus,632.0,4.0,2.0,128.0,unfocus,unfocus,0.027514332997012222
6,20260916_lyc_unfocus_03,unfocus,634.0,4.0,2.0,128.0,unfocus,unfocus,0.011493858560471387
6,20260916_lyc_unfocus_03,unfocus,636.0,4.0,2.0,128.0,unfocus,unfocus,0.025459929465895516
6,20260916_lyc_unfocus_03,unfocus,638.0,4.0,2.0,128.0,unfocus,unfocus,1.211945046713082e-05
6,20260916_lyc_unfocus_03,unfocus,640.0,4.0,2.0,128.0,unfocus,unfocus,1.352431146320549e-07
6,20260916_lyc_unfocus_03,unfocus,642.0,4.0,2.0,128.0,unfocus,unfocus,7.393226009599505e-06
6,20260916_lyc_unfocus_03,unfocus,644.0,4.0,2.0,128.0,unfocus,unfocus,0.01210615514568998
6,20260916_lyc_unfocus_03,unfocus,646.0,4.0,2.0,128.0,unfocus,unfocus,0.023101529230255973
6,20260916_lyc_unfocus_03,unfocus,648.0,4.0,2.0,128.0,unfocus,unfocus,0.023293932027506115
6,20260916_lyc_unfocus_03,unfocus,650.0,4.0,2.0,128.0,unfocus,unfocus,0.01689017892003642
6,20260916_lyc_unfocus_03,unfocus,652.0,4.0,2.0,128.0,unfocus,unfocus,0.015549995024330809
6,20260916_lyc_unfocus_03,unfocus,654.0,4.0,2.0,128.0,unfocus,unfocus,0.014193596351725712
6,20260916_lyc_unfocus_03,unfocus,656.0,4.0,2.0,128.0,unfocus,unfocus,0.017421885333634965
6,20260916_lyc_unfocus_03,unfocus,658.0,4.0,2.0,128.0,unfocus,unfocus,0.01831547068443341
6,20260916_lyc_unfocus_03,unfocus,660.0,4.0,2.0,128.0,unfocus,unfocus,0.012651367590163286
6,20260916_lyc_unfocus_03,unfocus,662.0,4.0,2.0,128.0,unfocus,unfocus,0.008973020316686665
6,20260916_lyc_unfocus_03,unfocus,664.0,4.0,2.0,128.0,unfocus,unfocus,0.021113097447113413
6,20260916_lyc_unfocus_03,unfocus,666.0,4.0,2.0,128.0,unfocus,unfocus,0.0049809561261805
6,20260916_lyc_unfocus_03,unfocus,668.0,4.0,2.0,128.0,unfocus,unfocus,9.229047934734403e-06
6,20260916_lyc_unfocus_03,unfocus,670.0,4.0,2.0,128.0,unfocus,unfocus,0.015217332029496345
6,20260916_lyc_unfocus_03,unfocus,672.0,4.0,2.0,128.0,unfocus,unfocus,0.0179101011550844
6,20260916_lyc_unfocus_03,unfocus,674.0,4.0,2.0,128.0,unfocus,unfocus,0.002909035617076604
